Transcript,Distance,Antibody,Max_Level,Score,Bins
Solyc01g006110.3.1,82,FUL1.sm,1.64990711837474,0.418433759207069,FUL1_100
Solyc01g007200.2.1,601,FUL1.sm,1.72179422294906,1.1479452488858,FUL1_1000
Solyc01g007890.3.1,461,FUL1.sm,1.55789156496032,0.141097172434705,FUL1_500
Solyc01g010230.2.1,21,FUL1.sm,1.637718673984,0.242950263049217,FUL1_50
Solyc01g010490.4.1,567,FUL1.sm,1.7912227155885,0.759186814689722,FUL1_1000
Solyc01g066740.3.1,288,FUL1.sm,1.81519288211245,1.27677953663571,FUL1_500
Solyc01g068250.2.1,1045,FUL1.sm,1.55254909502874,0.138866640110599,FUL1_1500
Solyc01g079170.3.1,1216,FUL1.sm,1.62655813519138,0.288225466455662,FUL1_1500
Solyc01g080870.3.1,1593,FUL1.sm,1.58956678874577,0.333803514853679,FUL1_2000
Solyc01g086870.3.1,538,FUL1.sm,2.12478863068625,5.09288148027234,FUL1_1000
Solyc01g086960.3.1,88,FUL1.sm,2.43573424636838,4.53575563205475,FUL1_100
Solyc01g087190.4.1,123,FUL1.sm,1.60087856547064,0.250832369647931,FUL1_200
Solyc01g087570.2.1,28,FUL1.sm,1.6034961421795,0.250266543701123,FUL1_50
Solyc01g087990.3.1,6,FUL1.sm,2.40719305631466,2.78586976862716,FUL1_50
Solyc01g087990.3.1,954,FUL1.sm,1.76165100463089,1.35525080209295,FUL1_1000
Solyc01g091620.3.1,94,FUL1.sm,1.92366786149905,1.01539332962845,FUL1_100
Solyc01g091630.3.1,1307,FUL1.sm,2.20832604486807,6.78111467593673,FUL1_1500
Solyc01g094480.4.1,1293,FUL1.sm,1.72404007393089,0.520351591568517,FUL1_1500
Solyc01g094480.4.1,526,FUL1.sm,1.83952556710391,1.27595159779614,FUL1_1000
Solyc01g094640.4.1,417,FUL1.sm,2.34880767727027,7.75560376707973,FUL1_500
Solyc01g094820.3.1,540,FUL1.sm,1.54858548493536,0.110055532983495,FUL1_1000
Solyc01g094910.3.1,147,FUL1.sm,1.73279383748437,0.79391644848234,FUL1_200
Solyc01g095080.3.1,97,FUL1.sm,1.59796094648064,0.141896427070694,FUL1_100
Solyc01g095190.2.1,1001,FUL1.sm,1.73913915085418,0.860230711596385,FUL1_1500
Solyc01g095630.3.1,31,FUL1.sm,1.76440090287321,1.11289919113912,FUL1_50
Solyc01g095630.3.1,794,FUL1.sm,1.77371764569397,0.914242281669548,FUL1_1000
Solyc01g095890.4.1,635,FUL1.sm,2.13592526186625,1.85961134235864,FUL1_1000
Solyc01g095895.1.1,429,FUL1.sm,2.13592526186625,1.85961134235864,FUL1_500
Solyc01g096050.4.1,673,FUL1.sm,1.58657623029369,0.161748840754118,FUL1_1000
Solyc01g096100.2.1,119,FUL1.sm,1.74649291392286,0.70190428028493,FUL1_200
Solyc01g096450.4.1,1414,FUL1.sm,1.79405741608768,1.31326579191849,FUL1_1500
Solyc01g096500.3.1,481,FUL1.sm,1.84789300984581,0.864109461247899,FUL1_500
Solyc01g096610.4.1,1170,FUL1.sm,1.60895017356953,0.573216934023302,FUL1_1500
Solyc01g097250.4.1,15,FUL1.sm,1.86532476838378,0.902438711111289,FUL1_50
Solyc01g097870.3.1,688,FUL1.sm,1.71923404173175,0.613463124339905,FUL1_1000
Solyc01g097870.3.1,1657,FUL1.sm,1.7464540848348,0.942713227845317,FUL1_2000
Solyc01g098100.2.1,1832,FUL1.sm,2.18395126849509,1.97690519557207,FUL1_2000
Solyc01g098740.4.1,545,FUL1.sm,1.8032518817725,2.31979401430245,FUL1_1000
Solyc01g099190.4.1,128,FUL1.sm,1.79710774757913,1.18884190269255,FUL1_200
Solyc01g099290.3.1,677,FUL1.sm,1.89864924964647,3.29456825768293,FUL1_1000
Solyc01g099510.2.1,414,FUL1.sm,1.75873931251525,0.788024505145087,FUL1_500
Solyc01g099520.3.1,189,FUL1.sm,1.75873931251525,0.788024505145087,FUL1_200
Solyc01g100810.3.1,143,FUL1.sm,1.74864788650236,1.10074247870989,FUL1_200
Solyc01g101260.2.1,689,FUL1.sm,1.61305618083063,0.373786839797994,FUL1_1000
Solyc01g102270.2.1,457,FUL1.sm,2.38712644473553,12.6005634754097,FUL1_500
Solyc01g102280.3.1,635,FUL1.sm,2.38712644473553,12.6005634754097,FUL1_1000
Solyc01g102310.3.1,367,FUL1.sm,1.66412903299219,0.355002637422496,FUL1_500
Solyc01g102580.3.1,317,FUL1.sm,1.69134912413048,1.31717014756545,FUL1_500
Solyc01g104030.3.1,1430,FUL1.sm,2.19186766046928,4.32635137457567,FUL1_1500
Solyc01g105280.3.1,827,FUL1.sm,2.2622603791097,6.2518660217797,FUL1_1000
Solyc01g105387.1.1,167,FUL1.sm,2.05303813316471,2.25189040860583,FUL1_200
Solyc01g105387.1.1,1362,FUL1.sm,1.70186891839417,1.50426307280636,FUL1_1500
Solyc01g105650.4.1,964,FUL1.sm,2.08200135640535,3.25069538131798,FUL1_1000
Solyc01g106280.3.1,65,FUL1.sm,1.5240400223383,0.0408324710977688,FUL1_100
Solyc01g106570.3.1,95,FUL1.sm,1.93890578537063,1.83600141942591,FUL1_100
Solyc01g107825.1.1,386,FUL1.sm,1.91580945553008,1.61132551044767,FUL1_500
Solyc01g107825.1.1,1030,FUL1.sm,1.53629259781622,0.220686335876763,FUL1_1500
Solyc01g107980.3.1,42,FUL1.sm,1.66556644835932,0.184611120447482,FUL1_50
Solyc01g107980.3.1,557,FUL1.sm,1.57359975267454,0.232178058435252,FUL1_1000
Solyc01g108020.3.1,529,FUL1.sm,1.67837100561166,0.432731873165565,FUL1_1000
Solyc01g108280.3.1,124,FUL1.sm,1.64319476029391,0.532146483497193,FUL1_200
Solyc01g108530.3.1,189,FUL1.sm,1.61470105727016,0.173967962944243,FUL1_200
Solyc01g109310.3.1,597,FUL1.sm,1.58324755425605,0.198783956327494,FUL1_1000
Solyc01g109450.3.1,1648,FUL1.sm,1.97754565323231,1.63752930702268,FUL1_2000
Solyc01g109750.2.1,1193,FUL1.sm,2.29087744406831,10.3793524750451,FUL1_1500
Solyc01g110900.1.1,1884,FUL1.sm,1.71810721373355,0.362829159430159,FUL1_2000
Solyc01g111630.3.1,1163,FUL1.sm,1.86207760124111,1.30842923883805,FUL1_1500
Solyc01g112050.3.1,604,FUL1.sm,1.75527714098549,1.50212787217205,FUL1_1000
Solyc02g021220.1.1,1553,FUL1.sm,2.07858256678109,2.0707383886877,FUL1_2000
Solyc02g031680.1.1,724,FUL1.sm,2.12107937032103,6.00589542512149,FUL1_1000
Solyc02g037500.1.1,874,FUL1.sm,1.64768733785572,0.961703406847587,FUL1_1000
Solyc02g062560.3.1,1293,FUL1.sm,2.21348041694874,2.11258555988651,FUL1_1500
Solyc02g062690.3.1,443,FUL1.sm,1.80628937811904,1.05800207015069,FUL1_500
Solyc02g063355.1.1,432,FUL1.sm,1.97173432566459,3.23828156952415,FUL1_500
Solyc02g068590.3.1,312,FUL1.sm,1.7987091160374,1.55731815210832,FUL1_500
Solyc02g069260.3.1,1481,FUL1.sm,1.65431733016235,0.486071586080369,FUL1_1500
Solyc02g069270.2.1,1128,FUL1.sm,1.73539685564536,0.766151109198617,FUL1_1500
Solyc02g069370.3.1,1285,FUL1.sm,2.57341923353616,10.4167000259812,FUL1_1500
Solyc02g069800.1.1,275,FUL1.sm,2.0561610034998,1.70058880987106,FUL1_500
Solyc02g069930.1.1,1840,FUL1.sm,1.68251102811457,0.28904618730858,FUL1_2000
Solyc02g071050.4.1,921,FUL1.sm,1.74751886810408,1.05822769259975,FUL1_1000
Solyc02g071430.3.1,1045,FUL1.sm,1.61592143952531,0.448789360639619,FUL1_1500
Solyc02g071730.4.1,356,FUL1.sm,1.6398633099173,0.378046182635554,FUL1_500
Solyc02g071780.3.1,1432,FUL1.sm,1.68269004047547,0.619009220795036,FUL1_1500
Solyc02g071910.1.1,1643,FUL1.sm,1.54055531048142,0.0903783355271184,FUL1_2000
Solyc02g072080.1.1,366,FUL1.sm,1.80483488099027,0.78037929068141,FUL1_500
Solyc02g072190.4.1,483,FUL1.sm,1.95733132936834,1.53440423358659,FUL1_500
Solyc02g076710.3.1,408,FUL1.sm,1.98197602636546,2.63409018287505,FUL1_500
Solyc02g076900.4.1,1754,FUL1.sm,1.57481735138913,0.256203461181752,FUL1_2000
Solyc02g077070.3.1,970,FUL1.sm,2.1671087025438,6.29006648172299,FUL1_1000
Solyc02g077920.4.1,216,FUL1.sm,2.08175093349734,20.138372851776,FUL1_500
Solyc02g078030.3.1,284,FUL1.sm,1.63172743652456,0.574472127871287,FUL1_500
Solyc02g078380.3.1,619,FUL1.sm,2.18532879672772,3.75011637580648,FUL1_1000
Solyc02g078400.3.1,1385,FUL1.sm,1.58934299074299,0.12012292592499,FUL1_1500
Solyc02g078410.1.1,356,FUL1.sm,1.68397646407665,0.738908379920398,FUL1_500
Solyc02g078460.3.1,1324,FUL1.sm,2.23191541609542,2.84428685485444,FUL1_1500
Solyc02g079390.4.1,1752,FUL1.sm,1.92524106610477,1.66446475624549,FUL1_2000
Solyc02g080520.4.1,1437,FUL1.sm,1.58843050577981,0.129768388814925,FUL1_1500
Solyc02g081390.3.1,199,FUL1.sm,1.98334339509266,1.40625940229021,FUL1_200
Solyc02g083400.3.1,1085,FUL1.sm,1.66325320332203,0.43393957820205,FUL1_1500
Solyc02g083835.1.1,9,FUL1.sm,1.59606344012386,0.219366635995003,FUL1_50
Solyc02g084600.4.1,330,FUL1.sm,1.86729254003857,1.39091096551941,FUL1_500
Solyc02g085140.4.1,709,FUL1.sm,1.64429033332354,0.659803652303063,FUL1_1000
Solyc02g086300.4.1,187,FUL1.sm,1.57528887442732,0.126486840326814,FUL1_200
Solyc02g086790.4.1,16,FUL1.sm,1.73992453938928,1.06978936478487,FUL1_50
Solyc02g087750.3.1,1394,FUL1.sm,1.77256308793704,0.978905399428681,FUL1_1500
Solyc02g087880.3.1,1688,FUL1.sm,1.68603568816064,0.420824967356397,FUL1_2000
Solyc02g087890.4.1,722,FUL1.sm,1.68603568816064,0.420824967356397,FUL1_1000
Solyc02g088260.3.1,782,FUL1.sm,1.93811148354748,3.99164529111791,FUL1_1000
Solyc02g088270.3.1,1271,FUL1.sm,1.93811148354748,3.99164529111791,FUL1_1500
Solyc02g088380.4.1,1726,FUL1.sm,1.79918186600345,0.575011766376026,FUL1_2000
Solyc02g088910.3.1,1374,FUL1.sm,1.79771331334621,0.675316732385673,FUL1_1500
Solyc02g089630.3.1,476,FUL1.sm,2.21716211206662,6.70846306096493,FUL1_500
Solyc02g089640.3.1,94,FUL1.sm,2.03469196597105,3.18328782208812,FUL1_100
Solyc02g089990.1.1,240,FUL1.sm,1.75230135522866,0.559779219781442,FUL1_500
Solyc02g090120.1.1,239,FUL1.sm,1.93214415814321,1.79544437705589,FUL1_500
Solyc02g090750.4.1,41,FUL1.sm,1.90693485120988,1.20263376126088,FUL1_50
Solyc02g090810.4.1,904,FUL1.sm,1.76961680800528,1.36101906167671,FUL1_1000
Solyc02g090890.4.1,1607,FUL1.sm,1.55685385770991,0.178826988970194,FUL1_2000
Solyc02g091100.3.1,122,FUL1.sm,1.73632312888543,0.584057283592632,FUL1_200
Solyc02g091930.3.1,1447,FUL1.sm,2.26476788088748,4.08917490983368,FUL1_1500
Solyc02g092140.1.1,965,FUL1.sm,1.79554532073582,1.25403182993423,FUL1_1000
Solyc02g092560.3.1,247,FUL1.sm,1.83477388069826,2.00208563803414,FUL1_500
Solyc02g092730.4.1,789,FUL1.sm,1.5193983930492,0.0310414223458331,FUL1_1000
Solyc02g092740.1.1,581,FUL1.sm,1.5193983930492,0.0310414223458331,FUL1_1000
Solyc02g092800.3.1,27,FUL1.sm,1.63242842299458,0.4555359238667,FUL1_50
Solyc02g092800.3.1,1169,FUL1.sm,1.83792695990384,1.35093825889597,FUL1_1500
Solyc02g092820.4.1,1455,FUL1.sm,2.2676945090799,5.62649566324255,FUL1_1500
Solyc02g093020.3.1,982,FUL1.sm,1.86084420935071,2.95041581725662,FUL1_1000
Solyc02g093280.2.1,1004,FUL1.sm,1.65473942623576,0.792980632306595,FUL1_1500
Solyc02g093285.1.1,675,FUL1.sm,1.65473942623576,0.792980632306595,FUL1_1000
Solyc02g093500.4.1,1486,FUL1.sm,1.59327741901728,0.494396542719585,FUL1_1500
Solyc02g093830.4.1,678,FUL1.sm,1.83619240884904,1.84072409472469,FUL1_1000
Solyc02g094190.3.1,549,FUL1.sm,1.64854381973885,0.617231616295086,FUL1_1000
Solyc03g005020.3.1,24,FUL1.sm,1.57226858388058,0.0854501807003238,FUL1_50
Solyc03g005020.3.1,534,FUL1.sm,1.71156025251661,1.0121592397106,FUL1_1000
Solyc03g006920.2.1,67,FUL1.sm,1.79254676798621,0.609756116294783,FUL1_100
Solyc03g025450.4.1,1348,FUL1.sm,1.67293919974203,0.43766132219109,FUL1_1500
Solyc03g026020.3.1,1679,FUL1.sm,1.62545560855758,0.27545789119598,FUL1_2000
Solyc03g026250.3.1,316,FUL1.sm,1.99913791961724,2.35811446439639,FUL1_500
Solyc03g080060.1.1,1555,FUL1.sm,1.6649746399271,0.350664631828295,FUL1_2000
Solyc03g082370.1.1,240,FUL1.sm,2.19204191427039,2.34114040715041,FUL1_500
Solyc03g083090.4.1,214,FUL1.sm,1.75078182085788,0.728322014788752,FUL1_500
Solyc03g096920.3.1,151,FUL1.sm,1.86385440263141,1.0602756119771,FUL1_200
Solyc03g097810.1.1,313,FUL1.sm,1.78797806689289,1.04632814819506,FUL1_500
Solyc03g098280.4.1,264,FUL1.sm,1.85407438346729,1.94075631234892,FUL1_500
Solyc03g098630.4.1,487,FUL1.sm,1.90085164138858,1.62793973898691,FUL1_500
Solyc03g098750.3.1,272,FUL1.sm,1.76782705314055,1.30651504380916,FUL1_500
Solyc03g111580.3.1,10,FUL1.sm,1.72677414072623,0.422279977742923,FUL1_50
Solyc03g111970.4.1,279,FUL1.sm,1.7986296254372,1.5038955930087,FUL1_500
Solyc03g112090.3.1,1304,FUL1.sm,1.57499469880088,0.0697287971143279,FUL1_1500
Solyc03g112300.3.1,38,FUL1.sm,2.1032640170552,3.44518591121794,FUL1_50
Solyc03g113870.1.1,860,FUL1.sm,1.78993551452665,0.610938060297993,FUL1_1000
Solyc03g114070.3.1,219,FUL1.sm,1.65203305016844,0.375279684050671,FUL1_500
Solyc03g114330.3.1,1825,FUL1.sm,1.66973556092514,0.420274637709197,FUL1_2000
Solyc03g114360.4.1,209,FUL1.sm,2.61982249824811,7.77568888828588,FUL1_500
Solyc03g114730.3.1,37,FUL1.sm,2.02439641243985,2.96318929942887,FUL1_50
Solyc03g114830.3.1,7,FUL1.sm,1.84987946589982,0.924963223878351,FUL1_50
Solyc03g114910.4.1,131,FUL1.sm,1.69118144202474,0.432020510589112,FUL1_200
Solyc03g115500.3.1,527,FUL1.sm,1.67874193665462,0.770683768330624,FUL1_1000
Solyc03g115665.1.1,649,FUL1.sm,1.75641225424752,0.703778289740598,FUL1_1000
Solyc03g115770.3.1,212,FUL1.sm,2.08989605210414,2.20026046442477,FUL1_500
Solyc03g116530.3.1,106,FUL1.sm,1.73773435615576,1.01092946254852,FUL1_200
Solyc03g116870.3.1,1472,FUL1.sm,1.73826049688819,2.33685720754792,FUL1_1500
Solyc03g117020.4.1,812,FUL1.sm,2.19958108002358,3.09148298867873,FUL1_1000
Solyc03g117290.1.1,683,FUL1.sm,1.56420233932856,0.199434345327598,FUL1_1000
Solyc03g117870.3.1,107,FUL1.sm,2.04668732503524,2.42404830808111,FUL1_200
Solyc03g118060.3.1,1323,FUL1.sm,2.2134274727998,3.12817635764008,FUL1_1500
Solyc03g118810.1.1,1204,FUL1.sm,1.60357967112255,0.367168707013056,FUL1_1500
Solyc03g119290.3.1,778,FUL1.sm,1.84682154082842,1.75562828754937,FUL1_1000
Solyc03g120450.4.1,1217,FUL1.sm,1.98759080212578,1.85317290747763,FUL1_1500
Solyc03g120470.4.1,574,FUL1.sm,1.61223719498831,0.305423989047791,FUL1_1000
Solyc03g120500.4.1,1440,FUL1.sm,2.22816761794671,5.3097967413995,FUL1_1500
Solyc03g120700.3.1,944,FUL1.sm,1.93279342494784,1.28056401193229,FUL1_1000
Solyc03g121050.3.1,15,FUL1.sm,1.85825016934339,2.19202739861221,FUL1_50
Solyc03g121880.4.1,1673,FUL1.sm,1.80547668701013,3.07272688507583,FUL1_2000
Solyc03g123540.3.1,1716,FUL1.sm,1.77478733469795,2.65213073046077,FUL1_2000
Solyc03g123550.1.1,175,FUL1.sm,1.77478733469795,2.65213073046077,FUL1_200
Solyc04g005020.3.1,366,FUL1.sm,1.88293627877948,2.27214360286302,FUL1_500
Solyc04g005630.3.1,0,FUL1.sm,1.89934554648776,0.867438007157105,FUL1_50
Solyc04g005750.1.1,1069,FUL1.sm,1.69634497914026,0.829901518063675,FUL1_1500
Solyc04g007210.3.1,572,FUL1.sm,1.75176109359806,1.32933155421791,FUL1_1000
Solyc04g012170.4.1,760,FUL1.sm,1.65548576026617,0.359323804742086,FUL1_1000
Solyc04g054260.4.1,258,FUL1.sm,1.90733007763226,0.890612067724629,FUL1_500
Solyc04g054380.1.1,914,FUL1.sm,1.74083332276205,0.909968872960574,FUL1_1000
Solyc04g064860.1.1,237,FUL1.sm,1.61892988401301,0.469567514145421,FUL1_500
Solyc04g072570.3.1,34,FUL1.sm,1.80002694109143,1.65953840297559,FUL1_50
Solyc04g074850.3.1,110,FUL1.sm,1.66045302220836,0.3530738314322,FUL1_200
Solyc04g077220.3.1,749,FUL1.sm,1.70475820167853,0.430803087621374,FUL1_1000
Solyc04g078840.3.1,64,FUL1.sm,2.01700911527794,1.62108987386045,FUL1_100
Solyc04g078840.3.1,578,FUL1.sm,1.89758784322625,2.22408421605577,FUL1_1000
Solyc04g079520.3.1,802,FUL1.sm,1.71204540512628,0.604848619461697,FUL1_1000
Solyc04g080240.4.1,1769,FUL1.sm,2.00325318537987,2.90123174501777,FUL1_2000
Solyc04g080790.3.1,240,FUL1.sm,1.99090753802657,3.0164668075793,FUL1_500
Solyc04g081240.2.1,704,FUL1.sm,1.63664008301452,0.420399883692991,FUL1_1000
Solyc04g081420.4.1,1113,FUL1.sm,1.65584114223723,0.448212920966908,FUL1_1500
Solyc04g081440.3.1,1379,FUL1.sm,1.72130626672332,0.832776377060084,FUL1_1500
Solyc04g082420.3.1,5,FUL1.sm,2.09028017424008,5.78534673910448,FUL1_50
Solyc04g082510.3.1,267,FUL1.sm,2.17117968075124,2.15124142802302,FUL1_500
Solyc04g082560.4.1,613,FUL1.sm,2.04216896968855,2.09335520201204,FUL1_1000
Solyc04g082580.3.1,1216,FUL1.sm,1.67084738381937,1.07502793038783,FUL1_1500
Solyc04g082600.3.1,61,FUL1.sm,1.64936023583336,0.259107377820717,FUL1_100
Solyc05g006390.1.1,1877,FUL1.sm,1.68489466662695,0.36983216481997,FUL1_2000
Solyc05g006650.3.1,638,FUL1.sm,1.57158692370513,0.173195262131399,FUL1_1000
Solyc05g006990.3.1,1914,FUL1.sm,1.67945294705352,0.354491762648168,FUL1_2000
Solyc05g007020.4.1,517,FUL1.sm,2.02683427062086,1.00426214336632,FUL1_1000
Solyc05g007060.4.1,1328,FUL1.sm,1.76995920536107,0.97504735337823,FUL1_1500
Solyc05g007660.2.1,1288,FUL1.sm,1.90547862896079,2.20981697929925,FUL1_1500
Solyc05g008190.3.1,1027,FUL1.sm,2.14362875302405,6.44128291053765,FUL1_1500
Solyc05g008250.2.1,1555,FUL1.sm,1.60382963497643,0.280201309012138,FUL1_2000
Solyc05g008580.3.1,570,FUL1.sm,1.62929731375951,0.267839834523656,FUL1_1000
Solyc05g009520.2.1,916,FUL1.sm,1.59259683773142,0.246502917277127,FUL1_1000
Solyc05g012020.4.1,1285,FUL1.sm,2.10179553765645,2.62142922750014,FUL1_1500
Solyc05g014280.4.1,147,FUL1.sm,1.86504455404843,2.36007908535506,FUL1_200
Solyc05g016060.4.1,108,FUL1.sm,1.96426774393433,1.16043866932254,FUL1_200
Solyc05g051470.3.1,1408,FUL1.sm,1.84105805008155,1.57870420077209,FUL1_1500
Solyc05g052040.1.1,1075,FUL1.sm,1.56062493923303,0.111270676261164,FUL1_1500
Solyc05g052550.1.1,149,FUL1.sm,1.77192026430299,0.601739007548048,FUL1_200
Solyc05g052550.1.1,1561,FUL1.sm,2.07092571756089,8.76469374366365,FUL1_2000
Solyc05g052560.1.1,1147,FUL1.sm,2.07092571756089,8.76469374366365,FUL1_1500
Solyc05g052570.3.1,858,FUL1.sm,2.07092571756089,8.76469374366365,FUL1_1000
Solyc05g053060.1.1,5,FUL1.sm,1.68954266128429,0.537340387935737,FUL1_50
Solyc06g005965.1.1,924,FUL1.sm,1.89830143154186,2.35575734449257,FUL1_1000
Solyc06g009290.4.1,1323,FUL1.sm,1.59267832702674,0.300711037335011,FUL1_1500
Solyc06g009380.3.1,678,FUL1.sm,1.85004552102733,2.49388583794239,FUL1_1000
Solyc06g035700.1.1,117,FUL1.sm,1.51655334404851,0.0147824695681376,FUL1_200
Solyc06g035970.3.1,873,FUL1.sm,1.62387051643331,0.190799249002776,FUL1_1000
Solyc06g051800.3.1,670,FUL1.sm,1.80639188696849,1.49210874240116,FUL1_1000
Solyc06g051930.3.1,77,FUL1.sm,1.63488202851732,0.264596316441418,FUL1_100
Solyc06g053200.3.1,314,FUL1.sm,1.61764806195915,0.390752621803186,FUL1_500
Solyc06g053940.1.1,1322,FUL1.sm,1.6997810140288,0.841243625228714,FUL1_1500
Solyc06g053950.3.1,1709,FUL1.sm,1.57263381537755,0.160820911104347,FUL1_2000
Solyc06g053960.3.1,230,FUL1.sm,1.57263381537755,0.160820911104347,FUL1_500
Solyc06g053960.3.1,730,FUL1.sm,1.87357669880694,2.45918444483369,FUL1_1000
Solyc06g053960.3.1,1479,FUL1.sm,1.69726007255268,0.422371651154204,FUL1_1500
Solyc06g060080.2.1,573,FUL1.sm,1.62051580609974,0.210769179408867,FUL1_1000
Solyc06g061020.3.1,858,FUL1.sm,1.82103396600623,1.3036556653772,FUL1_1000
Solyc06g065900.4.1,69,FUL1.sm,2.12380991591669,5.75468386683302,FUL1_100
Solyc06g066410.3.1,1827,FUL1.sm,1.83429247954015,1.03989894055514,FUL1_2000
Solyc06g066780.3.1,892,FUL1.sm,1.92343394922845,1.47029582009713,FUL1_1000
Solyc06g068490.3.1,731,FUL1.sm,1.57047998444848,0.0739614503501453,FUL1_1000
Solyc06g068500.3.1,27,FUL1.sm,2.04466640697566,2.75996637238415,FUL1_50
Solyc06g068500.3.1,1424,FUL1.sm,1.72378732077141,0.688440183147176,FUL1_1500
Solyc06g074280.2.1,1546,FUL1.sm,1.69253769313985,0.622165792865943,FUL1_2000
Solyc06g074290.1.1,1003,FUL1.sm,1.69253769313985,0.622165792865943,FUL1_1500
Solyc06g074710.1.1,681,FUL1.sm,2.448205768656,6.06840309017757,FUL1_1000
Solyc06g074710.1.1,1791,FUL1.sm,1.64896722372916,0.488541614749103,FUL1_2000
Solyc06g074740.3.1,1529,FUL1.sm,1.64588212026862,0.228379787916516,FUL1_2000
Solyc06g074950.1.1,288,FUL1.sm,1.60743630533218,0.132022936303024,FUL1_500
Solyc06g075160.3.1,801,FUL1.sm,1.61250958755794,0.184707092245917,FUL1_1000
Solyc06g075510.4.1,99,FUL1.sm,1.78520593346635,0.824330204481907,FUL1_100
Solyc06g075510.4.1,353,FUL1.sm,1.80296189264484,0.657107223037935,FUL1_500
Solyc06g076120.2.1,67,FUL1.sm,1.6972539384357,0.70343227187872,FUL1_100
Solyc06g082180.3.1,1116,FUL1.sm,1.66030353881674,0.388050832035386,FUL1_1500
Solyc06g083130.4.1,726,FUL1.sm,1.5825212113076,0.293096244312689,FUL1_1000
Solyc06g083660.4.1,357,FUL1.sm,2.06856745360141,2.52196139513431,FUL1_500
Solyc06g083890.4.1,1717,FUL1.sm,1.7084577826355,0.536994975660583,FUL1_2000
Solyc06g084290.3.1,775,FUL1.sm,1.87550024733727,1.64925234501028,FUL1_1000
Solyc07g005760.3.1,30,FUL1.sm,1.81102154183012,0.660097781910396,FUL1_50
Solyc07g005970.3.1,1479,FUL1.sm,1.64278403156617,0.485064814502712,FUL1_1500
Solyc07g005975.1.1,1215,FUL1.sm,1.64278403156617,0.485064814502712,FUL1_1500
Solyc07g006370.1.1,1668,FUL1.sm,1.76030064330849,0.89673361931542,FUL1_2000
Solyc07g006940.3.1,913,FUL1.sm,1.91587340236847,1.1088451176156,FUL1_1000
Solyc07g006950.3.1,821,FUL1.sm,1.91587340236847,1.1088451176156,FUL1_1000
Solyc07g007140.3.1,712,FUL1.sm,1.82934453768396,1.65872679673088,FUL1_1000
Solyc07g009150.3.1,69,FUL1.sm,1.594963252008,0.198229112283128,FUL1_100
Solyc07g041190.3.1,139,FUL1.sm,1.85284792639833,1.17696780218503,FUL1_200
Solyc07g042290.3.1,595,FUL1.sm,1.64515067545286,0.404164430441426,FUL1_1000
Solyc07g042390.3.1,431,FUL1.sm,1.88332379963316,2.61091502184947,FUL1_500
Solyc07g042490.1.1,113,FUL1.sm,1.64178988246075,0.293801728012918,FUL1_200
Solyc07g045150.3.1,1475,FUL1.sm,2.0181657587815,2.70491174628475,FUL1_1500
Solyc07g047800.3.1,226,FUL1.sm,1.66164122912966,0.379205038066427,FUL1_500
Solyc07g047970.4.1,1622,FUL1.sm,2.0483347777828,2.56761596934272,FUL1_2000
Solyc07g052420.3.1,1286,FUL1.sm,1.61260207819049,0.306518638654323,FUL1_1500
Solyc07g054440.3.1,576,FUL1.sm,1.65224653618927,0.538377143060224,FUL1_1000
Solyc07g054750.1.1,1739,FUL1.sm,2.11794292680536,4.30068913830688,FUL1_2000
Solyc07g054760.1.1,73,FUL1.sm,2.11794292680536,4.30068913830688,FUL1_100
Solyc07g054770.1.1,917,FUL1.sm,1.99495584038469,6.79706487404098,FUL1_1000
Solyc07g054780.1.1,1712,FUL1.sm,1.61388789630869,0.16373566509634,FUL1_2000
Solyc07g054790.1.1,120,FUL1.sm,1.61388789630869,0.16373566509634,FUL1_200
Solyc07g056520.3.1,55,FUL1.sm,1.63625019192323,0.537191335671977,FUL1_100
Solyc07g056570.1.1,275,FUL1.sm,2.01086258665916,1.79035933736874,FUL1_500
Solyc07g062750.4.1,1828,FUL1.sm,1.58468588598192,0.187528396944455,FUL1_2000
Solyc07g063520.3.1,802,FUL1.sm,1.63964838466426,0.359577287561072,FUL1_1000
Solyc07g064610.3.1,1328,FUL1.sm,2.03637920793923,2.4969234748456,FUL1_1500
Solyc07g064620.2.1,959,FUL1.sm,2.03637920793923,2.4969234748456,FUL1_1000
Solyc07g064670.3.1,832,FUL1.sm,1.69150462566388,0.506577581361208,FUL1_1000
Solyc07g065290.3.1,254,FUL1.sm,1.78056928498658,1.0532278288533,FUL1_500
Solyc07g065980.3.1,1521,FUL1.sm,1.95232746872719,3.21838038099977,FUL1_2000
Solyc07g065990.1.1,734,FUL1.sm,1.95232746872719,3.21838038099977,FUL1_1000
Solyc07g066000.3.1,49,FUL1.sm,2.0410298223901,3.66880558980584,FUL1_50
Solyc07g066160.1.1,1717,FUL1.sm,1.84803325644275,1.88333273640418,FUL1_2000
Solyc08g005760.1.1,1308,FUL1.sm,2.04439239045108,6.61509946636935,FUL1_1500
Solyc08g007790.3.1,184,FUL1.sm,1.71567439375473,0.805916388941688,FUL1_200
Solyc08g007850.1.1,1763,FUL1.sm,1.78794282388723,0.81092395867978,FUL1_2000
Solyc08g008370.3.1,72,FUL1.sm,2.29296798538532,5.16760350801438,FUL1_100
Solyc08g016430.1.1,156,FUL1.sm,1.81145515791956,0.601162973579717,FUL1_200
Solyc08g048290.4.1,1740,FUL1.sm,1.88375033150573,2.0598504407283,FUL1_2000
Solyc08g060810.3.1,123,FUL1.sm,1.55169835112757,0.123807457465569,FUL1_200
Solyc08g060810.3.1,522,FUL1.sm,1.64402964439492,0.545214879237177,FUL1_1000
Solyc08g061020.1.1,991,FUL1.sm,1.77000275617593,0.862689812075514,FUL1_1000
Solyc08g061270.1.1,279,FUL1.sm,1.80652470360156,1.029096810866,FUL1_500
Solyc08g066440.3.1,1329,FUL1.sm,1.75847846797025,0.668502356000745,FUL1_1500
Solyc08g066690.4.1,926,FUL1.sm,1.56853906834476,0.0920425459740688,FUL1_1000
Solyc08g066690.4.1,1363,FUL1.sm,1.61180989928653,0.202891074327086,FUL1_1500
Solyc08g066870.4.1,105,FUL1.sm,1.68370031186903,0.236139175539257,FUL1_200
Solyc08g067100.2.1,322,FUL1.sm,1.54623205506566,0.10740856927983,FUL1_500
Solyc08g067410.2.1,884,FUL1.sm,2.20549654195965,1.65851967347769,FUL1_1000
Solyc08g068350.3.1,16,FUL1.sm,1.76251662563413,0.862208869966089,FUL1_50
Solyc08g068450.1.1,1971,FUL1.sm,2.30655061936379,4.87990145762958,FUL1_2000
Solyc08g068640.4.1,296,FUL1.sm,1.96100152875506,1.7462361272848,FUL1_500
Solyc08g069030.4.1,1402,FUL1.sm,1.61891094738229,0.39088769711282,FUL1_1500
Solyc08g075280.4.1,1331,FUL1.sm,1.7750105537456,0.750470547743213,FUL1_1500
Solyc08g075320.4.1,1000,FUL1.sm,1.80518251335666,0.658878795047324,FUL1_1000
Solyc08g075440.4.1,1597,FUL1.sm,2.27382706839517,2.13909961696989,FUL1_2000
Solyc08g076130.3.1,72,FUL1.sm,1.65830164400371,0.883296599851388,FUL1_100
Solyc08g077060.3.1,470,FUL1.sm,1.79946727672115,5.44048505991966,FUL1_500
Solyc08g079020.3.1,629,FUL1.sm,1.65664276188011,0.385461224823439,FUL1_1000
Solyc08g079550.1.1,1641,FUL1.sm,1.677510341961,0.514893359954103,FUL1_2000
Solyc08g080040.4.1,521,FUL1.sm,2.15081785968487,3.75066026917227,FUL1_1000
Solyc08g080090.3.1,1439,FUL1.sm,1.63981998005109,0.874262778090788,FUL1_1500
Solyc08g080100.4.1,74,FUL1.sm,1.80723178710572,0.860628154534229,FUL1_100
Solyc08g080500.3.1,939,FUL1.sm,1.80070706241093,2.04375136369572,FUL1_1000
Solyc08g080960.4.1,859,FUL1.sm,1.81003961498924,1.40418476482462,FUL1_1000
Solyc08g081890.4.1,883,FUL1.sm,1.62139606066137,0.389939645307109,FUL1_1000
Solyc08g082170.4.1,420,FUL1.sm,1.70871057558692,0.719033723390879,FUL1_500
Solyc08g083040.4.1,1724,FUL1.sm,1.64278173999456,0.571275940987121,FUL1_2000
Solyc08g083050.1.1,59,FUL1.sm,1.64278173999456,0.571275940987121,FUL1_100
Solyc08g083130.4.1,862,FUL1.sm,1.56996075289251,0.152029249572564,FUL1_1000
Solyc09g005080.1.1,274,FUL1.sm,1.83629023425444,1.36048228442345,FUL1_500
Solyc09g005450.1.1,998,FUL1.sm,1.62353028447422,0.284025548293465,FUL1_1000
Solyc09g005720.3.1,1764,FUL1.sm,1.83845901593417,1.74072835844359,FUL1_2000
Solyc09g007270.3.1,1963,FUL1.sm,1.73970335926153,0.70566701611347,FUL1_2000
Solyc09g007680.4.1,1162,FUL1.sm,1.62285457479649,0.240050410347955,FUL1_1500
Solyc09g007700.3.1,1591,FUL1.sm,1.65846246839967,0.156013511793246,FUL1_2000
Solyc09g008000.3.1,722,FUL1.sm,1.73359252417942,2.01562783761051,FUL1_1000
Solyc09g010930.4.1,1388,FUL1.sm,2.06086568623425,2.74946130489996,FUL1_1500
Solyc09g013150.4.1,82,FUL1.sm,1.67042699635381,0.460123010562118,FUL1_100
Solyc09g014270.1.1,1764,FUL1.sm,1.66970546444397,0.620687332880419,FUL1_2000
Solyc09g056200.3.1,8,FUL1.sm,1.9482074453411,1.06634833098737,FUL1_50
Solyc09g061280.4.1,1561,FUL1.sm,1.63422728399265,0.469265206375869,FUL1_2000
Solyc09g064270.3.1,30,FUL1.sm,1.65790685883891,0.331891141801528,FUL1_50
Solyc09g065520.4.1,731,FUL1.sm,1.73064817152815,0.732970332735791,FUL1_1000
Solyc09g065600.3.1,408,FUL1.sm,1.5993981281864,0.263225175612765,FUL1_500
Solyc09g065600.3.1,1079,FUL1.sm,1.71348098301604,0.579421770108581,FUL1_1500
Solyc09g066440.4.1,207,FUL1.sm,1.9060653164762,1.157437091017,FUL1_500
Solyc09g074270.3.1,160,FUL1.sm,1.79309560256395,0.548339236491131,FUL1_200
Solyc09g082460.3.1,154,FUL1.sm,2.44400963993773,7.07436662436739,FUL1_200
Solyc09g090610.3.1,1253,FUL1.sm,1.54362736517024,0.154501259187242,FUL1_1500
Solyc09g090640.3.1,1083,FUL1.sm,1.77111197061647,1.16447928407121,FUL1_1500
Solyc09g090645.1.1,233,FUL1.sm,1.77111197061647,1.16447928407121,FUL1_500
Solyc09g090790.3.1,1248,FUL1.sm,1.87110429267319,1.27131075367071,FUL1_1500
Solyc09g097870.4.1,3,FUL1.sm,1.69543501036138,0.376417915688327,FUL1_50
Solyc09g098240.4.1,139,FUL1.sm,2.3241564209671,1.69904819504491,FUL1_200
Solyc10g006690.4.1,1553,FUL1.sm,1.6344024459554,0.748120341391882,FUL1_2000
Solyc10g006700.1.1,238,FUL1.sm,1.6344024459554,0.748120341391882,FUL1_500
Solyc10g006880.3.1,144,FUL1.sm,1.92356313960077,1.13501245317157,FUL1_200
Solyc10g006880.3.1,1457,FUL1.sm,2.17873897251066,4.2138592012332,FUL1_1500
Solyc10g008560.3.1,601,FUL1.sm,1.55673397615039,0.0644888880514802,FUL1_1000
Solyc10g008730.3.1,1103,FUL1.sm,1.92605532964895,0.952405917597972,FUL1_1500
Solyc10g008730.3.1,1676,FUL1.sm,1.68375413068751,0.486109020329504,FUL1_2000
Solyc10g011660.3.1,232,FUL1.sm,1.62659678232024,0.216162443929058,FUL1_500
Solyc10g017960.2.1,753,FUL1.sm,1.67796042258903,0.501082424335184,FUL1_1000
Solyc10g019090.1.1,988,FUL1.sm,1.6586115022448,0.444546910817268,FUL1_1000
Solyc10g024490.2.1,71,FUL1.sm,1.67734249554449,0.739268958403445,FUL1_100
Solyc10g050860.3.1,798,FUL1.sm,2.36682458420754,6.00228526870748,FUL1_1000
Solyc10g055720.2.1,2,FUL1.sm,1.68653140798104,0.709311089185935,FUL1_50
Solyc10g076600.2.1,1046,FUL1.sm,2.05333825082663,3.12149610202373,FUL1_1500
Solyc10g078340.2.1,566,FUL1.sm,1.89897536990277,2.76360971336533,FUL1_1000
Solyc10g078610.1.1,1085,FUL1.sm,1.64074161144429,0.517359786919503,FUL1_1500
Solyc10g079050.2.1,1520,FUL1.sm,1.85584647529893,1.98718139505378,FUL1_2000
Solyc10g079130.2.1,869,FUL1.sm,1.9651826097301,2.77628009938484,FUL1_1000
Solyc10g079370.3.1,1251,FUL1.sm,1.74684713554774,0.832711134790378,FUL1_1500
Solyc10g080020.3.1,484,FUL1.sm,1.64156135048643,0.500460783061623,FUL1_500
Solyc10g080020.3.1,1372,FUL1.sm,1.95334828973887,1.76106085004355,FUL1_1500
Solyc10g080360.1.1,1832,FUL1.sm,1.60269648960951,0.338132737932064,FUL1_2000
Solyc10g080470.1.1,1853,FUL1.sm,1.82505140275207,1.58210845393874,FUL1_2000
Solyc10g081460.2.1,388,FUL1.sm,1.84874711545477,2.01210736920283,FUL1_500
Solyc10g081530.2.1,1098,FUL1.sm,1.65456492545429,0.562184934555122,FUL1_1500
Solyc10g081650.2.1,176,FUL1.sm,1.77806405423795,0.66624328714329,FUL1_200
Solyc10g081750.1.1,1347,FUL1.sm,1.64396310721206,0.900526186979196,FUL1_1500
Solyc10g081750.1.1,1906,FUL1.sm,1.52470852211314,0.0571172938963684,FUL1_2000
Solyc10g084230.2.1,1999,FUL1.sm,1.75580316581644,0.553578718314878,FUL1_2000
Solyc10g084340.2.1,1758,FUL1.sm,1.71060624331138,0.644967720670955,FUL1_2000
Solyc10g085880.1.1,840,FUL1.sm,1.65486256411656,0.540513806687489,FUL1_1000
Solyc10g085880.1.1,420,FUL1.sm,1.96870875483138,3.90414567985724,FUL1_500
Solyc10g085890.1.1,112,FUL1.sm,1.96870875483138,3.90414567985724,FUL1_200
Solyc10g086260.3.1,1797,FUL1.sm,1.5966978128493,0.258805842630759,FUL1_2000
Solyc11g005450.3.1,688,FUL1.sm,1.8625733270809,1.0382177094326,FUL1_1000
Solyc11g007770.2.1,598,FUL1.sm,1.61126618390206,0.146634171154712,FUL1_1000
Solyc11g007770.2.1,1512,FUL1.sm,1.65978848328207,0.395244890357048,FUL1_2000
Solyc11g008350.2.1,541,FUL1.sm,1.72142311583847,0.618039386536161,FUL1_1000
Solyc11g010480.2.1,694,FUL1.sm,1.58354563320103,0.275048971631209,FUL1_1000
Solyc11g011440.1.1,1408,FUL1.sm,1.70907981346277,0.478565165277692,FUL1_1500
Solyc11g012150.3.1,69,FUL1.sm,1.58488774506438,0.150198572543044,FUL1_100
Solyc11g012850.2.1,38,FUL1.sm,1.6438248055472,0.154374544209242,FUL1_50
Solyc11g017270.2.1,0,FUL1.sm,1.79707794485565,0.909117963405283,FUL1_50
Solyc11g022460.3.1,1638,FUL1.sm,2.12912514928769,2.07259681653817,FUL1_2000
Solyc11g056650.2.1,1073,FUL1.sm,1.72185127644958,0.507812409310766,FUL1_1500
Solyc11g065490.2.1,309,FUL1.sm,1.89905166682627,1.68555447741337,FUL1_500
Solyc11g065530.1.1,1229,FUL1.sm,1.61384782417226,0.445641240357823,FUL1_1500
Solyc11g067230.2.1,20,FUL1.sm,1.66045221287618,0.274132630814762,FUL1_50
Solyc11g068440.2.1,1899,FUL1.sm,1.64140785675115,0.154035524665845,FUL1_2000
Solyc11g069430.2.1,783,FUL1.sm,1.54486899863874,0.107458850681859,FUL1_1000
Solyc11g069790.2.1,246,FUL1.sm,2.09053216776413,3.5853604796601,FUL1_500
Solyc12g006850.2.1,1312,FUL1.sm,1.80696953594772,0.672946400625413,FUL1_1500
Solyc12g006880.2.1,134,FUL1.sm,1.58292516787082,0.355062539523903,FUL1_200
Solyc12g007100.2.1,1652,FUL1.sm,1.67781434474405,0.340538014440531,FUL1_2000
Solyc12g008790.3.1,1973,FUL1.sm,1.55048179954268,0.0863037583872082,FUL1_2000
Solyc12g009050.3.1,1352,FUL1.sm,2.10191720551726,5.42850680817627,FUL1_1500
Solyc12g010310.2.1,753,FUL1.sm,2.07424853180776,3.73910718321732,FUL1_1000
Solyc12g011420.2.1,326,FUL1.sm,1.81176477060699,0.596930928123586,FUL1_500
Solyc12g017230.2.1,456,FUL1.sm,1.92028375968171,0.868751549157947,FUL1_500
Solyc12g017240.2.1,56,FUL1.sm,1.92028375968171,0.868751549157947,FUL1_100
Solyc12g039100.2.1,1553,FUL1.sm,1.53964879727245,0.0661225910650494,FUL1_2000
Solyc12g043120.2.1,213,FUL1.sm,1.69743386926487,0.56101401187747,FUL1_500
Solyc12g055770.1.1,516,FUL1.sm,1.82960059089273,1.1095979793464,FUL1_1000
Solyc12g087950.1.1,1433,FUL1.sm,1.5874862731639,0.1363312613356,FUL1_1500
Solyc12g096040.3.1,765,FUL1.sm,1.59995682857787,0.251859049543441,FUL1_1000
Solyc12g096560.2.1,1885,FUL1.sm,1.57456359469546,0.156816941768891,FUL1_2000
Solyc12g096570.1.1,633,FUL1.sm,1.57456359469546,0.156816941768891,FUL1_1000
Solyc12g098700.1.1,1318,FUL1.sm,2.14052908962893,3.98945567671341,FUL1_1500
Solyc12g099120.3.1,1772,FUL1.sm,1.99915412206747,1.24256809602563,FUL1_2000
Solyc12g099890.2.1,1632,FUL1.sm,1.97331076685738,4.91359266517448,FUL1_2000
Solyc01g005140.3.1,1085,FUL2.sm,1.53111598145946,1.10412213516233,FUL2_1500
Solyc01g005290.4.1,50,FUL2.sm,1.34675304376454,0.163628558132734,FUL2_50
Solyc01g005580.2.1,298,FUL2.sm,1.40818780633373,0.435749770638258,FUL2_500
Solyc01g005900.2.1,699,FUL2.sm,1.3939850098058,0.520732400130644,FUL2_1000
Solyc01g007200.2.1,409,FUL2.sm,1.7485862052934,6.00390325455626,FUL2_500
Solyc01g007890.3.1,489,FUL2.sm,1.65481715399385,2.39038993462817,FUL2_500
Solyc01g008560.3.1,17,FUL2.sm,1.40528284035112,0.371568486504447,FUL2_50
Solyc01g010490.4.1,521,FUL2.sm,1.71261837922341,2.16239922981611,FUL2_1000
Solyc01g065720.4.1,69,FUL2.sm,1.68549821894207,1.45381562539664,FUL2_100
Solyc01g066740.3.1,239,FUL2.sm,1.71658985529608,2.42385266334096,FUL2_500
Solyc01g067550.3.1,59,FUL2.sm,1.75985090111566,0.756070478150875,FUL2_100
Solyc01g068250.2.1,958,FUL2.sm,1.61848844861863,1.66668338579767,FUL2_1000
Solyc01g079170.3.1,938,FUL2.sm,1.62630879381312,1.75581296928916,FUL2_1000
Solyc01g079360.4.1,354,FUL2.sm,1.41792409649323,0.232571942466635,FUL2_500
Solyc01g080020.2.1,1275,FUL2.sm,1.34211804739743,0.182074107643391,FUL2_1500
Solyc01g080200.3.1,901,FUL2.sm,1.48243525376103,0.651387889230305,FUL2_1000
Solyc01g080870.3.1,1429,FUL2.sm,1.52490254492513,1.5684794566732,FUL2_1500
Solyc01g081030.4.1,51,FUL2.sm,1.50421666150283,0.796414244092295,FUL2_100
Solyc01g081540.4.1,537,FUL2.sm,1.47107698473686,0.523728661892392,FUL2_1000
Solyc01g081540.4.1,196,FUL2.sm,1.62570351651919,0.937374282845797,FUL2_200
Solyc01g086870.3.1,453,FUL2.sm,2.07900365720793,5.51661147804581,FUL2_500
Solyc01g086960.3.1,88,FUL2.sm,1.7745377978459,2.59369099859502,FUL2_100
Solyc01g087190.4.1,123,FUL2.sm,1.3536063156669,0.124478888884425,FUL2_200
Solyc01g087570.2.1,28,FUL2.sm,1.39503019057699,0.25396103906971,FUL2_50
Solyc01g087970.3.1,1249,FUL2.sm,1.40196852467939,0.374513455222852,FUL2_1500
Solyc01g087990.3.1,74,FUL2.sm,2.23024590356006,3.6468388289131,FUL2_100
Solyc01g087990.3.1,1041,FUL2.sm,1.85777972148696,4.97484992838172,FUL2_1500
Solyc01g088590.5.1,968,FUL2.sm,1.59494476605753,1.91672941798625,FUL2_1000
Solyc01g088650.4.1,723,FUL2.sm,1.46733076878938,0.655079325656969,FUL2_1000
Solyc01g090270.4.1,1012,FUL2.sm,1.62577751658765,0.539924732031059,FUL2_1500
Solyc01g090965.1.1,895,FUL2.sm,2.23528931382926,14.3886335682004,FUL2_1000
Solyc01g090980.1.1,386,FUL2.sm,2.23528931382926,14.3886335682004,FUL2_500
Solyc01g091620.3.1,94,FUL2.sm,2.01825232144376,1.95014149439438,FUL2_100
Solyc01g091630.3.1,1059,FUL2.sm,2.37145098542963,9.28647516761897,FUL2_1500
Solyc01g094290.3.1,322,FUL2.sm,1.47562968997365,0.535421694063272,FUL2_500
Solyc01g094320.3.1,478,FUL2.sm,1.59225448041533,0.666600669754738,FUL2_500
Solyc01g094480.4.1,1293,FUL2.sm,1.40547570281496,0.510236190916235,FUL2_1500
Solyc01g094480.4.1,568,FUL2.sm,1.68322359650386,1.86378635956953,FUL2_1000
Solyc01g094640.4.1,335,FUL2.sm,2.28557667079646,10.5992760080588,FUL2_500
Solyc01g094820.3.1,592,FUL2.sm,1.57680143939246,1.19474573110739,FUL2_1000
Solyc01g094910.3.1,147,FUL2.sm,1.79781602805734,1.91673503520998,FUL2_200
Solyc01g095010.4.1,115,FUL2.sm,1.38289514006156,0.530464229764336,FUL2_200
Solyc01g095080.3.1,771,FUL2.sm,1.34359233804326,0.177266413248159,FUL2_1000
Solyc01g095080.3.1,1127,FUL2.sm,1.44566095984446,0.702150714845187,FUL2_1500
Solyc01g095190.2.1,834,FUL2.sm,1.64090502527122,2.38751181207993,FUL2_1000
Solyc01g095630.3.1,386,FUL2.sm,1.69668395705522,3.26731555872125,FUL2_500
Solyc01g095890.4.1,629,FUL2.sm,1.82777626635777,2.25099555510883,FUL2_1000
Solyc01g095895.1.1,435,FUL2.sm,1.82777626635777,2.25099555510883,FUL2_500
Solyc01g096050.4.1,786,FUL2.sm,1.47372848135096,0.249549511489004,FUL2_1000
Solyc01g096100.2.1,197,FUL2.sm,1.7382088203985,2.10730056425074,FUL2_200
Solyc01g096350.3.1,791,FUL2.sm,1.61861450341138,1.80427106384311,FUL2_1000
Solyc01g096450.4.1,1374,FUL2.sm,1.886466611669,3.9560930528983,FUL2_1500
Solyc01g096500.3.1,403,FUL2.sm,1.75668535304011,2.34881908938843,FUL2_500
Solyc01g096610.4.1,932,FUL2.sm,1.4785488150615,1.02651153824623,FUL2_1000
Solyc01g096610.4.1,1530,FUL2.sm,1.35361683160722,0.170278336798459,FUL2_2000
Solyc01g096620.4.1,1703,FUL2.sm,1.35361683160722,0.170278336798459,FUL2_2000
Solyc01g097870.3.1,1220,FUL2.sm,1.71913962506933,4.10788812290189,FUL2_1500
Solyc01g098100.2.1,1750,FUL2.sm,2.05994119174732,2.49731950899425,FUL2_2000
Solyc01g098740.4.1,599,FUL2.sm,1.70309444651962,6.0709702716384,FUL2_1000
Solyc01g099040.4.1,733,FUL2.sm,1.47278804065721,0.822662077839222,FUL2_1000
Solyc01g099190.4.1,128,FUL2.sm,1.77460543302095,2.08540407139096,FUL2_200
Solyc01g099290.3.1,597,FUL2.sm,1.82642056867088,5.7715154536283,FUL2_1000
Solyc01g099510.2.1,414,FUL2.sm,1.32033975744689,0.106968063847471,FUL2_500
Solyc01g099520.3.1,189,FUL2.sm,1.32033975744689,0.106968063847471,FUL2_200
Solyc01g099710.4.1,430,FUL2.sm,1.39693304481974,0.258669438345343,FUL2_500
Solyc01g099740.4.1,297,FUL2.sm,1.47008421258756,0.409134066777325,FUL2_500
Solyc01g100460.3.1,845,FUL2.sm,1.31002075732553,0.11368350326909,FUL2_1000
Solyc01g100810.3.1,148,FUL2.sm,1.47132168799788,0.928256242482595,FUL2_200
Solyc01g102270.2.1,457,FUL2.sm,2.48640417462156,15.0214451748268,FUL2_500
Solyc01g102280.3.1,635,FUL2.sm,2.48640417462156,15.0214451748268,FUL2_1000
Solyc01g102310.3.1,318,FUL2.sm,1.49827564803908,1.0931068694175,FUL2_500
Solyc01g102580.3.1,234,FUL2.sm,1.68181344285063,2.4953895726836,FUL2_500
Solyc01g103050.3.1,1692,FUL2.sm,1.61536731593053,1.03957507418146,FUL2_2000
Solyc01g103360.4.1,893,FUL2.sm,1.40292979563415,0.465131301424009,FUL2_1000
Solyc01g103910.1.1,1682,FUL2.sm,1.52948105332565,0.674717349684181,FUL2_2000
Solyc01g104030.3.1,1430,FUL2.sm,1.91319767721372,4.5847419053624,FUL2_1500
Solyc01g104950.4.1,1507,FUL2.sm,1.50553516122017,0.786029987405701,FUL2_2000
Solyc01g105280.3.1,914,FUL2.sm,2.00849148245642,4.13442446617928,FUL2_1000
Solyc01g105387.1.1,847,FUL2.sm,1.89085236089968,5.78684280272709,FUL2_1000
Solyc01g105650.4.1,883,FUL2.sm,1.87887416532541,4.18555734413048,FUL2_1000
Solyc01g106570.3.1,181,FUL2.sm,1.70875937826237,2.9652047211222,FUL2_200
Solyc01g106970.3.1,1673,FUL2.sm,1.58556373651313,1.3300474883842,FUL2_2000
Solyc01g107980.3.1,435,FUL2.sm,1.68583442928681,2.70377550405524,FUL2_500
Solyc01g108020.3.1,655,FUL2.sm,1.41610036438073,0.556244344003636,FUL2_1000
Solyc01g108280.3.1,91,FUL2.sm,1.38902154514806,0.243825840866844,FUL2_100
Solyc01g108530.3.1,184,FUL2.sm,1.59692259305597,0.637003237721384,FUL2_200
Solyc01g109120.3.1,994,FUL2.sm,1.50107679473894,0.772407173528237,FUL2_1000
Solyc01g109310.3.1,639,FUL2.sm,1.59766879701599,1.11978465824617,FUL2_1000
Solyc01g109450.3.1,1564,FUL2.sm,1.93510793315356,2.46401017627923,FUL2_2000
Solyc01g109750.2.1,1021,FUL2.sm,2.40778596405201,16.370428239667,FUL2_1500
Solyc01g110130.3.1,158,FUL2.sm,1.91387510054219,3.02577313773045,FUL2_200
Solyc01g110160.4.1,219,FUL2.sm,1.77844960507401,1.60292317688081,FUL2_500
Solyc01g110900.1.1,1884,FUL2.sm,1.51253981924106,0.540902325575161,FUL2_2000
Solyc01g111170.3.1,984,FUL2.sm,1.42602334119917,0.320340588289302,FUL2_1000
Solyc01g111630.3.1,1163,FUL2.sm,1.85659627023737,1.98080195710479,FUL2_1500
Solyc01g112050.3.1,362,FUL2.sm,1.70085705723471,3.65394291109848,FUL2_500
Solyc02g021220.1.1,1553,FUL2.sm,1.89091483092066,2.30125392317463,FUL2_2000
Solyc02g031680.1.1,808,FUL2.sm,1.93839140855466,8.75790808951541,FUL2_1000
Solyc02g032250.1.1,1711,FUL2.sm,1.45282929091426,0.644081075571117,FUL2_2000
Solyc02g037500.1.1,799,FUL2.sm,1.61652159861242,2.55741186586269,FUL2_1000
Solyc02g062560.3.1,1448,FUL2.sm,2.13707991312915,2.70622478158908,FUL2_1500
Solyc02g062690.3.1,567,FUL2.sm,1.81515748536006,1.987198325415,FUL2_1000
Solyc02g063240.4.1,1111,FUL2.sm,1.51064068590415,0.678267789724694,FUL2_1500
Solyc02g063355.1.1,503,FUL2.sm,1.92980085921846,6.20555295418789,FUL2_1000
Solyc02g065160.2.1,125,FUL2.sm,1.46300519743358,0.42069808445101,FUL2_200
Solyc02g065670.3.1,1793,FUL2.sm,1.61071529339934,0.985692258298549,FUL2_2000
Solyc02g068590.3.1,312,FUL2.sm,1.62684625531814,1.43589498713011,FUL2_500
Solyc02g069240.1.1,1803,FUL2.sm,1.32614795869139,0.0909568943951342,FUL2_2000
Solyc02g069260.3.1,1519,FUL2.sm,1.52522358578428,1.11065456567302,FUL2_2000
Solyc02g069270.2.1,1178,FUL2.sm,1.62901929390559,1.68668056327085,FUL2_1500
Solyc02g069370.3.1,1285,FUL2.sm,2.31998850293072,8.37139861369694,FUL2_1500
Solyc02g069800.1.1,275,FUL2.sm,1.71381000755208,1.51972584796547,FUL2_500
Solyc02g069930.1.1,1872,FUL2.sm,1.34598643475851,0.118927527836043,FUL2_2000
Solyc02g071050.4.1,925,FUL2.sm,1.67727996418815,2.12241038696812,FUL2_1000
Solyc02g071180.3.1,1842,FUL2.sm,1.53846436740393,0.853566138746702,FUL2_2000
Solyc02g071430.3.1,1084,FUL2.sm,1.60781619845135,0.98267267937891,FUL2_1500
Solyc02g071520.3.1,1388,FUL2.sm,1.38550780991839,0.216179345694409,FUL2_1500
Solyc02g071730.4.1,392,FUL2.sm,1.47339138076721,0.590362477765568,FUL2_500
Solyc02g071780.3.1,1432,FUL2.sm,1.710738707841,1.17427845266571,FUL2_1500
Solyc02g071910.1.1,1592,FUL2.sm,1.81199878489333,2.56827386848143,FUL2_2000
Solyc02g072080.1.1,1554,FUL2.sm,1.5832046133255,0.585284350422112,FUL2_2000
Solyc02g072190.4.1,529,FUL2.sm,1.98051923320929,3.19841845314966,FUL2_1000
Solyc02g076710.3.1,454,FUL2.sm,1.67393425181628,1.78262073480526,FUL2_500
Solyc02g077070.3.1,851,FUL2.sm,1.90655834986431,8.91470824053328,FUL2_1000
Solyc02g077590.1.1,275,FUL2.sm,1.31689323266612,0.0916505548179884,FUL2_500
Solyc02g077920.4.1,303,FUL2.sm,2.12264937548877,24.9207560759676,FUL2_500
Solyc02g078030.3.1,284,FUL2.sm,1.4804196238364,0.998700550683749,FUL2_500
Solyc02g078380.3.1,538,FUL2.sm,2.11672549280905,5.87358202844756,FUL2_1000
Solyc02g078400.3.1,1385,FUL2.sm,1.51510556668317,0.554133006205044,FUL2_1500
Solyc02g078410.1.1,326,FUL2.sm,1.67171740107087,1.62845005107437,FUL2_500
Solyc02g078410.1.1,839,FUL2.sm,1.30142253687571,0.0378340524444596,FUL2_1000
Solyc02g078460.3.1,1366,FUL2.sm,2.29780563899758,3.91464868567259,FUL2_1500
Solyc02g078600.3.1,152,FUL2.sm,1.43028714426413,0.835887183009341,FUL2_200
Solyc02g078840.4.1,1500,FUL2.sm,1.47421393126237,0.467115464237512,FUL2_1500
Solyc02g078850.1.1,129,FUL2.sm,1.47421393126237,0.467115464237512,FUL2_200
Solyc02g079390.4.1,1635,FUL2.sm,1.82606097053842,2.69071418386273,FUL2_2000
Solyc02g079440.3.1,1077,FUL2.sm,1.44415038087444,0.759251216198241,FUL2_1500
Solyc02g079730.4.1,1951,FUL2.sm,1.5517171702656,1.60969217808321,FUL2_2000
Solyc02g081230.4.1,336,FUL2.sm,1.34522937993675,0.385803164419976,FUL2_500
Solyc02g081380.3.1,644,FUL2.sm,1.36285803383554,0.209441374935869,FUL2_1000
Solyc02g082670.3.1,5,FUL2.sm,1.42241570117373,0.378191386181321,FUL2_50
Solyc02g083270.4.1,178,FUL2.sm,1.34049710458658,0.109313339801442,FUL2_200
Solyc02g083370.1.1,1606,FUL2.sm,1.58671711329225,1.90960498570056,FUL2_2000
Solyc02g083400.3.1,1004,FUL2.sm,1.28760615492157,0.0245984249133215,FUL2_1500
Solyc02g083750.1.1,313,FUL2.sm,1.33521559872664,0.105640681304031,FUL2_500
Solyc02g083760.4.1,1330,FUL2.sm,1.75205373078324,1.83557923778055,FUL2_1500
Solyc02g083835.1.1,32,FUL2.sm,1.55736895933314,0.974317663616011,FUL2_50
Solyc02g083990.3.1,323,FUL2.sm,1.60503130122352,1.1233010875869,FUL2_500
Solyc02g084370.2.1,192,FUL2.sm,1.62180011400242,1.06330639073747,FUL2_200
Solyc02g084600.4.1,393,FUL2.sm,1.93282372442832,4.12646520323082,FUL2_500
Solyc02g084670.4.1,684,FUL2.sm,1.48801603780924,0.38635697677368,FUL2_1000
Solyc02g084740.4.1,372,FUL2.sm,1.58886483105106,1.54592479340192,FUL2_500
Solyc02g084850.3.1,1391,FUL2.sm,1.57892816015497,0.830664029944607,FUL2_1500
Solyc02g085030.4.1,466,FUL2.sm,1.38491019060621,0.403443005050541,FUL2_500
Solyc02g085140.4.1,740,FUL2.sm,1.31555550750947,0.0470656782050654,FUL2_1000
Solyc02g085340.1.1,1445,FUL2.sm,1.6557578374205,1.81397087207122,FUL2_1500
Solyc02g085740.4.1,626,FUL2.sm,1.4791038596755,1.075288729687,FUL2_1000
Solyc02g085740.4.1,1530,FUL2.sm,1.67346404872061,1.27164304744052,FUL2_2000
Solyc02g086300.4.1,231,FUL2.sm,1.37985494818851,0.179183987828321,FUL2_500
Solyc02g086970.4.1,231,FUL2.sm,1.61936431289879,0.790092134361766,FUL2_500
Solyc02g087750.3.1,1506,FUL2.sm,1.75135719457307,2.53547327035966,FUL2_2000
Solyc02g087880.3.1,1685,FUL2.sm,1.59530253423672,1.68758911884131,FUL2_2000
Solyc02g087890.4.1,719,FUL2.sm,1.59530253423672,1.68758911884131,FUL2_1000
Solyc02g088080.2.1,526,FUL2.sm,1.49984676732415,0.534765406093458,FUL2_1000
Solyc02g088080.2.1,1690,FUL2.sm,1.49799337357377,0.927428753007664,FUL2_2000
Solyc02g088380.4.1,1643,FUL2.sm,1.84073595889063,1.78420190995104,FUL2_2000
Solyc02g088910.3.1,1342,FUL2.sm,1.71923673281717,1.05904465429789,FUL2_1500
Solyc02g089630.3.1,515,FUL2.sm,2.31853870634895,9.42817530247532,FUL2_1000
Solyc02g089640.3.1,94,FUL2.sm,1.71304444663689,2.34880131048802,FUL2_100
Solyc02g089840.3.1,695,FUL2.sm,1.33224053873987,0.206687707527045,FUL2_1000
Solyc02g089990.1.1,240,FUL2.sm,1.4896167779692,0.401981522939867,FUL2_500
Solyc02g090120.1.1,239,FUL2.sm,1.64316576564367,1.77396649172206,FUL2_500
Solyc02g090350.4.1,340,FUL2.sm,1.72533835533348,0.749698502040644,FUL2_500
Solyc02g090350.4.1,1607,FUL2.sm,1.48660629788366,0.963490396198475,FUL2_2000
Solyc02g090750.4.1,0,FUL2.sm,1.63068639171733,0.5843385445074,FUL2_50
Solyc02g090810.4.1,904,FUL2.sm,1.73482544449473,2.77308917103189,FUL2_1000
Solyc02g090890.4.1,1367,FUL2.sm,1.46417158128782,0.902836497861275,FUL2_1500
Solyc02g091100.3.1,122,FUL2.sm,1.70133120391542,0.955193009879803,FUL2_200
Solyc02g091930.3.1,1409,FUL2.sm,2.2822096066986,5.32077675411836,FUL2_1500
Solyc02g091970.4.1,1519,FUL2.sm,1.70119420532433,1.25930258142408,FUL2_2000
Solyc02g092140.1.1,1078,FUL2.sm,1.75245948834506,4.20147577590621,FUL2_1500
Solyc02g092560.3.1,247,FUL2.sm,1.78111690038721,3.53760656381063,FUL2_500
Solyc02g092730.4.1,783,FUL2.sm,1.42349228502573,1.54950176722917,FUL2_1000
Solyc02g092740.1.1,575,FUL2.sm,1.42349228502573,1.54950176722917,FUL2_1000
Solyc02g092800.3.1,1136,FUL2.sm,1.58403547240068,1.5510910874214,FUL2_1500
Solyc02g092820.4.1,1455,FUL2.sm,2.00097439384499,5.23435438732959,FUL2_1500
Solyc02g093020.3.1,892,FUL2.sm,1.73248944639766,6.07165181974117,FUL2_1000
Solyc02g093280.2.1,996,FUL2.sm,1.56320910798668,0.873608116057035,FUL2_1000
Solyc02g093285.1.1,667,FUL2.sm,1.56320910798668,0.873608116057035,FUL2_1000
Solyc02g093830.4.1,634,FUL2.sm,1.79018439795318,3.52783938043191,FUL2_1000
Solyc02g094170.3.1,1114,FUL2.sm,1.47180528135617,1.80181374232745,FUL2_1500
Solyc02g094190.3.1,629,FUL2.sm,1.56925268631299,1.54839051827842,FUL2_1000
Solyc03g005020.3.1,419,FUL2.sm,1.83954639083527,3.96280163689332,FUL2_500
Solyc03g006920.2.1,152,FUL2.sm,1.84831492184076,1.87056103211403,FUL2_200
Solyc03g007430.3.1,228,FUL2.sm,1.48876061533527,0.468352356278077,FUL2_500
Solyc03g025250.4.1,752,FUL2.sm,1.31249285550004,0.079545284430445,FUL2_1000
Solyc03g025450.4.1,1276,FUL2.sm,1.58119919154202,1.61962004470537,FUL2_1500
Solyc03g026080.3.1,1578,FUL2.sm,1.34321779656105,0.195356776335824,FUL2_2000
Solyc03g026250.3.1,349,FUL2.sm,1.9618395393638,3.47529426577492,FUL2_500
Solyc03g031890.3.1,178,FUL2.sm,1.43907724982135,0.71951959676413,FUL2_200
Solyc03g031890.3.1,898,FUL2.sm,1.3985703120848,0.315838979612248,FUL2_1000
Solyc03g031920.3.1,167,FUL2.sm,1.56848492208015,1.38878227363437,FUL2_200
Solyc03g031980.4.1,1240,FUL2.sm,1.54934879726902,1.18467622387923,FUL2_1500
Solyc03g032020.4.1,1806,FUL2.sm,1.32217601972967,0.107856155406845,FUL2_2000
Solyc03g034070.1.1,640,FUL2.sm,1.80675065503881,2.77406367942073,FUL2_1000
Solyc03g058150.1.1,159,FUL2.sm,1.43838033689891,0.340178561787036,FUL2_200
Solyc03g058805.1.1,760,FUL2.sm,1.46086831011625,0.42177907712948,FUL2_1000
Solyc03g063090.1.1,957,FUL2.sm,1.65653492861254,0.89784510648208,FUL2_1000
Solyc03g065250.4.1,760,FUL2.sm,1.49340508521412,0.477888275189738,FUL2_1000
Solyc03g082370.1.1,277,FUL2.sm,1.41782080170795,0.575740579337127,FUL2_500
Solyc03g082390.3.1,914,FUL2.sm,1.65642778797906,1.48260992779761,FUL2_1000
Solyc03g082520.1.1,1877,FUL2.sm,1.53590865865137,0.460705171058269,FUL2_2000
Solyc03g082620.4.1,349,FUL2.sm,1.52816732180595,0.986864409618395,FUL2_500
Solyc03g083090.4.1,169,FUL2.sm,1.64698666235083,1.42049496193025,FUL2_200
Solyc03g083100.3.1,1528,FUL2.sm,1.56730307569075,0.603132547855997,FUL2_2000
Solyc03g083430.3.1,1042,FUL2.sm,1.32700858501725,0.0744623097391415,FUL2_1500
Solyc03g096920.3.1,151,FUL2.sm,1.9158078508473,1.90314351799299,FUL2_200
Solyc03g096920.3.1,332,FUL2.sm,1.3952422811356,0.184752557962995,FUL2_500
Solyc03g096950.4.1,77,FUL2.sm,1.46596890756855,0.597398511065597,FUL2_100
Solyc03g097700.3.1,1218,FUL2.sm,1.32771169261713,0.0679677681126734,FUL2_1500
Solyc03g097810.1.1,362,FUL2.sm,1.7466298649966,2.561562582904,FUL2_500
Solyc03g097930.3.1,582,FUL2.sm,1.43261670822013,0.440371725319505,FUL2_1000
Solyc03g098280.4.1,222,FUL2.sm,1.6616663686659,2.68997364902807,FUL2_500
Solyc03g098320.4.1,38,FUL2.sm,1.39557145984535,0.308501867195375,FUL2_50
Solyc03g098630.4.1,607,FUL2.sm,1.58793326798448,1.40163576597628,FUL2_1000
Solyc03g098750.3.1,275,FUL2.sm,1.46060000919328,0.399450652698352,FUL2_500
Solyc03g019960.3.1,773,FUL2.sm,1.32556698433406,0.145361049682759,FUL2_1000
Solyc03g019870.4.1,332,FUL2.sm,1.39081521947986,0.353220541961793,FUL2_500
Solyc03g111580.3.1,10,FUL2.sm,1.41323517105887,0.272615850535264,FUL2_50
Solyc03g111970.4.1,450,FUL2.sm,1.55997023784349,1.60719674546792,FUL2_500
Solyc03g112090.3.1,1304,FUL2.sm,1.32351388711472,0.0677804922466727,FUL2_1500
Solyc03g112300.3.1,38,FUL2.sm,1.46126382830324,0.930185773537978,FUL2_50
Solyc03g112840.2.1,1628,FUL2.sm,1.62509232258718,1.73048385058548,FUL2_2000
Solyc03g113130.3.1,607,FUL2.sm,1.34531138732711,0.18575689433888,FUL2_1000
Solyc03g113430.3.1,1609,FUL2.sm,1.37694175508504,0.196746338472074,FUL2_2000
Solyc03g113710.4.1,1143,FUL2.sm,1.62770358930638,2.36982940440573,FUL2_1500
Solyc03g113870.1.1,930,FUL2.sm,1.83937662001615,2.3418833799848,FUL2_1000
Solyc03g114030.3.1,1139,FUL2.sm,1.39952680473495,0.268110459479235,FUL2_1500
Solyc03g114070.3.1,156,FUL2.sm,1.62476776716789,1.28232140534357,FUL2_200
Solyc03g114090.1.1,1583,FUL2.sm,1.51434605368148,1.26682582935602,FUL2_2000
Solyc03g114330.3.1,1752,FUL2.sm,1.4983135150596,1.15127627899515,FUL2_2000
Solyc03g114360.4.1,282,FUL2.sm,2.17515442085496,6.49694917935878,FUL2_500
Solyc03g114730.3.1,37,FUL2.sm,1.98108364252704,5.25481549735338,FUL2_50
Solyc03g114830.3.1,34,FUL2.sm,1.57760980217572,0.753943294065213,FUL2_50
Solyc03g115500.3.1,481,FUL2.sm,1.58976258727843,2.15573886218021,FUL2_500
Solyc03g115665.1.1,605,FUL2.sm,1.6754805669493,2.03532701217166,FUL2_1000
Solyc03g115770.3.1,253,FUL2.sm,1.7118932808666,1.82874303639417,FUL2_500
Solyc03g115890.3.1,1801,FUL2.sm,1.31133678297284,0.0977480571026099,FUL2_2000
Solyc03g116460.4.1,1667,FUL2.sm,1.47371888905803,0.431184925095435,FUL2_2000
Solyc03g116470.2.1,50,FUL2.sm,1.47371888905803,0.431184925095435,FUL2_50
Solyc03g116530.3.1,222,FUL2.sm,1.69725229643354,2.84464628960059,FUL2_500
Solyc03g116580.4.1,1835,FUL2.sm,1.31576436302854,0.109790049412743,FUL2_2000
Solyc03g116590.3.1,1758,FUL2.sm,1.31576436302854,0.109790049412743,FUL2_2000
Solyc03g116620.3.1,925,FUL2.sm,1.48913911923166,0.634723069427556,FUL2_1000
Solyc03g116625.1.1,220,FUL2.sm,1.48913911923166,0.634723069427556,FUL2_500
Solyc03g116750.3.1,113,FUL2.sm,1.34007501684735,0.126380213073606,FUL2_200
Solyc03g116870.3.1,1437,FUL2.sm,1.70416422623444,6.36196227894975,FUL2_1500
Solyc03g117020.4.1,808,FUL2.sm,1.94837588098527,4.28844772269084,FUL2_1000
Solyc03g117290.1.1,694,FUL2.sm,1.65293492632227,2.01144970038519,FUL2_1000
Solyc03g117580.3.1,1447,FUL2.sm,1.35796475127057,0.143013752024899,FUL2_1500
Solyc03g117590.3.1,263,FUL2.sm,1.35796475127057,0.143013752024899,FUL2_500
Solyc03g117810.4.1,515,FUL2.sm,1.2911840691927,0.0390295640389127,FUL2_1000
Solyc03g117810.4.1,1188,FUL2.sm,1.45895840858783,0.945645097502094,FUL2_1500
Solyc03g117870.3.1,107,FUL2.sm,1.93357219916087,2.87404892735375,FUL2_200
Solyc03g117950.3.1,117,FUL2.sm,1.33250232595844,0.139641697976231,FUL2_200
Solyc03g117950.3.1,1293,FUL2.sm,1.43568850606345,0.40998921274908,FUL2_1500
Solyc03g118060.3.1,1323,FUL2.sm,1.91982175169283,3.41483466190733,FUL2_1500
Solyc03g118080.4.1,925,FUL2.sm,1.43459182116539,0.384351612519332,FUL2_1000
Solyc03g118450.1.1,1660,FUL2.sm,1.87489905286963,3.55897917792126,FUL2_2000
Solyc03g118800.3.1,522,FUL2.sm,1.57430684057573,1.87496648453466,FUL2_1000
Solyc03g118810.1.1,1432,FUL2.sm,1.68626991239521,3.23831864043325,FUL2_1500
Solyc03g119040.3.1,4,FUL2.sm,1.37898704869836,0.284612334368235,FUL2_50
Solyc03g119290.3.1,691,FUL2.sm,1.82251770321638,4.39832214006599,FUL2_1000
Solyc03g119370.2.1,1477,FUL2.sm,1.33826463832057,0.103792000045059,FUL2_1500
Solyc03g119430.4.1,630,FUL2.sm,1.47758702932656,0.393795228165283,FUL2_1000
Solyc03g120450.4.1,1221,FUL2.sm,1.88793634555861,2.91627178165589,FUL2_1500
Solyc03g120470.4.1,24,FUL2.sm,1.57726901839742,0.458844468145935,FUL2_50
Solyc03g120470.4.1,574,FUL2.sm,1.37261431287476,0.196012115282336,FUL2_1000
Solyc03g120500.4.1,1440,FUL2.sm,2.02773907819175,5.13678716023592,FUL2_1500
Solyc03g120700.3.1,908,FUL2.sm,1.54947951006656,0.884239006312621,FUL2_1000
Solyc03g120760.4.1,43,FUL2.sm,1.36274142194129,0.198913015858711,FUL2_50
Solyc03g121050.3.1,15,FUL2.sm,1.59589104761138,1.33369596813332,FUL2_50
Solyc03g121880.4.1,923,FUL2.sm,1.45906471490872,0.28115634387364,FUL2_1000
Solyc03g121880.4.1,1871,FUL2.sm,1.6663102157938,3.6169046301616,FUL2_2000
Solyc03g123540.3.1,1829,FUL2.sm,1.48878045242309,2.13422929223404,FUL2_2000
Solyc03g123550.1.1,288,FUL2.sm,1.48878045242309,2.13422929223404,FUL2_500
Solyc04g005020.3.1,402,FUL2.sm,1.72787464009355,2.61452819851497,FUL2_500
Solyc04g005630.3.1,5,FUL2.sm,1.46593952951335,0.375669166048858,FUL2_50
Solyc04g005750.1.1,1026,FUL2.sm,1.56440582171259,1.41772861319905,FUL2_1500
Solyc04g007120.4.1,1118,FUL2.sm,1.36179663431927,0.186440092076868,FUL2_1500
Solyc04g007210.3.1,24,FUL2.sm,1.4487944218871,0.385228055082321,FUL2_50
Solyc04g007210.3.1,690,FUL2.sm,1.70879701014011,3.46370412713591,FUL2_1000
Solyc04g007500.1.1,598,FUL2.sm,1.43370973016571,0.365052302991867,FUL2_1000
Solyc04g007530.3.1,894,FUL2.sm,1.80134948015413,2.51920667614131,FUL2_1000
Solyc04g007720.3.1,115,FUL2.sm,1.37030005357282,0.296218134980013,FUL2_200
Solyc04g009810.3.1,1371,FUL2.sm,1.59112611465219,2.31432031890979,FUL2_1500
Solyc04g010285.1.1,428,FUL2.sm,1.50379935596984,0.813857975307037,FUL2_500
Solyc04g014850.3.1,1118,FUL2.sm,1.42727352850538,0.292677554250272,FUL2_1500
Solyc04g040200.3.1,399,FUL2.sm,1.38896784577467,0.394869416469387,FUL2_500
Solyc04g051680.4.1,872,FUL2.sm,1.50378597228941,0.474322856859718,FUL2_1000
Solyc04g053120.3.1,941,FUL2.sm,1.37617546802376,0.188694906521491,FUL2_1000
Solyc04g054260.4.1,292,FUL2.sm,1.87354730977175,1.19288577595512,FUL2_500
Solyc04g054370.1.1,352,FUL2.sm,1.56685329673961,0.700048048364721,FUL2_500
Solyc04g054380.1.1,998,FUL2.sm,1.94108877850744,3.15303267394516,FUL2_1000
Solyc04g054410.3.1,228,FUL2.sm,1.53007720025057,1.20219460930377,FUL2_500
Solyc04g054890.3.1,235,FUL2.sm,1.35202099201801,0.16045602488617,FUL2_500
Solyc04g064690.4.1,565,FUL2.sm,1.50584680548156,0.54996845832185,FUL2_1000
Solyc04g064860.1.1,237,FUL2.sm,1.68297032717017,1.86959042589921,FUL2_500
Solyc04g071295.1.1,1624,FUL2.sm,1.50037410466376,0.870555401771014,FUL2_2000
Solyc04g072570.3.1,16,FUL2.sm,1.86752773013447,2.91001832843385,FUL2_50
Solyc04g073940.4.1,1752,FUL2.sm,1.46857181416921,0.959530858133377,FUL2_2000
Solyc04g074850.3.1,110,FUL2.sm,1.49835409265788,0.581495581577091,FUL2_200
Solyc04g077220.3.1,463,FUL2.sm,1.57775042137258,2.10134034745004,FUL2_500
Solyc04g078050.3.1,609,FUL2.sm,1.35819358240258,0.244380181057021,FUL2_1000
Solyc04g078840.3.1,111,FUL2.sm,1.59240392579922,1.71162474751582,FUL2_200
Solyc04g078840.3.1,974,FUL2.sm,1.58565250453449,3.76922776961678,FUL2_1000
Solyc04g079140.3.1,1184,FUL2.sm,1.43030833201661,0.527365415374891,FUL2_1500
Solyc04g079180.3.1,1011,FUL2.sm,1.46603058706976,1.63825849318605,FUL2_1500
Solyc04g079180.3.1,1738,FUL2.sm,1.30254109727977,0.0440471121557433,FUL2_2000
Solyc04g079190.4.1,797,FUL2.sm,1.30254109727977,0.0440471121557433,FUL2_1000
Solyc04g079520.3.1,768,FUL2.sm,1.79955480762441,1.87988236633618,FUL2_1000
Solyc04g079940.3.1,516,FUL2.sm,1.39723875305276,0.371769431797382,FUL2_1000
Solyc04g080240.4.1,1769,FUL2.sm,1.82215861882344,2.85649192491882,FUL2_2000
Solyc04g080530.3.1,352,FUL2.sm,1.53292381015642,0.517002251408293,FUL2_500
Solyc04g080530.3.1,1519,FUL2.sm,1.33707871602688,0.130815205027906,FUL2_2000
Solyc04g080790.3.1,240,FUL2.sm,1.80172351315982,3.89351903776827,FUL2_500
Solyc04g081240.2.1,704,FUL2.sm,1.89955032776067,1.23739364906241,FUL2_1000
Solyc04g081420.4.1,873,FUL2.sm,1.56643924532051,1.11205615595605,FUL2_1000
Solyc04g081440.3.1,1338,FUL2.sm,1.43872227982934,0.399045507278474,FUL2_1500
Solyc04g081970.3.1,1655,FUL2.sm,1.46349252494373,0.678741382702949,FUL2_2000
Solyc04g082020.3.1,372,FUL2.sm,1.51013002149655,0.457863989179547,FUL2_500
Solyc04g082200.2.1,650,FUL2.sm,1.29867235376155,0.0517370267357258,FUL2_1000
Solyc04g082200.2.1,1322,FUL2.sm,1.45711285636365,0.526629315768137,FUL2_1500
Solyc04g082420.3.1,37,FUL2.sm,2.08452185647911,8.06514378645827,FUL2_50
Solyc04g082510.3.1,267,FUL2.sm,2.25010247264284,3.46481289893322,FUL2_500
Solyc04g082560.4.1,652,FUL2.sm,1.9835044749359,3.41709778345254,FUL2_1000
Solyc04g082580.3.1,1323,FUL2.sm,1.64127709951739,4.21543020642352,FUL2_1500
Solyc05g005240.2.1,1762,FUL2.sm,1.35618530901356,0.351202060116254,FUL2_2000
Solyc05g005700.4.1,881,FUL2.sm,1.62399881465315,1.93768136933386,FUL2_1000
Solyc05g006650.3.1,638,FUL2.sm,1.56168427650871,0.701817359700973,FUL2_1000
Solyc05g006650.3.1,1194,FUL2.sm,1.38624056294928,0.38613638174377,FUL2_1500
Solyc05g006960.3.1,154,FUL2.sm,1.70314075057266,3.20501707010137,FUL2_200
Solyc05g007010.3.1,1802,FUL2.sm,1.644641158883,1.53738858975099,FUL2_2000
Solyc05g007020.4.1,517,FUL2.sm,1.71607973300755,1.35608003086176,FUL2_1000
Solyc05g007060.4.1,1409,FUL2.sm,1.78532127846416,2.20848460225992,FUL2_1500
Solyc05g007060.4.1,1932,FUL2.sm,1.35782903269428,0.22615722541854,FUL2_2000
Solyc05g007230.4.1,1468,FUL2.sm,1.4861639546421,0.43457343091513,FUL2_1500
Solyc05g007660.2.1,1286,FUL2.sm,1.74412799955453,2.45020656981,FUL2_1500
Solyc05g008190.3.1,1027,FUL2.sm,1.83162606773844,6.00100074524315,FUL2_1500
Solyc05g008250.2.1,1555,FUL2.sm,1.63819930028625,0.946609310361211,FUL2_2000
Solyc05g008580.3.1,570,FUL2.sm,1.41140041965413,0.264147717856167,FUL2_1000
Solyc05g009110.2.1,1755,FUL2.sm,1.51617144534886,0.623031418172472,FUL2_2000
Solyc05g009520.2.1,949,FUL2.sm,1.41001022735543,0.381169027827905,FUL2_1000
Solyc05g009980.4.1,1223,FUL2.sm,1.42509490559141,0.559081341808,FUL2_1500
Solyc05g010685.1.1,108,FUL2.sm,2.33020530990774,9.87549608488975,FUL2_200
Solyc05g012020.4.1,1247,FUL2.sm,1.83000132272183,3.37630246646019,FUL2_1500
Solyc05g012440.4.1,120,FUL2.sm,1.4509418708725,0.535734356738963,FUL2_200
Solyc05g013570.3.1,1227,FUL2.sm,1.45317214233664,0.28191762286915,FUL2_1500
Solyc05g014280.4.1,147,FUL2.sm,1.58754309134105,2.16357737976161,FUL2_200
Solyc05g014280.4.1,911,FUL2.sm,1.35161612956734,0.221155844291268,FUL2_1000
Solyc05g015510.3.1,114,FUL2.sm,1.42541180877109,0.646576055441681,FUL2_200
Solyc05g015630.3.1,998,FUL2.sm,1.44942765263403,0.313814427272305,FUL2_1000
Solyc05g015640.3.1,107,FUL2.sm,1.44942765263403,0.313814427272305,FUL2_200
Solyc05g015730.1.1,1518,FUL2.sm,1.46917188484478,0.440193009894434,FUL2_2000
Solyc05g015980.3.1,34,FUL2.sm,1.48866355708629,0.663835185686175,FUL2_50
Solyc05g016060.4.1,108,FUL2.sm,1.5000349709696,0.552250349581278,FUL2_200
Solyc05g042070.4.1,368,FUL2.sm,1.49766586147522,0.555290156729463,FUL2_500
Solyc05g051470.3.1,1445,FUL2.sm,1.84449316429269,3.50509725452284,FUL2_1500
Solyc05g051570.3.1,1102,FUL2.sm,1.56263844892537,0.737575834317166,FUL2_1500
Solyc05g052040.1.1,1431,FUL2.sm,1.67552656535706,2.10106796292452,FUL2_1500
Solyc05g052300.4.1,685,FUL2.sm,1.57108346944048,0.996765535277239,FUL2_1000
Solyc05g052550.1.1,885,FUL2.sm,1.31872376127569,0.149188332370869,FUL2_1000
Solyc05g052560.1.1,471,FUL2.sm,1.31872376127569,0.149188332370869,FUL2_500
Solyc05g052570.3.1,1534,FUL2.sm,1.31872376127569,0.149188332370869,FUL2_2000
Solyc05g052790.3.1,845,FUL2.sm,1.56042178699703,2.29774663845156,FUL2_1000
Solyc05g053060.1.1,5,FUL2.sm,1.6640180218571,1.1477740310224,FUL2_50
Solyc05g053900.4.1,99,FUL2.sm,1.3538146468843,0.217163906103973,FUL2_100
Solyc05g054410.4.1,501,FUL2.sm,1.43936326920888,0.54187392395538,FUL2_1000
Solyc05g054580.3.1,746,FUL2.sm,1.63068276934336,2.11486416220949,FUL2_1000
Solyc05g054720.3.1,451,FUL2.sm,1.58998965951118,1.14288962192808,FUL2_500
Solyc05g055990.4.1,827,FUL2.sm,1.82607613486886,1.57473338586304,FUL2_1000
Solyc05g056000.3.1,1989,FUL2.sm,1.82607613486886,1.57473338586304,FUL2_2000
Solyc05g056130.4.1,271,FUL2.sm,2.17630470529991,4.12953638959969,FUL2_500
Solyc05g056390.2.1,1346,FUL2.sm,1.48249824976793,0.730886251241706,FUL2_1500
Solyc06g005965.1.1,924,FUL2.sm,1.72524544874744,2.61474079161126,FUL2_1000
Solyc06g008300.4.1,123,FUL2.sm,1.37254658964776,0.345384142881072,FUL2_200
Solyc06g009290.4.1,1323,FUL2.sm,1.69451948227728,1.57799055331237,FUL2_1500
Solyc06g009340.4.1,224,FUL2.sm,1.45156639982552,0.42530022433535,FUL2_500
Solyc06g009370.4.1,349,FUL2.sm,1.45156639982552,0.42530022433535,FUL2_500
Solyc06g009380.3.1,762,FUL2.sm,1.7281274474674,1.73307574050248,FUL2_1000
Solyc06g035560.3.1,1760,FUL2.sm,1.50449221489293,0.890680590784026,FUL2_2000
Solyc06g035570.1.1,443,FUL2.sm,1.50449221489293,0.890680590784026,FUL2_500
Solyc06g035700.1.1,154,FUL2.sm,1.86424933995727,1.84798251476737,FUL2_200
Solyc06g051800.3.1,77,FUL2.sm,1.51271614092436,0.365001416060913,FUL2_100
Solyc06g051800.3.1,670,FUL2.sm,1.55685622578185,1.50061697216086,FUL2_1000
Solyc06g051930.3.1,231,FUL2.sm,1.37954652984777,0.205692488022086,FUL2_500
Solyc06g053200.3.1,317,FUL2.sm,1.57352456710423,1.79911033647532,FUL2_500
Solyc06g053220.3.1,243,FUL2.sm,1.35333971445909,0.15273228892173,FUL2_500
Solyc06g053210.4.1,9,FUL2.sm,1.35333971445909,0.15273228892173,FUL2_50
Solyc06g053910.4.1,594,FUL2.sm,1.63209962838261,0.93368413881382,FUL2_1000
Solyc06g053940.1.1,1322,FUL2.sm,1.4904919170151,1.10635870312946,FUL2_1500
Solyc06g053960.3.1,924,FUL2.sm,1.84506976837492,4.4290744282921,FUL2_1000
Solyc06g060080.2.1,540,FUL2.sm,1.66113374817101,3.0348923298085,FUL2_1000
Solyc06g061020.3.1,779,FUL2.sm,1.67987190263274,1.98377526921766,FUL2_1000
Solyc06g062670.3.1,1133,FUL2.sm,1.6514456026692,1.16057735449452,FUL2_1500
Solyc06g065900.4.1,216,FUL2.sm,1.87962217217817,3.98665199308341,FUL2_500
Solyc06g065970.1.1,1670,FUL2.sm,1.49823840582023,0.927747554223638,FUL2_2000
Solyc06g066410.3.1,1945,FUL2.sm,1.63243616152604,0.721604099361743,FUL2_2000
Solyc06g066780.3.1,892,FUL2.sm,1.92461180797859,2.36284456613488,FUL2_1000
Solyc06g068500.3.1,63,FUL2.sm,1.90905615911906,2.29843352095522,FUL2_100
Solyc06g068500.3.1,1424,FUL2.sm,1.61312765006317,0.909891458599565,FUL2_1500
Solyc06g071340.1.1,1975,FUL2.sm,1.4041049925178,0.403768642637544,FUL2_2000
Solyc06g072100.3.1,882,FUL2.sm,1.45169132991589,0.964171984308713,FUL2_1000
Solyc06g072360.3.1,1559,FUL2.sm,1.64630141603003,0.954953589759835,FUL2_2000
Solyc06g073460.4.1,52,FUL2.sm,1.47452155902499,0.258152559263804,FUL2_100
Solyc06g073970.3.1,1519,FUL2.sm,1.55405722844113,1.3419867380849,FUL2_2000
Solyc06g074280.2.1,1541,FUL2.sm,1.53957661571487,0.75566781933912,FUL2_2000
Solyc06g074290.1.1,998,FUL2.sm,1.53957661571487,0.75566781933912,FUL2_1000
Solyc06g074710.1.1,791,FUL2.sm,2.07044209550313,5.27597933663177,FUL2_1000
Solyc06g074710.1.1,1791,FUL2.sm,1.847352189141,2.35599520582426,FUL2_2000
Solyc06g074740.3.1,1645,FUL2.sm,1.54261255907412,1.08783464358333,FUL2_2000
Solyc06g074760.2.1,1839,FUL2.sm,1.50076754814308,0.623489616163406,FUL2_2000
Solyc06g074950.1.1,288,FUL2.sm,1.61398597943297,0.845674379008901,FUL2_500
Solyc06g075160.3.1,801,FUL2.sm,1.5569275826469,1.45842034881166,FUL2_1000
Solyc06g075170.1.1,167,FUL2.sm,1.63552989622308,0.941709300896644,FUL2_200
Solyc06g075510.4.1,99,FUL2.sm,1.65922010053322,1.13338026705074,FUL2_100
Solyc06g075510.4.1,353,FUL2.sm,1.77198052011132,1.22691311392434,FUL2_500
Solyc06g076040.3.1,736,FUL2.sm,1.58377522249721,1.36553969223403,FUL2_1000
Solyc06g076120.2.1,108,FUL2.sm,1.70367127454339,1.59662829712395,FUL2_200
Solyc06g076260.3.1,181,FUL2.sm,1.34731333531933,0.316953968582443,FUL2_200
Solyc06g076450.3.1,317,FUL2.sm,1.40657580795795,0.502596855166244,FUL2_500
Solyc06g082180.3.1,1116,FUL2.sm,1.6546449173591,1.01616720813724,FUL2_1500
Solyc06g082430.2.1,1323,FUL2.sm,1.50075957837845,1.72931748532604,FUL2_1500
Solyc06g083130.4.1,726,FUL2.sm,1.77696459304333,1.87148583865011,FUL2_1000
Solyc06g083230.3.1,257,FUL2.sm,1.33307893271118,0.147073605148329,FUL2_500
Solyc06g083230.3.1,407,FUL2.sm,1.51674335755532,1.41004819961497,FUL2_500
Solyc06g083240.1.1,159,FUL2.sm,1.51674335755532,1.41004819961497,FUL2_200
Solyc06g083660.4.1,353,FUL2.sm,2.10478706582266,5.27004133037956,FUL2_500
Solyc06g083830.4.1,60,FUL2.sm,1.45212193253512,0.351878917860613,FUL2_100
Solyc06g083890.4.1,1717,FUL2.sm,1.50296730295831,0.633518590106785,FUL2_2000
Solyc06g084230.3.1,824,FUL2.sm,1.83939959906808,3.77812464980145,FUL2_1000
Solyc06g084290.3.1,562,FUL2.sm,1.84984643050943,4.90245717060697,FUL2_1000
Solyc07g005190.3.1,847,FUL2.sm,1.60738153886719,1.06062195479814,FUL2_1000
Solyc07g005190.3.1,1652,FUL2.sm,1.34950819972254,0.195406947782145,FUL2_2000
Solyc07g005430.3.1,497,FUL2.sm,1.366474776762,0.246615440926174,FUL2_500
Solyc07g005760.3.1,30,FUL2.sm,1.54844674799042,0.846044835257278,FUL2_50
Solyc07g005760.3.1,1119,FUL2.sm,1.43856635799003,0.343113579615519,FUL2_1500
Solyc07g005970.3.1,1478,FUL2.sm,1.63044532020994,1.59618021346229,FUL2_1500
Solyc07g005975.1.1,1216,FUL2.sm,1.63044532020994,1.59618021346229,FUL2_1500
Solyc07g006370.1.1,1430,FUL2.sm,1.62090005148663,3.17130759897299,FUL2_1500
Solyc07g006940.3.1,841,FUL2.sm,1.38036601034413,0.301813188733284,FUL2_1000
Solyc07g007140.3.1,755,FUL2.sm,1.57758288531014,1.74579042087905,FUL2_1000
Solyc07g008840.3.1,116,FUL2.sm,1.43768008615876,0.362059036645332,FUL2_200
Solyc07g009150.3.1,43,FUL2.sm,1.70345105283501,1.9079927946157,FUL2_50
Solyc07g017540.4.1,683,FUL2.sm,1.39662847419748,0.399259243375404,FUL2_1000
Solyc07g041020.3.1,6,FUL2.sm,1.55097435333371,0.509805368527198,FUL2_50
Solyc07g041020.3.1,700,FUL2.sm,1.47014583226167,0.47124789491348,FUL2_1000
Solyc07g041170.2.1,714,FUL2.sm,1.71626248684875,1.18125533267118,FUL2_1000
Solyc07g041190.3.1,139,FUL2.sm,1.71139019815315,1.54536018864408,FUL2_200
Solyc07g042290.3.1,595,FUL2.sm,1.78478877045456,1.51008627681476,FUL2_1000
Solyc07g042390.3.1,480,FUL2.sm,1.79477539205728,3.08155853333473,FUL2_500
Solyc07g045150.3.1,1475,FUL2.sm,1.82488518534264,2.69728325211576,FUL2_1500
Solyc07g047800.3.1,183,FUL2.sm,1.36358024289043,0.27598593724262,FUL2_200
Solyc07g047970.4.1,1601,FUL2.sm,1.92835376027888,3.81624878962296,FUL2_2000
Solyc07g052060.2.1,1422,FUL2.sm,1.52708299930264,0.45420699749031,FUL2_1500
Solyc07g052480.3.1,202,FUL2.sm,1.66795978693399,2.09907849554675,FUL2_500
Solyc07g052600.3.1,142,FUL2.sm,1.38641077361515,0.286896425614847,FUL2_200
Solyc07g053640.1.1,1334,FUL2.sm,1.46020588526156,0.483594015602934,FUL2_1500
Solyc07g053720.3.1,6,FUL2.sm,1.35054303872523,0.202619891841731,FUL2_50
Solyc07g054440.3.1,580,FUL2.sm,1.78445071864584,3.18760421943444,FUL2_1000
Solyc07g054770.1.1,269,FUL2.sm,1.76894247470143,2.86249084078899,FUL2_500
Solyc07g056120.3.1,797,FUL2.sm,1.39797255183316,0.295996340473446,FUL2_1000
Solyc07g056390.4.1,77,FUL2.sm,1.45970418239893,0.470568534796413,FUL2_100
Solyc07g056520.3.1,96,FUL2.sm,1.3446731663127,0.139452560597515,FUL2_100
Solyc07g056570.1.1,275,FUL2.sm,1.78238969135125,1.20862940505718,FUL2_500
Solyc07g056570.1.1,1755,FUL2.sm,1.41148219585981,0.615982102587699,FUL2_2000
Solyc07g062547.1.1,923,FUL2.sm,1.50356129456701,1.68346369142782,FUL2_1000
Solyc07g062660.4.1,566,FUL2.sm,2.18849430800347,5.44605309956961,FUL2_1000
Solyc07g062740.4.1,1118,FUL2.sm,1.52436542240378,0.379048782129338,FUL2_1500
Solyc07g063340.3.1,1135,FUL2.sm,1.36550377398045,0.281570205010162,FUL2_1500
Solyc07g063930.4.1,1766,FUL2.sm,1.31303635627476,0.0627928769562942,FUL2_2000
Solyc07g064410.1.1,344,FUL2.sm,1.49521322119868,0.789876426200204,FUL2_500
Solyc07g064610.3.1,1688,FUL2.sm,1.55753956920543,0.675552057379257,FUL2_2000
Solyc07g064620.2.1,1319,FUL2.sm,1.55753956920543,0.675552057379257,FUL2_1500
Solyc07g064660.1.1,200,FUL2.sm,1.4882957785759,0.577309278150802,FUL2_200
Solyc07g064670.3.1,947,FUL2.sm,1.48437384968523,1.71441938164306,FUL2_1000
Solyc07g065290.3.1,254,FUL2.sm,1.56316500537042,1.14349214635753,FUL2_500
Solyc07g065780.2.1,1425,FUL2.sm,1.45717061218489,0.345018811446435,FUL2_1500
Solyc07g065950.4.1,1949,FUL2.sm,1.53527784854848,0.738461403175345,FUL2_2000
Solyc07g065960.1.1,1442,FUL2.sm,1.53527784854848,0.738461403175345,FUL2_1500
Solyc07g065970.1.1,1835,FUL2.sm,1.49935880417245,0.652399359890921,FUL2_2000
Solyc07g065980.3.1,1472,FUL2.sm,1.69557643024672,3.14354566398019,FUL2_1500
Solyc07g065990.1.1,685,FUL2.sm,1.69557643024672,3.14354566398019,FUL2_1000
Solyc07g066000.3.1,125,FUL2.sm,2.00112779943888,6.18015153979599,FUL2_200
Solyc07g066010.3.1,754,FUL2.sm,1.49206784097719,1.06168006017806,FUL2_1000
Solyc07g066160.1.1,1717,FUL2.sm,1.74848595532239,2.09491782157033,FUL2_2000
Solyc08g005760.1.1,1148,FUL2.sm,1.69302389250062,3.38439243916304,FUL2_1500
Solyc08g005930.1.1,1201,FUL2.sm,1.45669351567884,0.68007826618196,FUL2_1500
Solyc08g005960.2.1,1876,FUL2.sm,1.33775987896616,0.168999602349579,FUL2_2000
Solyc08g006670.3.1,740,FUL2.sm,1.6340272636054,2.73797200206733,FUL2_1000
Solyc08g007790.3.1,184,FUL2.sm,1.58571088349964,1.18362983774274,FUL2_200
Solyc08g007800.3.1,1098,FUL2.sm,1.35795727212374,0.281631263840291,FUL2_1500
Solyc08g007850.1.1,1763,FUL2.sm,1.54667205339556,0.640616743535126,FUL2_2000
Solyc08g008370.3.1,54,FUL2.sm,1.40043340091133,0.333095549568057,FUL2_100
Solyc08g014000.3.1,1025,FUL2.sm,1.76544405812096,1.64655241235646,FUL2_1500
Solyc08g016430.1.1,156,FUL2.sm,1.44582696909302,0.537849238133523,FUL2_200
Solyc08g048290.4.1,1661,FUL2.sm,1.82661074010385,3.13974447141053,FUL2_2000
Solyc08g059710.4.1,570,FUL2.sm,1.33484149861782,0.0647271871656443,FUL2_1000
Solyc08g060810.3.1,364,FUL2.sm,1.59431983870994,2.21958152856463,FUL2_500
Solyc08g061020.1.1,1073,FUL2.sm,1.83123540479865,2.7476373278675,FUL2_1500
Solyc08g061060.3.1,236,FUL2.sm,1.37024671062405,0.273096022286836,FUL2_500
Solyc08g061270.1.1,237,FUL2.sm,1.4575714809359,0.605189481793353,FUL2_500
Solyc08g065410.3.1,528,FUL2.sm,1.61296546889232,0.997060071918,FUL2_1000
Solyc08g065610.3.1,1143,FUL2.sm,1.37237333483077,0.205554264027556,FUL2_1500
Solyc08g066440.3.1,1381,FUL2.sm,1.72268050606542,1.62335963671884,FUL2_1500
Solyc08g066690.4.1,1124,FUL2.sm,1.66723772657942,1.82690137349608,FUL2_1500
Solyc08g066870.4.1,25,FUL2.sm,1.72644028819218,1.78068220917422,FUL2_50
Solyc08g067100.2.1,322,FUL2.sm,1.43097079023576,0.21437301582759,FUL2_500
Solyc08g067410.2.1,884,FUL2.sm,2.02721954700578,1.89903931894661,FUL2_1000
Solyc08g068350.3.1,47,FUL2.sm,1.75454582287399,1.27158653583124,FUL2_50
Solyc08g068450.1.1,1971,FUL2.sm,2.02595801915665,5.63116477032414,FUL2_2000
Solyc08g068640.4.1,215,FUL2.sm,1.7867914172681,2.17496593401419,FUL2_500
Solyc08g068720.1.1,1870,FUL2.sm,1.68919354853284,1.12682211547013,FUL2_2000
Solyc08g069030.4.1,1483,FUL2.sm,1.48317768159152,0.935184240970592,FUL2_1500
Solyc08g075280.4.1,1381,FUL2.sm,1.56983458817174,1.16175854001031,FUL2_1500
Solyc08g075280.4.1,1907,FUL2.sm,1.29935661423277,0.0411455220650261,FUL2_2000
Solyc08g075320.4.1,1073,FUL2.sm,1.86585094952988,2.21837111341501,FUL2_1500
Solyc08g075440.4.1,1597,FUL2.sm,2.16345788529099,2.95854123526435,FUL2_2000
Solyc08g075550.4.1,2,FUL2.sm,1.45740465308122,0.689947129953481,FUL2_50
Solyc08g076130.3.1,111,FUL2.sm,1.53207506441508,2.05345531112679,FUL2_200
Solyc08g076470.4.1,434,FUL2.sm,1.88107989380476,1.87450277479283,FUL2_500
Solyc08g076590.3.1,73,FUL2.sm,1.53663079711159,0.583051499696827,FUL2_100
Solyc08g077020.1.1,517,FUL2.sm,1.4367041080046,0.682543643381806,FUL2_1000
Solyc08g077060.3.1,394,FUL2.sm,2.03485547293079,17.4740062861156,FUL2_500
Solyc08g077150.3.1,829,FUL2.sm,1.42688801303675,0.442196435695628,FUL2_1000
Solyc08g078300.4.1,51,FUL2.sm,1.48310428929305,0.456112658461675,FUL2_100
Solyc08g078960.4.1,576,FUL2.sm,1.58844553578358,1.93044438326499,FUL2_1000
Solyc08g078990.3.1,1038,FUL2.sm,1.62344914631515,1.00537891065244,FUL2_1500
Solyc08g079550.1.1,1522,FUL2.sm,1.7943128559736,3.16269364970423,FUL2_2000
Solyc08g079670.3.1,1358,FUL2.sm,1.40634628008704,0.225539188845559,FUL2_1500
Solyc08g079790.1.1,926,FUL2.sm,1.42018921897068,0.580031519478686,FUL2_1000
Solyc08g080040.4.1,610,FUL2.sm,1.9525000313636,4.50662209081758,FUL2_1000
Solyc08g080090.3.1,1308,FUL2.sm,1.66779912598487,3.18462326863651,FUL2_1500
Solyc08g080100.4.1,150,FUL2.sm,1.8710045548836,1.81418151616608,FUL2_200
Solyc08g080500.3.1,27,FUL2.sm,1.29157938496519,0.0304581203466654,FUL2_50
Solyc08g080500.3.1,821,FUL2.sm,1.6741015277929,3.17535771362023,FUL2_1000
Solyc08g080630.4.1,726,FUL2.sm,1.33821120683606,0.151176311474726,FUL2_1000
Solyc08g080630.4.1,138,FUL2.sm,1.40752481904025,0.435954541455462,FUL2_200
Solyc08g080670.1.1,1406,FUL2.sm,1.44401705145366,0.563999121414259,FUL2_1500
Solyc08g080960.4.1,905,FUL2.sm,1.56696327091878,1.69223923948974,FUL2_1000
Solyc08g081170.4.1,1048,FUL2.sm,1.33255881567987,0.0642538162876196,FUL2_1500
Solyc08g081390.4.1,1197,FUL2.sm,1.39748234368107,0.525189385712208,FUL2_1500
Solyc08g081720.4.1,12,FUL2.sm,1.61704787603642,0.805399954527349,FUL2_50
Solyc08g081890.4.1,959,FUL2.sm,1.52120910638494,2.59380871713032,FUL2_1000
Solyc08g082170.4.1,1157,FUL2.sm,1.40674275377131,0.357637884123022,FUL2_1500
Solyc08g082170.4.1,347,FUL2.sm,1.88258729074125,2.78138794643439,FUL2_500
Solyc08g082190.3.1,1034,FUL2.sm,1.66474915050804,0.671622403335821,FUL2_1500
Solyc08g082640.2.1,1233,FUL2.sm,1.5920383215335,2.43641541201552,FUL2_1500
Solyc08g082650.2.1,1844,FUL2.sm,1.73197149052324,3.46008838972417,FUL2_2000
Solyc08g082660.2.1,1242,FUL2.sm,1.73197149052324,3.46008838972417,FUL2_1500
Solyc08g083050.1.1,427,FUL2.sm,1.44688705192058,1.03961944835906,FUL2_500
Solyc08g083050.1.1,1838,FUL2.sm,1.83468686625388,0.983253349288567,FUL2_2000
Solyc08g083130.4.1,776,FUL2.sm,1.80356105880173,5.74938278416212,FUL2_1000
Solyc09g005080.1.1,479,FUL2.sm,1.61159504241651,2.00086538006842,FUL2_500
Solyc09g005450.1.1,989,FUL2.sm,1.88368358906872,2.12442346843777,FUL2_1000
Solyc09g005720.3.1,611,FUL2.sm,1.30601680610656,0.0811656930492806,FUL2_1000
Solyc09g005720.3.1,1687,FUL2.sm,1.88125697215558,5.72892589855116,FUL2_2000
Solyc09g007270.3.1,1682,FUL2.sm,1.55725712914747,0.808848905662666,FUL2_2000
Solyc09g008000.3.1,762,FUL2.sm,1.56574989194131,2.37147331110732,FUL2_1000
Solyc09g008170.3.1,398,FUL2.sm,1.44042408812119,0.678885496285254,FUL2_500
Solyc09g008360.2.1,1197,FUL2.sm,1.38428710894611,0.221778058223002,FUL2_1500
Solyc09g008460.3.1,987,FUL2.sm,1.57596712876714,0.910582293749211,FUL2_1000
Solyc09g009800.3.1,1378,FUL2.sm,1.8706005593155,3.86946856651924,FUL2_1500
Solyc09g010430.1.1,126,FUL2.sm,1.2893862141206,0.0238786078128896,FUL2_200
Solyc09g010930.4.1,1308,FUL2.sm,1.87698669138467,3.3385847549292,FUL2_1500
Solyc09g010950.3.1,968,FUL2.sm,2.11905484159889,6.01593620850387,FUL2_1000
Solyc09g010960.3.1,1691,FUL2.sm,2.11905484159889,6.01593620850387,FUL2_2000
Solyc09g011060.2.1,1228,FUL2.sm,1.48391085297424,0.608175735905768,FUL2_1500
Solyc09g011110.1.1,1567,FUL2.sm,1.48998883543159,0.300730961762614,FUL2_2000
Solyc09g014260.1.1,1861,FUL2.sm,1.76297120363225,2.53284161544882,FUL2_2000
Solyc09g014270.1.1,1565,FUL2.sm,1.76297120363225,2.53284161544882,FUL2_2000
Solyc09g018320.1.1,737,FUL2.sm,1.47525377849104,0.478947908695574,FUL2_1000
Solyc09g056200.3.1,8,FUL2.sm,1.68997737071588,0.885292099134965,FUL2_50
Solyc09g061280.4.1,1599,FUL2.sm,1.46107296270034,0.85659489593229,FUL2_2000
Solyc09g063010.4.1,69,FUL2.sm,1.39937558691995,0.35783391652857,FUL2_100
Solyc09g064270.3.1,30,FUL2.sm,1.483790011481,0.562332306646091,FUL2_50
Solyc09g065520.4.1,687,FUL2.sm,1.79822645458937,2.24229383329811,FUL2_1000
Solyc09g065600.3.1,362,FUL2.sm,1.52499412202563,1.00036828560151,FUL2_500
Solyc09g065600.3.1,1125,FUL2.sm,1.46301489885928,0.86283597142233,FUL2_1500
Solyc09g066210.4.1,45,FUL2.sm,1.68889295662709,2.07995658988699,FUL2_50
Solyc09g066440.4.1,207,FUL2.sm,1.48654165199241,0.504794841591576,FUL2_500
Solyc09g074230.4.1,165,FUL2.sm,1.48016559178218,0.873040328098039,FUL2_200
Solyc09g074270.3.1,160,FUL2.sm,1.55553285144395,0.749104467020821,FUL2_200
Solyc09g075560.1.1,124,FUL2.sm,1.29008988232823,0.025989612435783,FUL2_200
Solyc09g075820.3.1,292,FUL2.sm,1.5806190481702,2.06299156511344,FUL2_500
Solyc09g082460.3.1,116,FUL2.sm,2.44323105435898,11.4616626846019,FUL2_200
Solyc09g082470.4.1,171,FUL2.sm,1.58870241685135,1.51633850693838,FUL2_200
Solyc09g090180.1.1,1391,FUL2.sm,1.47015331200087,0.434384390637993,FUL2_1500
Solyc09g090610.3.1,1174,FUL2.sm,1.51302596159619,1.73749713852214,FUL2_1500
Solyc09g090640.3.1,1083,FUL2.sm,1.54392556770167,0.982373966326564,FUL2_1500
Solyc09g090645.1.1,233,FUL2.sm,1.54392556770167,0.982373966326564,FUL2_500
Solyc09g090790.3.1,1292,FUL2.sm,1.70509954999029,1.64332655305567,FUL2_1500
Solyc09g091100.4.1,1605,FUL2.sm,1.75308453405831,2.22397348645931,FUL2_2000
Solyc09g091590.3.1,1507,FUL2.sm,1.65639647976228,0.89000725893673,FUL2_2000
Solyc09g097870.4.1,3,FUL2.sm,1.57624928273456,0.715089475072649,FUL2_50
Solyc09g098070.3.1,312,FUL2.sm,1.51247245987774,0.785178784969464,FUL2_500
Solyc09g098240.4.1,139,FUL2.sm,2.18042777807413,1.99995906165029,FUL2_200
Solyc10g006880.3.1,336,FUL2.sm,1.3819513537779,0.247762167905295,FUL2_500
Solyc10g006880.3.1,1457,FUL2.sm,2.0059311497666,4.81392562862339,FUL2_1500
Solyc10g008730.3.1,1232,FUL2.sm,1.80564192340082,3.14441465087403,FUL2_1500
Solyc10g009420.3.1,728,FUL2.sm,1.46239980738599,0.58324997015057,FUL2_1000
Solyc10g011660.3.1,270,FUL2.sm,1.52371088155368,0.616987777196959,FUL2_500
Solyc10g012430.3.1,1742,FUL2.sm,1.35709479424254,0.180213428816526,FUL2_2000
Solyc10g019090.1.1,988,FUL2.sm,1.39440402439065,0.338932038623025,FUL2_1000
Solyc10g024490.2.1,195,FUL2.sm,1.82483240894209,3.26733532534595,FUL2_200
Solyc10g050160.2.1,1714,FUL2.sm,1.47048810090008,0.496365397733882,FUL2_2000
Solyc10g050860.3.1,596,FUL2.sm,2.22969527168024,6.6583934035866,FUL2_1000
Solyc10g050910.1.1,921,FUL2.sm,1.45305221658644,0.346852315841904,FUL2_1000
Solyc10g051030.2.1,813,FUL2.sm,1.38038914777538,0.23701306651706,FUL2_1000
Solyc10g054670.3.1,536,FUL2.sm,1.39023048306545,0.194478802249336,FUL2_1000
Solyc10g054790.2.1,1032,FUL2.sm,1.71325124075735,2.79619636004503,FUL2_1500
Solyc10g054800.2.1,1058,FUL2.sm,1.71325124075735,2.79619636004503,FUL2_1500
Solyc10g055720.2.1,2,FUL2.sm,1.52172394052985,0.673266128583016,FUL2_50
Solyc10g076600.2.1,1081,FUL2.sm,1.86920755809799,3.26963681240797,FUL2_1500
Solyc10g077010.2.1,295,FUL2.sm,1.65822703347034,1.15080734576428,FUL2_500
Solyc10g077040.2.1,231,FUL2.sm,1.43053381169656,0.667191849541574,FUL2_500
Solyc10g078340.2.1,486,FUL2.sm,2.05033797699103,6.43445599712137,FUL2_500
Solyc10g078610.1.1,1208,FUL2.sm,1.63261900581693,1.90749123919911,FUL2_1500
Solyc10g079050.2.1,1315,FUL2.sm,1.83963015582563,4.22554358052427,FUL2_1500
Solyc10g079130.2.1,830,FUL2.sm,1.77789856517578,3.39427309922927,FUL2_1000
Solyc10g079370.3.1,1133,FUL2.sm,1.55569442751763,2.63460066094403,FUL2_1500
Solyc10g080020.3.1,565,FUL2.sm,1.48364414008706,1.03714658834699,FUL2_1000
Solyc10g080020.3.1,1372,FUL2.sm,2.02647606935722,2.72675551277697,FUL2_1500
Solyc10g080470.1.1,1683,FUL2.sm,1.88470171705985,7.28005935568545,FUL2_2000
Solyc10g080950.2.1,797,FUL2.sm,1.6007349945342,1.26983526373385,FUL2_1000
Solyc10g081110.3.1,740,FUL2.sm,1.31899396858463,0.121025015977956,FUL2_1000
Solyc10g081460.2.1,485,FUL2.sm,1.67151502022176,2.12054468407178,FUL2_500
Solyc10g081530.2.1,1217,FUL2.sm,1.56484508017563,1.0515915448769,FUL2_1500
Solyc10g081650.2.1,65,FUL2.sm,1.72972151879783,1.68375912820922,FUL2_100
Solyc10g081750.1.1,1305,FUL2.sm,1.57798335411523,2.05638017409485,FUL2_1500
Solyc10g081750.1.1,1906,FUL2.sm,1.52525711105333,0.975321731481436,FUL2_2000
Solyc10g083400.1.1,445,FUL2.sm,1.42194605029709,0.437588296163067,FUL2_500
Solyc10g084340.2.1,1717,FUL2.sm,1.87224763098538,2.11026624794312,FUL2_2000
Solyc10g084370.3.1,986,FUL2.sm,1.60308911409695,0.728785947011559,FUL2_1000
Solyc10g085190.2.1,1793,FUL2.sm,1.38481108950016,0.306150161914609,FUL2_2000
Solyc10g085680.2.1,72,FUL2.sm,1.42104032132651,0.864634506116516,FUL2_100
Solyc10g085750.2.1,87,FUL2.sm,1.66015014039536,1.13950675125725,FUL2_100
Solyc10g085830.2.1,976,FUL2.sm,1.31276530212075,0.0881565950338743,FUL2_1000
Solyc10g085880.1.1,679,FUL2.sm,1.65295849644382,1.89188042957484,FUL2_1000
Solyc10g085890.1.1,147,FUL2.sm,1.65295849644382,1.89188042957484,FUL2_200
Solyc10g085880.1.1,1718,FUL2.sm,1.37159194291976,0.259122797619177,FUL2_2000
Solyc10g085890.1.1,1186,FUL2.sm,1.37159194291976,0.259122797619177,FUL2_1500
Solyc10g086180.2.1,1391,FUL2.sm,1.42472861927507,0.447021650168972,FUL2_1500
Solyc10g086260.3.1,1760,FUL2.sm,1.54202774546406,0.640490508036246,FUL2_2000
Solyc10g086500.1.1,92,FUL2.sm,1.60225010404626,1.33718644139999,FUL2_100
Solyc10g005060.4.1,1996,FUL2.sm,1.4574191888237,0.407680676405903,FUL2_2000
Solyc11g005130.2.1,201,FUL2.sm,1.34519119218065,0.156914285443786,FUL2_500
Solyc11g005380.2.1,1254,FUL2.sm,1.83360645964978,5.27232491583624,FUL2_1500
Solyc11g005450.3.1,688,FUL2.sm,1.70204884362722,1.15176011272225,FUL2_1000
Solyc11g006130.2.1,782,FUL2.sm,1.31718132431736,0.138786124787639,FUL2_1000
Solyc11g007130.2.1,788,FUL2.sm,1.57034753297798,0.799121892126259,FUL2_1000
Solyc11g007770.2.1,746,FUL2.sm,1.51777148312005,0.474906741460257,FUL2_1000
Solyc11g007770.2.1,1472,FUL2.sm,1.66198813167274,1.2758103852818,FUL2_1500
Solyc11g008080.3.1,210,FUL2.sm,1.45477046460338,0.340131079237405,FUL2_500
Solyc11g008350.2.1,610,FUL2.sm,1.65368247660633,1.82341819556898,FUL2_1000
Solyc11g010320.1.1,1553,FUL2.sm,1.32505122859183,0.165337223026167,FUL2_2000
Solyc11g010380.2.1,492,FUL2.sm,1.51349831847021,0.978867956723644,FUL2_500
Solyc11g010870.2.1,545,FUL2.sm,1.73973574591332,1.48073355634655,FUL2_1000
Solyc11g011040.2.1,721,FUL2.sm,1.76009191743588,2.69656923735919,FUL2_1000
Solyc11g011350.3.1,983,FUL2.sm,1.45299513007871,0.27466815156582,FUL2_1000
Solyc11g011440.1.1,1408,FUL2.sm,1.38631724987261,0.2986528684461,FUL2_1500
Solyc11g011930.3.1,16,FUL2.sm,1.37832582663185,0.205815394180789,FUL2_50
Solyc11g011990.2.1,37,FUL2.sm,1.72323432128535,2.07024576497024,FUL2_50
Solyc11g012150.3.1,69,FUL2.sm,1.30047412949775,0.0571423539443501,FUL2_100
Solyc11g012850.2.1,38,FUL2.sm,1.57788377581827,0.631588833699716,FUL2_50
Solyc11g017270.2.1,0,FUL2.sm,1.75755079964653,1.60272077041648,FUL2_50
Solyc11g020670.1.1,1839,FUL2.sm,1.63874137202835,0.837780785012166,FUL2_2000
Solyc11g022460.3.1,1638,FUL2.sm,2.17951677910863,3.4757120578634,FUL2_2000
Solyc11g056650.2.1,983,FUL2.sm,1.60475777300062,0.962426947789488,FUL2_1000
Solyc11g064900.2.1,1072,FUL2.sm,1.61943997211139,0.931052231174544,FUL2_1500
Solyc11g065490.2.1,309,FUL2.sm,1.68217239553173,2.08729569997247,FUL2_500
Solyc11g065530.1.1,108,FUL2.sm,1.39187733292346,0.272744391526064,FUL2_200
Solyc11g065530.1.1,1113,FUL2.sm,1.80969205307289,3.10204488480341,FUL2_1500
Solyc11g068370.3.1,1043,FUL2.sm,1.78820122850075,0.959021762664323,FUL2_1500
Solyc11g069430.2.1,654,FUL2.sm,1.74478592811822,2.9081958164509,FUL2_1000
Solyc11g069430.2.1,1703,FUL2.sm,1.37234665204678,0.266630601961113,FUL2_2000
Solyc11g069790.2.1,246,FUL2.sm,2.03724225840842,4.98500671638038,FUL2_500
Solyc11g071710.2.1,1438,FUL2.sm,1.36031113564965,0.087379613763904,FUL2_1500
Solyc11g071720.2.1,373,FUL2.sm,1.36031113564965,0.087379613763904,FUL2_500
Solyc11g072600.3.1,673,FUL2.sm,1.34879010004826,0.190386482220429,FUL2_1000
Solyc12g005860.2.1,925,FUL2.sm,1.35346420011021,0.367542323090177,FUL2_1000
Solyc12g006240.2.1,118,FUL2.sm,1.48165941292681,0.671041651563808,FUL2_200
Solyc12g006850.2.1,1473,FUL2.sm,1.75200119802397,2.17749587808601,FUL2_1500
Solyc12g006880.2.1,64,FUL2.sm,1.42102392427894,0.68391534782986,FUL2_100
Solyc12g007100.2.1,1652,FUL2.sm,1.4655017832348,0.470310416785164,FUL2_2000
Solyc12g007110.2.1,1175,FUL2.sm,1.59106554448855,1.20128776077957,FUL2_1500
Solyc12g008790.3.1,1856,FUL2.sm,1.44908448446868,0.823608061476783,FUL2_2000
Solyc12g009020.2.1,16,FUL2.sm,1.41794023677252,0.350044956239856,FUL2_50
Solyc12g009020.2.1,942,FUL2.sm,1.5027527031582,0.663978074925691,FUL2_1000
Solyc12g009050.3.1,1390,FUL2.sm,2.09708844738406,6.9835952040797,FUL2_1500
Solyc12g009990.2.1,782,FUL2.sm,1.39574653275974,0.261913819087733,FUL2_1000
Solyc12g010310.2.1,753,FUL2.sm,1.72084874103645,2.84513620834239,FUL2_1000
Solyc12g011420.2.1,288,FUL2.sm,1.34367246946553,0.084468617911698,FUL2_500
Solyc12g019700.1.1,635,FUL2.sm,1.32200426992141,0.129392509142825,FUL2_1000
Solyc12g062290.2.1,39,FUL2.sm,1.65695616793145,1.0226330808181,FUL2_50
Solyc12g039100.2.1,1553,FUL2.sm,1.45386480033968,0.391376526501713,FUL2_2000
Solyc12g043120.2.1,169,FUL2.sm,1.65730271250565,1.10988529750074,FUL2_200
Solyc12g055770.1.1,516,FUL2.sm,1.57577857283666,0.951088544536372,FUL2_1000
Solyc12g056760.2.1,810,FUL2.sm,1.37129739161357,0.557004146902383,FUL2_1000
Solyc12g087950.1.1,1588,FUL2.sm,1.4708917633251,0.996454233725343,FUL2_2000
Solyc12g094380.2.1,1662,FUL2.sm,1.29145878173817,0.0108594728976517,FUL2_2000
Solyc12g094530.1.1,520,FUL2.sm,1.4067301948765,0.186784533969739,FUL2_1000
Solyc12g096040.3.1,837,FUL2.sm,1.41104148806015,0.602378661916138,FUL2_1000
Solyc12g096560.2.1,1818,FUL2.sm,1.46031443087371,1.04031446985362,FUL2_2000
Solyc12g096570.1.1,566,FUL2.sm,1.46031443087371,1.04031446985362,FUL2_1000
Solyc12g096670.2.1,817,FUL2.sm,1.3724061825041,0.412012276408539,FUL2_1000
Solyc12g098320.3.1,520,FUL2.sm,1.30002830706633,0.0484842799878287,FUL2_1000
Solyc12g098330.3.1,652,FUL2.sm,1.41871766177618,0.50007101209791,FUL2_1000
Solyc12g098700.1.1,1355,FUL2.sm,1.94011541480074,3.57142403928721,FUL2_1500
Solyc12g099120.3.1,1747,FUL2.sm,1.63060718358749,1.04577428358084,FUL2_2000
Solyc12g099200.2.1,1147,FUL2.sm,1.37619933494993,0.464100147616112,FUL2_1500
Solyc12g099340.3.1,795,FUL2.sm,1.53833855312036,1.44569954407914,FUL2_1000
Solyc12g099350.1.1,1157,FUL2.sm,1.36336733030953,0.180992380158912,FUL2_1500
Solyc12g099810.2.1,413,FUL2.sm,1.40866912332338,0.263778126186763,FUL2_500
Solyc12g099890.2.1,1878,FUL2.sm,2.20680864346069,11.5126414747025,FUL2_2000
Solyc12g100170.1.1,1089,FUL2.sm,1.47362677403984,0.457166894044354,FUL2_1500
