NIOBTv3_g26356	Solyc02g067760.3.1
NIOBTv3_g34962	Solyc01g010135.1.1
NIOBTv3_g30554-D2	Solyc07g049670.3.1
NIOBTv3_g32085	Solyc04g078690.3.1
NIOBTv3_g33573	Solyc10g051140.2.1
NIOBTv3_g34987	Solyc04g077490.3.1
NIOBTv3_g59514	Solyc10g006590.2.1
NIOBTv3_g34479	Solyc06g073990.2.1
NIOBTv3_g09797	Solyc10g006740.3.1
NIOBTv3_g33107	Solyc04g049800.3.1
NIOBTv3_g56522	Solyc03g120380.3.1
NIOBTv3_g36113	Solyc08g081710.3.1
NIOBTv3_g65734-D5	Solyc07g006380.3.1
NIOBTv3_g04888	Solyc08g081810.3.1
NIOBTv3_g32613	Solyc05g016330.3.1
NIOBTv3_g15968	Solyc02g037530.3.1
NIOBTv3_g13046	Solyc05g053610.2.1
NIOBTv3_g08593	Solyc11g012420.2.1
NIOBTv3_g15672	Solyc01g096050.3.1
NIOBTv3_g00125	Solyc05g013440.3.1
NIOBTv3_g07769	Solyc05g051580.3.1
NIOBTv3_g22076	Solyc08g075030.3.1
NIOBTv3_g11075	Solyc05g014390.3.1
NIOBTv3_g38715	Solyc08g007800.3.1
NIOBTv3_g27978	Solyc05g016330.3.1
NIOBTv3_g28565-D2	Solyc09g090020.3.1
NIOBTv3_g26825	Solyc02g078810.3.1
NIOBTv3_g05218	Solyc11g010730.2.1
NIOBTv3_g13473	Solyc02g079520.2.1
NIOBTv3_g15957	Solyc04g080940.3.1
NIOBTv3_g31351	Solyc06g069697.1.1
NIOBTv3_g63374	Solyc09g065140.1.1
NIOBTv3_g26197	Solyc03g122190.3.1
NIOBTv3_g24117	Solyc07g018070.3.1
NIOBTv3_g37478	Solyc06g065060.1.1
NIOBTv3_g25645-D4	Solyc08g078940.1.1
NIOBTv3_g03164	Solyc07g043420.3.1
NIOBTv3_g12224-D2	Solyc12g040640.2.1
NIOBTv3_g39065	Solyc03g113250.3.1
NIOBTv3_g59365-D3	Solyc07g006380.3.1
NIOBTv3_g17411	Solyc02g085500.3.1
NIOBTv3_g31302	Solyc11g066130.1.1
NIOBTv3_g28539	Solyc05g056390.2.1
NIOBTv3_g16190	Solyc08g081620.3.1
NIOBTv3_g20182	Solyc05g006020.3.1
NIOBTv3_g02501	Solyc07g053810.3.1
NIOBTv3_g35939	Solyc01g109270.3.1
NIOBTv3_g23184	Solyc01g007200.2.1
NIOBTv3_g13982	Solyc01g107490.2.1
NIOBTv3_g19981	Solyc09g065670.3.1
NIOBTv3_g05571	Solyc02g070000.3.1
NIOBTv3_g38221	Solyc08g008580.3.1
NIOBTv3_g33535	Solyc03g121680.2.1
NIOBTv3_g00102	Solyc02g093180.3.1
NIOBTv3_g18291	Solyc01g066850.3.1
NIOBTv3_g08832	Solyc02g084590.3.1
NIOBTv3_g59365-D2	Solyc07g006380.3.1
NIOBTv3_g27194	Solyc10g074680.2.1
NIOBTv3_g30891	Solyc02g093850.3.1
NIOBTv3_g39359	Solyc02g089250.3.1
NIOBTv3_g08075	Solyc10g078700.2.1
NIOBTv3_g30898	Solyc07g043490.1.1
NIOBTv3_g10855	Solyc06g008580.3.1
NIOBTv3_g03471	Solyc04g015280.3.1
NIOBTv3_g09074	Solyc04g011680.2.1
NIOBTv3_g38961	Solyc03g111100.1.1
NIOBTv3_g29102	Solyc10g005080.3.1
NIOBTv3_g03876	Solyc08g078460.3.1
NIOBTv3_g30200	Solyc09g061250.3.1
NIOBTv3_g36697	Solyc07g049320.3.1
NIOBTv3_g29375	Solyc03g119600.1.1
NIOBTv3_g27440	Solyc11g069370.2.1
NIOBTv3_g00526	Solyc11g010810.1.1
NIOBTv3_g01459	Solyc02g086050.3.1
NIOBTv3_g39411	Solyc02g081250.2.1
NIOBTv3_g39186	Solyc11g008200.1.1
NIOBTv3_g19771	Solyc05g009390.3.1
NIOBTv3_g23079	Solyc01g091840.3.1
NIOBTv3_g30554	Solyc07g049670.3.1
NIOBTv3_g28544	Solyc09g009220.3.1
NIOBTv3_g08988	Solyc02g067760.3.1
NIOBTv3_g02947	Solyc11g066710.2.1
NIOBTv3_g13148	Solyc11g065360.2.1
NIOBTv3_g12825	Solyc09g082760.3.1
NIOBTv3_g28565	Solyc09g090020.3.1
NIOBTv3_g35642-D2	Solyc01g006520.3.1
NIOBTv3_g03604	Solyc05g012050.3.1
NIOBTv3_g21834	Solyc11g045610.2.1
NIOBTv3_g16926	Solyc08g021820.3.1
NIOBTv3_g12612	Solyc02g087440.3.1
NIOBTv3_g40245-D5	Solyc07g006380.3.1
NIOBTv3_g17311	Solyc06g059860.3.1
NIOBTv3_g33134	Solyc04g008310.2.1
NIOBTv3_g23138	Solyc08g075020.3.1
NIOBTv3_g34012	Solyc03g019690.1.1
NIOBTv3_g00319	Solyc06g051130.1.1
NIOBTv3_g15317	Solyc03g116170.3.1
NIOBTv3_g22701	Solyc02g036350.3.1
NIOBTv3_g62508	Solyc08g075020.3.1
NIOBTv3_g13433	Solyc03g097560.3.1
NIOBTv3_g10904	Solyc07g041640.3.1
NIOBTv3_g11699	Solyc09g011120.1.1
NIOBTv3_g25298	Solyc10g085740.2.1
NIOBTv3_g34445	Solyc11g062060.2.1
NIOBTv3_g20424	Solyc07g063660.1.1
NIOBTv3_g19373	Solyc06g075510.3.1
NIOBTv3_g16490	Solyc01g100510.3.1
NIOBTv3_g37427	Solyc11g006650.2.1
NIOBTv3_g62069	Solyc08g006330.3.1
NIOBTv3_g33704	Solyc05g011870.1.1
NIOBTv3_g32110	Solyc11g040340.2.1
NIOBTv3_g32746	Solyc05g055020.3.1
NIOBTv3_g06344	Solyc08g081350.2.1
NIOBTv3_g08656	Solyc07g014620.1.1
NIOBTv3_g10360	Solyc03g117250.3.1
NIOBTv3_g28792	Solyc04g005100.3.1
NIOBTv3_g13112	Solyc10g079520.1.1
NIOBTv3_g32265-D2	Solyc06g068040.3.1
NIOBTv3_g05598	Solyc09g031580.3.1
NIOBTv3_g12688	Solyc03g031870.2.1
NIOBTv3_g36716	Solyc09g065590.3.1
NIOBTv3_g27668	Solyc05g052130.3.1
NIOBTv3_g06467	Solyc03g007460.2.1
NIOBTv3_g07777	Solyc09g065140.1.1
NIOBTv3_g09037	Solyc04g007890.3.1
NIOBTv3_g28705	Solyc01g091000.3.1
NIOBTv3_g16422	Solyc01g088010.1.1
NIOBTv3_g08865	Solyc09g008270.3.1
NIOBTv3_g14261	Solyc09g090290.3.1
NIOBTv3_g59918	Solyc12g010920.2.1
NIOBTv3_g40245	Solyc07g006380.3.1
NIOBTv3_g31426	Solyc09g074250.3.1
NIOBTv3_g36946	Solyc10g007870.3.1
NIOBTv3_g20583-D2	Solyc09g075360.3.1
NIOBTv3_g18219	Solyc03g123430.3.1
NIOBTv3_g40489	Solyc07g063850.3.1
NIOBTv3_g28610	Solyc07g055180.3.1
NIOBTv3_g25677	Solyc03g006530.3.1
NIOBTv3_g28435	Solyc03g052980.3.1
NIOBTv3_g38552	Solyc08g079850.3.1
NIOBTv3_g18467	Solyc01g065580.3.1
NIOBTv3_g12267	Solyc03g006960.3.1
NIOBTv3_g36337	Solyc01g098110.3.1
NIOBTv3_g21432	Solyc11g069500.2.1
NIOBTv3_g62328-D4	Solyc10g075100.2.1
NIOBTv3_g23645	Solyc10g080260.2.1
NIOBTv3_g08971	Solyc03g006550.3.1
NIOBTv3_g40848	Solyc08g079100.3.1
NIOBTv3_g37789-D2	Solyc09g065620.3.1
NIOBTv3_g38136	Solyc01g099650.3.1
NIOBTv3_g22387	Solyc02g063420.3.1
NIOBTv3_g02869	Solyc09g098420.2.1
NIOBTv3_g04424	Solyc07g054950.2.1
NIOBTv3_g24831	Solyc01g096280.2.1
NIOBTv3_g35940	Solyc01g109270.3.1
NIOBTv3_g14806-D2	Solyc03g097600.3.1
NIOBTv3_g65734	Solyc07g006380.3.1
NIOBTv3_g18208	Solyc09g014950.2.1
NIOBTv3_g02780	Solyc09g008000.3.1
NIOBTv3_g06894	Solyc03g097570.3.1
NIOBTv3_g56692	Solyc02g085590.3.1
NIOBTv3_g40407	Solyc03g078260.3.1
NIOBTv3_g15726-D2	Solyc04g076850.3.1
NIOBTv3_g19812	Solyc02g078010.3.1
NIOBTv3_g61240	Solyc10g083180.2.1
NIOBTv3_g36222-D2	Solyc01g088400.3.1
NIOBTv3_g37284	Solyc07g005540.1.1
NIOBTv3_g24462	Solyc07g047830.3.1
NIOBTv3_g06972	Solyc01g096250.2.1
NIOBTv3_g13429	Solyc10g008680.2.1
NIOBTv3_g06196	Solyc01g017600.3.1
NIOBTv3_g32375	Solyc11g006650.2.1
NIOBTv3_g65734-D3	Solyc07g006380.3.1
NIOBTv3_g02269-D2	Solyc09g009580.3.1
NIOBTv3_g06578	Solyc07g014620.1.1
NIOBTv3_g27798	Solyc08g082135.1.1
NIOBTv3_g03732	Solyc02g080510.1.1
NIOBTv3_g06505	Solyc06g070900.3.1
NIOBTv3_g20949	Solyc10g084010.1.1
NIOBTv3_g66035	Solyc08g075920.3.1
NIOBTv3_g03527	Solyc05g013860.3.1
NIOBTv3_g11169-D2	Solyc05g054190.3.1
NIOBTv3_g65734-D4	Solyc07g006380.3.1
NIOBTv3_g35916	Solyc02g094190.3.1
NIOBTv3_g03121	Solyc05g005770.3.1
NIOBTv3_g32349	Solyc07g054460.3.1
NIOBTv3_g01690	Solyc02g078540.3.1
NIOBTv3_g00022	Solyc05g048830.3.1
NIOBTv3_g17703	Solyc09g092270.3.1
NIOBTv3_g17920	Solyc08g082470.1.1
NIOBTv3_g00496-D2	Solyc06g060530.1.1
NIOBTv3_g28733	Solyc01g080900.3.1
NIOBTv3_g19820	Solyc08g076350.3.1
NIOBTv3_g37684	Solyc12g098540.2.1
NIOBTv3_g03549	Solyc06g074240.2.1
NIOBTv3_g53622	Solyc12g049400.2.1
NIOBTv3_g13410	Solyc02g078570.3.1
NIOBTv3_g09637	Solyc06g008990.1.1
NIOBTv3_g38597	Solyc10g079610.2.1
NIOBTv3_g16694	Solyc04g077210.3.1
NIOBTv3_g36073	Solyc02g078900.3.1
NIOBTv3_g20630	Solyc06g073540.3.1
NIOBTv3_g35337	Solyc01g087060.3.1
NIOBTv3_g34151	Solyc06g076320.1.1
NIOBTv3_g30897	Solyc07g043410.1.1
NIOBTv3_g23506	Solyc04g007720.3.1
NIOBTv3_g05123	Solyc09g007260.3.1
NIOBTv3_g02628	Solyc12g006240.2.1
NIOBTv3_g19840	Solyc11g010710.2.1
NIOBTv3_g38325	Solyc10g084840.2.1
NIOBTv3_g14876	Solyc07g053330.2.1
NIOBTv3_g35452	Solyc06g060830.3.1
NIOBTv3_g31719	Solyc02g070530.3.1
NIOBTv3_g10791	Solyc02g088210.3.1
NIOBTv3_g15878	Solyc02g065570.1.1
NIOBTv3_g16663	Solyc02g072140.1.1
NIOBTv3_g60862	Solyc09g089505.1.1
NIOBTv3_g50817	Solyc02g070780.3.1
NIOBTv3_g21010-D3	Solyc12g008510.2.1
NIOBTv3_g11194	Solyc05g052950.3.1
NIOBTv3_g07606	Solyc01g005060.3.1
NIOBTv3_g06823	Solyc02g082120.3.1
NIOBTv3_g21360	Solyc03g032230.1.1
NIOBTv3_g21769	Solyc08g061930.3.1
NIOBTv3_g11025	Solyc04g079150.1.1
NIOBTv3_g34162	Solyc02g077220.3.1
NIOBTv3_g11508-D2	Solyc01g006170.3.1
NIOBTv3_g02616	Solyc01g008600.3.1
NIOBTv3_g36825	Solyc03g116740.3.1
NIOBTv3_g13699	Solyc10g018640.2.1
NIOBTv3_g17210	Solyc06g076220.3.1
NIOBTv3_g25828	Solyc03g025780.3.1
NIOBTv3_g29262	Solyc11g010760.1.1
NIOBTv3_g04482	Solyc08g061970.3.1
NIOBTv3_g23013	Solyc12g014210.2.1
NIOBTv3_g22652-D2	Solyc02g014720.3.1
NIOBTv3_g15776	Solyc10g076180.1.1
NIOBTv3_g38247	Solyc11g007770.2.1
NIOBTv3_g24860	Solyc01g103960.3.1
NIOBTv3_g36708	Solyc02g092450.3.1
NIOBTv3_g29294	Solyc05g007880.3.1
NIOBTv3_g02056	Solyc01g007170.3.1
NIOBTv3_g19769	Solyc05g009400.2.1
NIOBTv3_g33736	Solyc03g007690.1.1
NIOBTv3_g19085	Solyc12g062840.1.1
NIOBTv3_g32692	Solyc06g084300.1.1
NIOBTv3_g32459	Solyc08g048290.3.1
NIOBTv3_g01046	Solyc09g011070.1.1
NIOBTv3_g08365	Solyc07g041640.3.1
NIOBTv3_g18416	Solyc03g006600.1.1
NIOBTv3_g27254	Solyc03g078260.3.1
NIOBTv3_g25869	Solyc01g028800.2.1
NIOBTv3_g04522	Solyc02g064980.1.1
NIOBTv3_g39632	Solyc03g123530.3.1
NIOBTv3_g15142	Solyc08g080780.3.1
NIOBTv3_g37846	Solyc01g098700.3.1
NIOBTv3_g14164	Solyc05g005240.2.1
NIOBTv3_g02132	Solyc09g008370.1.1
NIOBTv3_g06424-D2	Solyc06g008510.3.1
NIOBTv3_g10851	Solyc04g007390.3.1
NIOBTv3_g32181-D2	Solyc01g008610.3.1
NIOBTv3_g26115	Solyc05g051290.3.1
NIOBTv3_g37593	Solyc08g008020.1.1
NIOBTv3_g09960	Solyc06g069230.3.1
NIOBTv3_g12386-D2	Solyc05g048840.1.1
NIOBTv3_g30029	Solyc08g013900.3.1
NIOBTv3_g35209	Solyc05g053530.1.1
NIOBTv3_g41380	Solyc04g078170.2.1
NIOBTv3_g21503	Solyc11g073080.2.1
NIOBTv3_g20036	Solyc11g011260.1.1
NIOBTv3_g16990	Solyc03g063030.3.1
NIOBTv3_g12187	Solyc11g005440.2.1
NIOBTv3_g11904	Solyc06g034140.2.1
NIOBTv3_g13032	Solyc04g079560.3.1
NIOBTv3_g27093	Solyc09g098060.3.1
NIOBTv3_g38408-D6	Solyc06g053400.3.1
NIOBTv3_g36262	Solyc11g011160.1.1
NIOBTv3_g25435	Solyc01g111800.3.1
NIOBTv3_g23948-D5	Solyc07g063735.1.1
NIOBTv3_g08529	Solyc10g005610.2.1
NIOBTv3_g19542	Solyc02g086600.3.1
NIOBTv3_g29032	Solyc10g055560.2.1
NIOBTv3_g26108	Solyc10g005330.3.1
NIOBTv3_g06424	Solyc06g008510.3.1
NIOBTv3_g16346	Solyc07g063670.2.1
NIOBTv3_g20134-D2	Solyc07g054300.3.1
NIOBTv3_g34491	Solyc02g085710.3.1
NIOBTv3_g30080	Solyc03g113850.1.1
NIOBTv3_g41919	Solyc06g083900.3.1
NIOBTv3_g19654	Solyc04g071500.3.1
NIOBTv3_g00260	Solyc01g066640.2.1
NIOBTv3_g14171	Solyc08g007590.3.1
NIOBTv3_g38891	Solyc01g079520.3.1
NIOBTv3_g20167	Solyc12g094600.2.1
NIOBTv3_g19852	Solyc03g006800.1.1
NIOBTv3_g34082	Solyc10g006423.1.1
NIOBTv3_g60082	Solyc01g103500.3.1
NIOBTv3_g06290	Solyc05g023760.3.1
NIOBTv3_g24873	Solyc03g121020.3.1
NIOBTv3_g35642-D3	Solyc01g006520.3.1
NIOBTv3_g09914-D2	Solyc02g080540.1.1
NIOBTv3_g13396	Solyc04g051610.3.1
NIOBTv3_g10534	Solyc11g071290.2.1
NIOBTv3_g22924	Solyc06g063280.1.1
NIOBTv3_g30618	Solyc04g014260.2.1
NIOBTv3_g30652	Solyc11g012210.1.1
NIOBTv3_g07577	Solyc07g062280.3.1
NIOBTv3_g05486-D2	Solyc09g011960.2.1
NIOBTv3_g36424	Solyc02g036370.3.1
NIOBTv3_g35179	Solyc09g066390.1.1
NIOBTv3_g00293	Solyc02g030460.2.1
NIOBTv3_g17883	Solyc05g012330.3.1
NIOBTv3_g03882	Solyc08g078520.3.1
NIOBTv3_g20130	Solyc08g077360.3.1
NIOBTv3_g36804	Solyc12g056340.2.1
NIOBTv3_g24878	Solyc09g098490.3.1
NIOBTv3_g48273-D13	Solyc04g080120.1.1
NIOBTv3_g39854-D2	Solyc11g010650.3.1
NIOBTv3_g26115-D3	Solyc11g011160.1.1
NIOBTv3_g23721	Solyc10g080870.3.1
NIOBTv3_g26502	Solyc10g009430.3.1
NIOBTv3_g35703	Solyc02g065340.2.1
NIOBTv3_g08045	Solyc11g065910.1.1
NIOBTv3_g33129-D2	Solyc11g017010.2.1
NIOBTv3_g17607	Solyc01g095760.3.1
NIOBTv3_g27624	Solyc11g068430.2.1
NIOBTv3_g28706	Solyc01g091010.3.1
NIOBTv3_g13866	Solyc10g086500.1.1
NIOBTv3_g34330	Solyc07g052930.3.1
NIOBTv3_g16751	Solyc05g009880.3.1
NIOBTv3_g22652	Solyc02g014720.3.1
NIOBTv3_g30638	Solyc11g020330.1.1
NIOBTv3_g14005	Solyc11g069850.2.1
NIOBTv3_g21555	Solyc01g080380.3.1
NIOBTv3_g22515	Solyc11g012360.2.1
NIOBTv3_g30577-D3	Solyc10g079350.2.1
NIOBTv3_g27811	Solyc06g083860.2.1
NIOBTv3_g08271	Solyc01g066560.3.1
NIOBTv3_g11023	Solyc04g079125.1.1
NIOBTv3_g32912	Solyc11g005120.2.1
NIOBTv3_g09097	Solyc01g080760.3.1
NIOBTv3_g03223	Solyc06g007790.1.1
NIOBTv3_g29142	Solyc11g067260.2.1
NIOBTv3_g26786-D2	Solyc05g011920.3.1
NIOBTv3_g27696	Solyc08g008610.3.1
NIOBTv3_g41460	Solyc09g042710.3.1
NIOBTv3_g41972	Solyc12g020050.2.1
NIOBTv3_g01132	Solyc10g084370.2.1
NIOBTv3_g24322	Solyc05g007180.3.1
NIOBTv3_g02269	Solyc09g009580.3.1
NIOBTv3_g31875	Solyc10g005330.3.1
NIOBTv3_g18509	Solyc06g082290.3.1
NIOBTv3_g27172	Solyc02g085750.3.1
NIOBTv3_g35706	Solyc11g068970.1.1
NIOBTv3_g05471	Solyc01g079130.2.1
NIOBTv3_g36376	Solyc02g072310.3.1
NIOBTv3_g13460	Solyc02g085190.2.1
NIOBTv3_g33223-D2	Solyc02g068580.1.1
NIOBTv3_g06751	Solyc08g077400.2.1
NIOBTv3_g59958	Solyc09g008840.3.1
NIOBTv3_g29229	Solyc02g079580.3.1
NIOBTv3_g30169	Solyc06g074680.3.1
NIOBTv3_g32013	Solyc04g071400.3.1
NIOBTv3_g16071	Solyc03g114790.3.1
NIOBTv3_g06167	Solyc02g021350.3.1
NIOBTv3_g37625	Solyc06g051720.3.1
NIOBTv3_g22064	Solyc02g068510.2.1
NIOBTv3_g10090	Solyc12g009220.2.1
NIOBTv3_g29727	Solyc04g005530.2.1
NIOBTv3_g10334	Solyc04g079700.3.1
NIOBTv3_g28434	Solyc03g118070.3.1
NIOBTv3_g32817	Solyc05g007100.3.1
NIOBTv3_g22209	Solyc05g014150.3.1
NIOBTv3_g31060	Solyc12g041890.2.1
NIOBTv3_g24314	Solyc03g005280.3.1
NIOBTv3_g23995	Solyc02g088750.2.1
NIOBTv3_g34498	Solyc10g086280.2.1
NIOBTv3_g17515	Solyc03g005460.3.1
NIOBTv3_g14765-D3	Solyc10g078360.2.1
NIOBTv3_g41264	Solyc11g056650.2.1
NIOBTv3_g12869	Solyc04g081790.3.1
NIOBTv3_g16235	Solyc11g062120.2.1
NIOBTv3_g12620	Solyc10g008680.2.1
NIOBTv3_g28078	Solyc06g064550.3.1
NIOBTv3_g17166	Solyc08g006500.3.1
NIOBTv3_g08317	Solyc05g015890.3.1
NIOBTv3_g13205	Solyc03g079930.3.1
NIOBTv3_g40312	Solyc12g008900.2.1
NIOBTv3_g31911	Solyc08g076300.3.1
NIOBTv3_g13769	Solyc03g118770.3.1
NIOBTv3_g14406	Solyc02g062740.3.1
NIOBTv3_g32928	Solyc09g083100.1.1
NIOBTv3_g29526	Solyc02g069880.3.1
NIOBTv3_g09408	Solyc01g096550.3.1
NIOBTv3_g40806	Solyc02g065170.3.1
NIOBTv3_g11850	Solyc11g010760.1.1
NIOBTv3_g15525	Solyc01g105650.3.1
NIOBTv3_g03995	Solyc08g006240.2.1
NIOBTv3_g43192	Solyc04g005360.1.1
NIOBTv3_g05033	Solyc07g049500.3.1
NIOBTv3_g36700	Solyc03g112060.3.1
NIOBTv3_g13718	Solyc01g102360.2.1
NIOBTv3_g38918	Solyc06g053440.3.1
NIOBTv3_g34800	Solyc03g026080.3.1
NIOBTv3_g05486	Solyc09g011960.2.1
NIOBTv3_g13538	Solyc08g006350.3.1
NIOBTv3_g13820	Solyc03g114310.3.1
NIOBTv3_g03048	Solyc08g080540.3.1
NIOBTv3_g02834	Solyc02g091540.3.1
NIOBTv3_g22632-D2	Solyc02g071730.3.1
NIOBTv3_g16194	Solyc08g081590.2.1
NIOBTv3_g22006	Solyc07g007240.3.1
NIOBTv3_g20011	Solyc04g008455.1.1
NIOBTv3_g06519	Solyc03g123540.3.1
NIOBTv3_g18057	Solyc06g071540.3.1
NIOBTv3_g10764	Solyc01g009270.1.1
NIOBTv3_g08185	Solyc09g009770.3.1
NIOBTv3_g26492	Solyc01g059870.4.1
NIOBTv3_g11704	Solyc03g117970.3.1
NIOBTv3_g28032	Solyc12g044320.2.1
NIOBTv3_g33800	Solyc03g113450.3.1
NIOBTv3_g10738	Solyc09g090090.2.1
NIOBTv3_g36222	Solyc01g088400.3.1
NIOBTv3_g29802	Solyc01g098070.1.1
NIOBTv3_g32915	Solyc07g062530.3.1
NIOBTv3_g38437	Solyc09g015080.3.1
NIOBTv3_g17765	Solyc11g012510.2.1
NIOBTv3_g59457	Solyc03g025190.4.1
NIOBTv3_g18273	Solyc12g038370.2.1
NIOBTv3_g30068	Solyc01g066520.3.1
NIOBTv3_g27737	Solyc11g005860.2.1
NIOBTv3_g64372	Solyc06g068970.3.1
NIOBTv3_g21794	Solyc03g031940.3.1
NIOBTv3_g02388	Solyc03g097700.3.1
NIOBTv3_g38873	Solyc06g063085.1.1
NIOBTv3_g39278	Solyc09g008450.3.1
NIOBTv3_g27862	Solyc03g006670.3.1
NIOBTv3_g19758	Solyc07g052620.1.1
NIOBTv3_g23862	Solyc03g033860.1.1
NIOBTv3_g14428	Solyc04g054800.3.1
NIOBTv3_g19828	Solyc11g010980.2.1
NIOBTv3_g05911	Solyc09g011120.1.1
NIOBTv3_g66065	Solyc07g063470.1.1
NIOBTv3_g56261	Solyc06g010250.3.1
NIOBTv3_g03580	Solyc01g103785.1.1
NIOBTv3_g13310	Solyc02g087660.3.1
NIOBTv3_g08359	Solyc08g061650.3.1
NIOBTv3_g22770	Solyc04g025530.3.1
NIOBTv3_g10104	Solyc01g081090.2.1
NIOBTv3_g01473	Solyc02g014355.1.1
NIOBTv3_g42612	Solyc12g094530.1.1
NIOBTv3_g25900	Solyc01g006720.3.1
NIOBTv3_g29350	Solyc06g066800.2.1
NIOBTv3_g19213	Solyc11g066100.2.1
NIOBTv3_g36833	Solyc03g025270.3.1
NIOBTv3_g20701	Solyc01g057210.3.1
NIOBTv3_g38761	Solyc11g007590.2.1
NIOBTv3_g18443	Solyc07g062480.1.1
NIOBTv3_g09160	Solyc11g011770.2.1
NIOBTv3_g27636	Solyc07g043330.2.1
NIOBTv3_g08574	Solyc10g078650.2.1
NIOBTv3_g29183	Solyc01g009860.3.1
NIOBTv3_g40761	Solyc09g005880.1.1
NIOBTv3_g32143	Solyc09g064890.3.1
NIOBTv3_g04626	Solyc04g016080.2.1
NIOBTv3_g32424	Solyc02g070280.3.1
NIOBTv3_g28105	Solyc07g063650.3.1
NIOBTv3_g29450	Solyc08g074290.3.1
NIOBTv3_g39430	Solyc02g081810.3.1
NIOBTv3_g32419	Solyc11g065630.2.1
NIOBTv3_g22318	Solyc07g049250.1.1
NIOBTv3_g04802	Solyc07g066350.1.1
NIOBTv3_g30114	Solyc09g064230.2.1
NIOBTv3_g16358	Solyc03g118320.1.1
NIOBTv3_g03802	Solyc10g081650.2.1
NIOBTv3_g20402	Solyc06g071180.3.1
NIOBTv3_g17595	Solyc02g083950.3.1
NIOBTv3_g14765-D2	Solyc10g078360.2.1
NIOBTv3_g40154	Solyc10g083860.2.1
NIOBTv3_g33206	Solyc07g008100.3.1
NIOBTv3_g08609	Solyc02g069630.3.1
NIOBTv3_g03577	Solyc06g074110.3.1
NIOBTv3_g14000	Solyc11g071240.2.1
NIOBTv3_g07452	Solyc08g080150.1.1
NIOBTv3_g38184	Solyc08g062940.3.1
NIOBTv3_g33304	Solyc01g094390.2.1
NIOBTv3_g34352	Solyc01g091370.3.1
NIOBTv3_g56470	Solyc02g065350.3.1
NIOBTv3_g18608	Solyc06g066530.1.1
NIOBTv3_g02893	Solyc02g084240.3.1
NIOBTv3_g37480	Solyc04g054930.3.1
NIOBTv3_g28468	Solyc01g109150.4.1
NIOBTv3_g01072	Solyc12g009590.2.1
NIOBTv3_g01072	Solyc12g009590.2.1
NIOBTv3_g23344	Solyc06g071480.3.1
NIOBTv3_g25141	Solyc07g054560.1.1
NIOBTv3_g34147	Solyc03g110860.3.1
NIOBTv3_g13919	Solyc04g081080.1.1
NIOBTv3_g03495	Solyc05g007230.3.1
NIOBTv3_g01112	Solyc00g091170.3.1
NIOBTv3_g11113	Solyc07g056410.3.1
NIOBTv3_g23211-D2	Solyc08g082890.3.1
NIOBTv3_g02526	Solyc04g076350.1.1
NIOBTv3_g24073	Solyc03g033390.3.1
NIOBTv3_g39076	Solyc03g116380.3.1
NIOBTv3_g08761	Solyc06g082270.2.1
NIOBTv3_g34612	Solyc01g100580.3.1
NIOBTv3_g13762	Solyc01g111100.4.1
NIOBTv3_g28483	Solyc02g090310.1.1
NIOBTv3_g31435	Solyc01g066450.3.1
NIOBTv3_g06157	Solyc02g070700.2.1
NIOBTv3_g53324-D2	Solyc06g066447.1.1
NIOBTv3_g10214	Solyc10g047120.2.1
NIOBTv3_g34492	Solyc02g085700.1.1
NIOBTv3_g32646	Solyc12g044840.2.1
NIOBTv3_g60721-D3	Solyc07g021735.1.1
NIOBTv3_g33635	Solyc05g006770.3.1
NIOBTv3_g14530	Solyc03g122350.3.1
NIOBTv3_g11377	Solyc07g041870.3.1
NIOBTv3_g04981	Solyc12g006790.2.1
NIOBTv3_g31246	Solyc09g008380.3.1
NIOBTv3_g21774	Solyc12g088650.2.1
NIOBTv3_g57242	Solyc08g013845.1.1
NIOBTv3_g29370	Solyc01g097070.3.1
NIOBTv3_g04971	Solyc11g032050.2.1
NIOBTv3_g17151	Solyc03g118630.3.1
NIOBTv3_g13603	Solyc02g081420.3.1
NIOBTv3_g28949	Solyc04g081270.1.1
NIOBTv3_g23290	Solyc04g058170.1.1
NIOBTv3_g11502	Solyc01g006140.3.1
NIOBTv3_g23847	Solyc08g076610.3.1
NIOBTv3_g23588	Solyc09g042230.1.1
NIOBTv3_g21123	Solyc06g064510.2.1
NIOBTv3_g11408	Solyc09g076050.3.1
NIOBTv3_g14858	Solyc11g017130.2.1
NIOBTv3_g09703	Solyc02g064690.3.1
NIOBTv3_g40672	Solyc11g062060.2.1
NIOBTv3_g38545	Solyc01g091050.3.1
NIOBTv3_g02382	Solyc05g008060.3.1
NIOBTv3_g07472	Solyc04g081390.3.1
NIOBTv3_g04023	Solyc09g018490.3.1
NIOBTv3_g07762	Solyc01g111590.3.1
NIOBTv3_g03757-D7	Solyc08g083450.2.1
NIOBTv3_g16331-D2	Solyc03g044230.1.1
NIOBTv3_g10136	Solyc09g011350.2.1
NIOBTv3_g10313	Solyc11g045240.2.1
NIOBTv3_g15410	Solyc08g066510.3.1
NIOBTv3_g36946-D3	Solyc10g007870.3.1
NIOBTv3_g18508	Solyc06g082300.3.1
NIOBTv3_g39127-D5	Solyc05g013450.3.1
NIOBTv3_g25671	Solyc11g005630.1.1
NIOBTv3_g06822	Solyc10g005220.3.1
NIOBTv3_g08622	Solyc04g078770.3.1
NIOBTv3_g01748	Solyc03g120970.3.1
NIOBTv3_g39034	Solyc03g116320.3.1
NIOBTv3_g16252	Solyc10g083510.2.1
NIOBTv3_g11785	Solyc08g075880.3.1
NIOBTv3_g37993	Solyc07g047790.3.1
NIOBTv3_g18340	Solyc07g062840.3.1
NIOBTv3_g19649	Solyc05g012060.3.1
NIOBTv3_g15420	Solyc12g096070.2.1
NIOBTv3_g19516	Solyc12g009820.2.1
NIOBTv3_g26593	Solyc03g123490.1.1
NIOBTv3_g29583	Solyc06g007610.2.1
NIOBTv3_g56165	Solyc04g072570.3.1
NIOBTv3_g23870	Solyc02g090180.3.1
NIOBTv3_g39413-D2	Solyc09g075210.3.1
NIOBTv3_g01365	Solyc06g073680.3.1
NIOBTv3_g00597	Solyc11g011410.2.1
NIOBTv3_g37706	Solyc02g063380.1.1
NIOBTv3_g03518	Solyc11g042810.2.1
NIOBTv3_g21698	Solyc09g092130.3.1
NIOBTv3_g19906	Solyc11g067140.2.1
NIOBTv3_g36772-D3	Solyc11g005230.1.1
NIOBTv3_g05935	Solyc12g008380.1.1
NIOBTv3_g33572	Solyc02g087010.2.1
NIOBTv3_g12177	Solyc02g032860.3.1
NIOBTv3_g06383	Solyc02g078690.2.1
NIOBTv3_g09900-D41	Solyc01g006520.3.1
NIOBTv3_g32084	Solyc04g078700.3.1
NIOBTv3_g35921	Solyc01g100030.4.1
NIOBTv3_g38488	Solyc07g016180.3.1
NIOBTv3_g33632	Solyc06g008090.3.1
NIOBTv3_g32642	Solyc06g009510.1.1
NIOBTv3_g30026	Solyc05g008380.3.1
NIOBTv3_g35089	Solyc03g025560.3.1
NIOBTv3_g04409	Solyc07g066675.1.1
NIOBTv3_g04082	Solyc10g038190.2.1
NIOBTv3_g35953	Solyc01g009040.3.1
NIOBTv3_g39238	Solyc08g081155.1.1
NIOBTv3_g16585	Solyc09g090400.3.1
NIOBTv3_g35445	Solyc03g007960.3.1
NIOBTv3_g38763	Solyc11g007610.2.1
NIOBTv3_g07765	Solyc10g082000.2.1
NIOBTv3_g22548	Solyc10g007110.3.1
NIOBTv3_g19376	Solyc01g079150.3.1
NIOBTv3_g08281	Solyc01g005440.3.1
NIOBTv3_g20055	Solyc03g046470.3.1
NIOBTv3_g05948	Solyc06g068310.1.1
NIOBTv3_g39559-D2	Solyc12g098390.2.1
NIOBTv3_g65079	Solyc06g034070.2.1
NIOBTv3_g39268	Solyc09g082830.3.1
NIOBTv3_g31085	Solyc03g112880.1.1
NIOBTv3_g65537	Solyc11g006850.2.1
NIOBTv3_g38271	Solyc12g056010.2.1
NIOBTv3_g14502	Solyc02g082290.3.1
NIOBTv3_g54237	Solyc10g044915.1.1
NIOBTv3_g11994	Solyc07g005020.3.1
NIOBTv3_g33932	Solyc01g067480.3.1
NIOBTv3_g06973	Solyc01g096240.3.1
NIOBTv3_g11804	Solyc10g005950.3.1
NIOBTv3_g32385	Solyc03g112420.2.1
NIOBTv3_g19343	Solyc09g092510.3.1
NIOBTv3_g00876	Solyc01g093980.3.1
NIOBTv3_g20098	Solyc10g083180.2.1
NIOBTv3_g06469	Solyc03g093310.3.1
NIOBTv3_g17163	Solyc08g006500.3.1
NIOBTv3_g03686	Solyc12g008520.2.1
NIOBTv3_g13601	Solyc02g081440.3.1
NIOBTv3_g19739	Solyc10g081250.2.1
NIOBTv3_g16358-D2	Solyc03g118320.1.1
NIOBTv3_g16158	Solyc01g091260.3.1
NIOBTv3_g22666	Solyc10g049720.2.1
NIOBTv3_g19321	Solyc05g056480.3.1
NIOBTv3_g23264	Solyc06g060480.1.1
NIOBTv3_g29306	Solyc01g111740.3.1
NIOBTv3_g13033	Solyc04g079570.1.1
NIOBTv3_g33745	Solyc03g114940.3.1
NIOBTv3_g04198	Solyc03g098450.3.1
NIOBTv3_g33437	Solyc07g055060.3.1
NIOBTv3_g01192	Solyc01g097190.3.1
NIOBTv3_g08052	Solyc11g066010.2.1
NIOBTv3_g38826	Solyc01g088580.1.1
NIOBTv3_g07349	Solyc05g007870.2.1
NIOBTv3_g24861	Solyc01g103970.3.1
NIOBTv3_g05919	Solyc09g011240.3.1
NIOBTv3_g08766	Solyc10g080320.2.1
NIOBTv3_g23006	Solyc05g015880.3.1
NIOBTv3_g12232	Solyc03g116610.3.1
NIOBTv3_g18707	Solyc12g094420.2.1
NIOBTv3_g17823	Solyc01g107390.3.1
NIOBTv3_g35686	Solyc01g104640.3.1
NIOBTv3_g12799	Solyc06g072760.3.1
NIOBTv3_g18515	Solyc04g015940.3.1
NIOBTv3_g24699	Solyc01g005990.3.1
NIOBTv3_g19184	Solyc06g076400.3.1
NIOBTv3_g37699-D3	Solyc05g005460.3.1
NIOBTv3_g37308-D2	Solyc06g065450.3.1
NIOBTv3_g25314	Solyc02g082180.3.1
NIOBTv3_g20341	Solyc10g006820.3.1
NIOBTv3_g04606	Solyc10g008210.3.1
NIOBTv3_g37858	Solyc06g062880.2.1
NIOBTv3_g05739	Solyc07g051820.3.1
NIOBTv3_g20769	Solyc01g087990.3.1
NIOBTv3_g32884	Solyc03g117040.3.1
NIOBTv3_g02069	Solyc05g046040.2.1
NIOBTv3_g02129	Solyc09g008330.3.1
NIOBTv3_g35650	Solyc09g098110.3.1
NIOBTv3_g38125-D4	Solyc09g098060.3.1
NIOBTv3_g32878	Solyc06g064660.3.1
NIOBTv3_g34342	Solyc02g092720.1.1
NIOBTv3_g31952	Solyc11g069910.2.1
NIOBTv3_g56773	Solyc06g060480.1.1
NIOBTv3_g27254-D2	Solyc03g078260.3.1
NIOBTv3_g19928	Solyc03g115660.3.1
NIOBTv3_g33173	Solyc01g110130.3.1
NIOBTv3_g35563	Solyc04g051510.1.1
NIOBTv3_g30585	Solyc12g019320.2.1
NIOBTv3_g33398	Solyc01g066440.3.1
NIOBTv3_g08226	Solyc02g081570.3.1
NIOBTv3_g41120	Solyc10g079930.1.1
NIOBTv3_g31427	Solyc09g074240.1.1
NIOBTv3_g36634	Solyc03g097740.1.1
NIOBTv3_g39237	Solyc08g081140.3.1
NIOBTv3_g56851	Solyc12g006530.2.1
NIOBTv3_g15623	Solyc11g040120.2.1
NIOBTv3_g08112	Solyc04g008880.3.1
NIOBTv3_g12378	Solyc02g085230.3.1
NIOBTv3_g38502	Solyc06g076770.3.1
NIOBTv3_g18290	Solyc01g066860.3.1
NIOBTv3_g04974	Solyc04g071295.1.1
NIOBTv3_g32617	Solyc05g054400.3.1
NIOBTv3_g38983	Solyc03g013160.3.1
NIOBTv3_g07438	Solyc03g025650.2.1
NIOBTv3_g32562-D2	Solyc06g084090.3.1
NIOBTv3_g30883	Solyc02g068060.3.1
NIOBTv3_g15138	Solyc08g080720.2.1
NIOBTv3_g11818	Solyc01g106750.2.1
NIOBTv3_g20366	Solyc03g111797.1.1
NIOBTv3_g16654	Solyc06g065630.3.1
NIOBTv3_g06060	Solyc02g069960.3.1
NIOBTv3_g01832	Solyc09g065360.3.1
NIOBTv3_g18239	Solyc02g084005.1.1
NIOBTv3_g40652	Solyc12g011360.2.1
NIOBTv3_g29176	Solyc01g100600.3.1
NIOBTv3_g03502	Solyc05g009100.3.1
NIOBTv3_g29313	Solyc10g005020.3.1
NIOBTv3_g29022	Solyc06g009150.1.1
NIOBTv3_g42365	Solyc01g080640.3.1
NIOBTv3_g39479	Solyc04g014700.3.1
NIOBTv3_g10611	Solyc06g062600.3.1
NIOBTv3_g13552	Solyc02g086650.3.1
NIOBTv3_g29279	Solyc10g054860.2.1
NIOBTv3_g38834	Solyc02g079930.3.1
NIOBTv3_g19570	Solyc02g067320.2.1
NIOBTv3_g25804	Solyc08g078090.1.1
NIOBTv3_g19504	Solyc04g078210.2.1
NIOBTv3_g15036	Solyc05g026180.2.1
NIOBTv3_g27800-D2	Solyc08g082160.3.1
NIOBTv3_g12413	Solyc12g005950.2.1
NIOBTv3_g25568	Solyc12g042580.2.1
NIOBTv3_g38690	Solyc11g071310.1.1
NIOBTv3_g29879	Solyc04g080340.3.1
NIOBTv3_g07545	Solyc06g082590.1.1
NIOBTv3_g06725	Solyc08g080960.3.1
NIOBTv3_g32485	Solyc02g092980.3.1
NIOBTv3_g15423-D2	Solyc12g096040.2.1
NIOBTv3_g34534	Solyc10g085210.2.1
NIOBTv3_g32276	Solyc08g081650.2.1
NIOBTv3_g03280	Solyc03g097230.1.1
NIOBTv3_g02992	Solyc01g081640.3.1
NIOBTv3_g13152	Solyc05g047420.3.1
NIOBTv3_g12212	Solyc06g069870.3.1
NIOBTv3_g35344	Solyc03g044085.1.1
NIOBTv3_g35588	Solyc02g090730.3.1
NIOBTv3_g26878	Solyc04g077520.3.1
NIOBTv3_g21970	Solyc02g087510.3.1
NIOBTv3_g02670	Solyc04g005290.3.1
NIOBTv3_g40032	Solyc04g082110.3.1
NIOBTv3_g14827	Solyc04g078310.3.1
NIOBTv3_g35996	Solyc08g008240.3.1
NIOBTv3_g03455	Solyc02g084410.3.1
NIOBTv3_g28834-D3	Solyc06g060500.1.1
NIOBTv3_g40962	Solyc09g005750.3.1
NIOBTv3_g40617	Solyc02g024050.3.1
NIOBTv3_g61072	Solyc05g054400.3.1
NIOBTv3_g21916	Solyc07g049290.3.1
NIOBTv3_g13473-D3	Solyc03g006710.1.1
NIOBTv3_g56268	Solyc10g054800.2.1
NIOBTv3_g34506	Solyc02g077060.2.1
NIOBTv3_g15384	Solyc10g080540.2.1
NIOBTv3_g02796	Solyc03g112460.3.1
NIOBTv3_g35029	Solyc12g007030.2.1
NIOBTv3_g10643	Solyc05g051390.3.1
NIOBTv3_g38126-D3	Solyc09g098060.3.1
NIOBTv3_g27812	Solyc06g083880.2.1
NIOBTv3_g27010	Solyc02g021100.3.1
NIOBTv3_g01050	Solyc09g011090.2.1
NIOBTv3_g35596	Solyc01g098140.3.1
NIOBTv3_g13483	Solyc03g026050.3.1
NIOBTv3_g07799	Solyc06g048620.3.1
NIOBTv3_g24772	Solyc09g014160.2.1
NIOBTv3_g22392	Solyc08g079760.3.1
NIOBTv3_g31983	Solyc06g076660.3.1
NIOBTv3_g11896	Solyc12g035470.2.1
NIOBTv3_g04651	Solyc08g066990.3.1
NIOBTv3_g19850	Solyc05g015840.3.1
NIOBTv3_g12384	Solyc03g111850.3.1
NIOBTv3_g08746	Solyc12g005900.2.1
NIOBTv3_g30679	Solyc03g113720.3.1
NIOBTv3_g10040	Solyc11g020910.2.1
NIOBTv3_g64246-D8	Solyc03g031500.1.1
NIOBTv3_g05714	Solyc11g010380.2.1
NIOBTv3_g64617-D2	Solyc01g110870.3.1
NIOBTv3_g39559	Solyc12g098390.2.1
NIOBTv3_g30678	Solyc03g113710.3.1
NIOBTv3_g15191	Solyc02g081270.3.1
NIOBTv3_g32383	Solyc06g071680.3.1
NIOBTv3_g14535	Solyc12g017880.2.1
NIOBTv3_g32155	Solyc09g072560.3.1
NIOBTv3_g38155	Solyc09g011690.3.1
NIOBTv3_g24048	Solyc01g094600.2.1
NIOBTv3_g06095	Solyc02g090620.3.1
NIOBTv3_g03690	Solyc05g013930.2.1
NIOBTv3_g21351	Solyc09g082080.1.1
NIOBTv3_g07652	Solyc01g088250.3.1
NIOBTv3_g40295	Solyc06g051045.1.1
NIOBTv3_g06292	Solyc01g068070.3.1
NIOBTv3_g04898-D6	Solyc01g006520.3.1
NIOBTv3_g36406	Solyc11g068720.2.1
NIOBTv3_g08416	Solyc03g098200.3.1
NIOBTv3_g32507-D2	Solyc10g078540.2.1
NIOBTv3_g31171	Solyc12g098900.2.1
NIOBTv3_g36596	Solyc02g079960.3.1
NIOBTv3_g19048-D2	Solyc10g011660.3.1
NIOBTv3_g35482	Solyc08g015670.3.1
NIOBTv3_g05067	Solyc08g075920.3.1
NIOBTv3_g25653	Solyc06g054630.2.1
NIOBTv3_g36567	Solyc08g083270.2.1
NIOBTv3_g13473-D2	Solyc03g006710.1.1
NIOBTv3_g16606	Solyc04g054685.1.1
NIOBTv3_g27999	Solyc07g063180.3.1
NIOBTv3_g34556	Solyc12g013990.2.1
NIOBTv3_g36121	Solyc09g064160.3.1
NIOBTv3_g18434	Solyc03g006840.3.1
NIOBTv3_g34681	Solyc07g052400.3.1
NIOBTv3_g21146	Solyc06g075630.3.1
NIOBTv3_g09776	Solyc08g077990.3.1
NIOBTv3_g35642	Solyc01g006520.3.1
NIOBTv3_g35841	Solyc05g014240.3.1
NIOBTv3_g19799	Solyc01g105000.3.1
NIOBTv3_g33938	Solyc01g010250.3.1
NIOBTv3_g28561	Solyc11g056650.2.1
NIOBTv3_g19754	Solyc04g076530.3.1
NIOBTv3_g26494	Solyc11g005420.2.1
NIOBTv3_g64617	Solyc01g110870.3.1
NIOBTv3_g61317	Solyc04g056390.3.1
NIOBTv3_g38524	Solyc02g093950.3.1
NIOBTv3_g11968	Solyc07g042580.3.1
NIOBTv3_g20578	Solyc01g109750.2.1
NIOBTv3_g15286	Solyc08g075230.1.1
NIOBTv3_g22623	Solyc11g010190.1.1
NIOBTv3_g60216	Solyc02g067810.1.1
NIOBTv3_g04441	Solyc02g070580.1.1
NIOBTv3_g33040	Solyc03g007420.3.1
NIOBTv3_g11158	Solyc10g085900.2.1
NIOBTv3_g22249-D2	Solyc11g006310.2.1
NIOBTv3_g01835	Solyc04g082450.3.1
NIOBTv3_g00605-D2	Solyc12g014250.2.1
NIOBTv3_g26797	Solyc08g005830.1.1
NIOBTv3_g32007-D2	Solyc11g069170.2.1
NIOBTv3_g25909	Solyc12g099780.2.1
NIOBTv3_g25909	Solyc12g099780.2.1
NIOBTv3_g02763-D2	Solyc03g123760.3.1
NIOBTv3_g38683	Solyc09g075750.1.1
NIOBTv3_g25857	Solyc01g060415.1.1
NIOBTv3_g12277	Solyc07g007140.3.1
NIOBTv3_g04059	Solyc07g038160.3.1
NIOBTv3_g35697	Solyc04g011960.2.1
NIOBTv3_g14841	Solyc07g048110.3.1
NIOBTv3_g23682	Solyc03g096870.3.1
NIOBTv3_g06968	Solyc07g032510.3.1
NIOBTv3_g09660	Solyc09g018690.3.1
