Solyc01g111145.1.1	NIOBTv3_g31399
Solyc05g047530.3.1	NIOBTv3_g15045
Solyc07g064050.3.1	NIOBTv3_g19683
Solyc02g072240.3.1	NIOBTv3_g22443
Solyc08g006730.1.1	NIOBTv3_g07666
Solyc09g008280.2.1	NIOBTv3_g44246
Solyc09g007660.1.1	NIOBTv3_g07465
Solyc07g005840.2.1	NIOBTv3_g12440
Solyc02g086460.3.1	NIOBTv3_g30115
Solyc02g086460.3.1	NIOBTv3_g30115
Solyc02g086460.3.1	NIOBTv3_g30115
Solyc02g086460.3.1	NIOBTv3_g30115
Solyc02g086460.3.1	NIOBTv3_g30115
Solyc02g086460.3.1	NIOBTv3_g30115
Solyc02g086460.3.1	NIOBTv3_g30115
Solyc02g086460.3.1	NIOBTv3_g30115
Solyc02g086460.3.1	NIOBTv3_g30115
Solyc02g086460.3.1	NIOBTv3_g30115
Solyc02g086460.3.1	NIOBTv3_g30115
Solyc02g086460.3.1	NIOBTv3_g30115
Solyc02g086460.3.1	NIOBTv3_g30115
Solyc02g086460.3.1	NIOBTv3_g30115
Solyc02g086460.3.1	NIOBTv3_g30115
Solyc02g086460.3.1	NIOBTv3_g30115
Solyc04g078990.3.1	NIOBTv3_g39115
Solyc09g014240.3.1	NIOBTv3_g15209
Solyc02g093090.1.1	NIOBTv3_g38001
Solyc06g066170.3.1	NIOBTv3_g18736
Solyc11g069540.2.1	NIOBTv3_g07555
Solyc12g014130.2.1	NIOBTv3_g22261
Solyc11g071970.2.1	NIOBTv3_g30657
Solyc08g008660.3.1	NIOBTv3_g13108
Solyc02g064955.1.1	NIOBTv3_g38001
Solyc10g076830.2.1	NIOBTv3_g15209
Solyc01g079170.3.1	NIOBTv3_g12777
Solyc05g041910.3.1	NIOBTv3_g02105
Solyc03g096030.3.1	NIOBTv3_g36147
Solyc04g014470.3.1	NIOBTv3_g27195
Solyc03g070440.3.1	NIOBTv3_g19523
Solyc07g065810.2.1	NIOBTv3_g02008
Solyc10g006500.3.1	NIOBTv3_g09123
Solyc09g009010.3.1	NIOBTv3_g41378
Solyc10g076830.2.1	NIOBTv3_g15209
Solyc11g069540.2.1	NIOBTv3_g07555
Solyc02g084570.3.1	NIOBTv3_g35114
Solyc03g080150.3.1	NIOBTv3_g15022
Solyc05g056450.3.1	NIOBTv3_g05189
Solyc06g050530.3.1	NIOBTv3_g60652
Solyc11g066640.1.1	NIOBTv3_g17909-D2
Solyc01g081040.3.1	NIOBTv3_g04094
Solyc05g005877.1.1	NIOBTv3_g41131
Solyc08g061250.3.1	NIOBTv3_g33147
Solyc01g081600.3.1	NIOBTv3_g35888
Solyc11g042560.1.1	NIOBTv3_g04235
Solyc09g010990.3.1	NIOBTv3_g60137
Solyc03g026220.3.1	NIOBTv3_g32974
Solyc09g005630.3.1	NIOBTv3_g34124
Solyc01g090120.3.1	NIOBTv3_g11277
Solyc02g093270.3.1	NIOBTv3_g04602
Solyc09g007420.3.1	NIOBTv3_g02542
Solyc01g107910.3.1	NIOBTv3_g63611-D3
Solyc10g011750.3.1	NIOBTv3_g29799
Solyc06g007370.1.1	NIOBTv3_g21713
Solyc02g065770.3.1	NIOBTv3_g15736
Solyc10g081720.2.1	NIOBTv3_g19897
Solyc11g069250.2.1	NIOBTv3_g28632
Solyc02g072490.3.1	NIOBTv3_g20323
Solyc02g093310.3.1	NIOBTv3_g29949
Solyc09g065570.3.1	NIOBTv3_g36718
Solyc09g072820.3.1	NIOBTv3_g36128
Solyc04g051768.1.1	NIOBTv3_g11111
Solyc09g098540.3.1	NIOBTv3_g32078-D2
Solyc03g096030.3.1	NIOBTv3_g36147
Solyc02g065530.3.1	NIOBTv3_g26105
Solyc08g077860.3.1	NIOBTv3_g02479
Solyc09g082080.1.1	NIOBTv3_g06147
Solyc07g042460.2.1	NIOBTv3_g31534
Solyc05g056030.3.1	NIOBTv3_g34662
Solyc09g007660.1.1	NIOBTv3_g07465
Solyc12g042010.1.1	NIOBTv3_g16220
Solyc01g109320.3.1	NIOBTv3_g21632
Solyc10g083700.3.1	NIOBTv3_g23771
Solyc07g063340.3.1	NIOBTv3_g11259
Solyc10g009350.3.1	NIOBTv3_g12931
Solyc06g050860.3.1	NIOBTv3_g11864
Solyc04g079860.1.1	NIOBTv3_g27822
Solyc11g069390.1.1	NIOBTv3_g27437
Solyc10g012170.3.1	NIOBTv3_g04868
Solyc08g065380.3.1	NIOBTv3_g28766
Solyc03g120980.3.1	NIOBTv3_g20840
Solyc07g053590.3.1	NIOBTv3_g04720
Solyc04g054250.3.1	NIOBTv3_g30422
Solyc03g096820.3.1	NIOBTv3_g59708
Solyc10g018640.2.1	NIOBTv3_g13699
Solyc01g090870.1.1	NIOBTv3_g10030
Solyc09g089990.3.1	NIOBTv3_g08731
Solyc11g066320.2.1	NIOBTv3_g32944
Solyc03g080180.3.1	NIOBTv3_g31802
Solyc07g063880.3.1	NIOBTv3_g23753
Solyc10g083410.1.1	NIOBTv3_g05248
Solyc07g005100.3.1	NIOBTv3_g36736-D2
Solyc05g046290.3.1	NIOBTv3_g09740
Solyc02g086840.3.1	NIOBTv3_g31211
Solyc02g087430.3.1	NIOBTv3_g12611
Solyc10g007280.3.1	NIOBTv3_g32189
Solyc12g006110.2.1	NIOBTv3_g38300
Solyc12g006270.2.1	NIOBTv3_g05002
Solyc11g069840.2.1	NIOBTv3_g14003
Solyc10g083410.1.1	NIOBTv3_g05248
Solyc03g113390.3.1	NIOBTv3_g08503
Solyc12g056220.2.1	NIOBTv3_g22343-D2
Solyc05g047530.3.1	NIOBTv3_g15045
Solyc09g010880.3.1	NIOBTv3_g26820
Solyc07g042520.3.1	NIOBTv3_g38151
Solyc06g060760.3.1	NIOBTv3_g07059
Solyc04g074820.2.1	NIOBTv3_g38307
Solyc09g092330.2.1	NIOBTv3_g21996
Solyc04g015020.3.1	NIOBTv3_g02284
Solyc11g012660.2.1	NIOBTv3_g02285
Solyc07g053840.1.1	NIOBTv3_g27226-D2
Solyc09g009970.3.1	NIOBTv3_g16138
Solyc01g105070.3.1	NIOBTv3_g29168
Solyc09g011190.1.1	NIOBTv3_g05915
Solyc04g077330.3.1	NIOBTv3_g23948
Solyc02g086270.3.1	NIOBTv3_g26435
Solyc11g012170.1.1	NIOBTv3_g30649
Solyc02g081970.3.1	NIOBTv3_g12170
Solyc07g039310.1.1	NIOBTv3_g04076
Solyc09g092330.2.1	NIOBTv3_g21996
Solyc06g068770.3.1	NIOBTv3_g14114
Solyc03g115690.1.1	NIOBTv3_g23524
Solyc09g009240.1.1	NIOBTv3_g30409
Solyc05g052400.3.1	NIOBTv3_g64623
Solyc04g080270.3.1	NIOBTv3_g13668
Solyc03g114900.3.1	NIOBTv3_g22531
Solyc11g069960.2.1	NIOBTv3_g06090
Solyc05g012730.1.1	NIOBTv3_g05878
Solyc05g007870.2.1	NIOBTv3_g07349
Solyc06g009190.3.1	NIOBTv3_g40928
Solyc12g014200.2.1	NIOBTv3_g56734
Solyc01g086840.3.1	NIOBTv3_g11432
Solyc06g050920.3.1	NIOBTv3_g10816
Solyc10g078510.2.1	NIOBTv3_g26158
Solyc02g071620.3.1	NIOBTv3_g33495
Solyc09g090980.3.1	NIOBTv3_g18781-D2
Solyc02g083527.1.1	NIOBTv3_g03376
Solyc05g009550.3.1	NIOBTv3_g01351
Solyc01g005120.3.1	NIOBTv3_g34274
Solyc03g082550.3.1	NIOBTv3_g20986
Solyc04g080550.3.1	NIOBTv3_g30375
Solyc03g115500.3.1	NIOBTv3_g39689
Solyc04g017720.3.1	NIOBTv3_g04965-D2
Solyc12g015800.2.1	NIOBTv3_g02008-D2
Solyc05g052450.3.1	NIOBTv3_g17420
Solyc01g080010.2.1	NIOBTv3_g23271
Solyc09g072780.2.1	NIOBTv3_g15660
Solyc10g075070.2.1	NIOBTv3_g62342-D3
Solyc03g120730.3.1	NIOBTv3_g26768
Solyc07g042160.3.1	NIOBTv3_g17242
Solyc07g041720.1.1	NIOBTv3_g08362
Solyc10g009590.3.1	NIOBTv3_g23177
Solyc12g088760.1.1	NIOBTv3_g07172
Solyc04g076790.3.1	NIOBTv3_g25960
Solyc10g009480.3.1	NIOBTv3_g26504
Solyc12g095980.2.1	NIOBTv3_g11255
Solyc02g077080.3.1	NIOBTv3_g15923
Solyc12g005750.1.1	NIOBTv3_g62883
Solyc01g107590.3.1	NIOBTv3_g23398
Solyc01g008640.3.1	NIOBTv3_g29999
Solyc03g118940.3.1	NIOBTv3_g10836
Solyc09g074890.1.1	NIOBTv3_g01125
Solyc12g049500.2.1	NIOBTv3_g08153
Solyc12g098490.2.1	NIOBTv3_g04474
Solyc05g054860.1.1	NIOBTv3_g12997
Solyc01g102340.3.1	NIOBTv3_g38619
Solyc04g079350.1.1	NIOBTv3_g14232
Solyc07g051870.1.1	NIOBTv3_g13516
Solyc12g056300.2.1	NIOBTv3_g38972
Solyc12g098810.2.1	NIOBTv3_g00811
Solyc08g006740.3.1	NIOBTv3_g37460-D2
Solyc05g053810.3.1	NIOBTv3_g29825
Solyc01g094070.3.1	NIOBTv3_g14948
Solyc08g080650.3.1	NIOBTv3_g38444
Solyc12g088895.1.1	NIOBTv3_g11027
Solyc04g080790.3.1	NIOBTv3_g28747
Solyc09g007860.3.1	NIOBTv3_g03771
Solyc10g076710.2.1	NIOBTv3_g34064
Solyc04g074480.3.1	NIOBTv3_g56022
Solyc08g077020.1.1	NIOBTv3_g07905
Solyc11g007540.2.1	NIOBTv3_g22564
Solyc12g044330.2.1	NIOBTv3_g19381
Solyc06g071690.3.1	NIOBTv3_g11057
Solyc04g074480.3.1	NIOBTv3_g56022
Solyc02g070940.1.1	NIOBTv3_g14363
Solyc01g079370.3.1	NIOBTv3_g07865
Solyc08g078550.1.1	NIOBTv3_g29392
Solyc03g123410.1.1	NIOBTv3_g29884
Solyc04g025650.3.1	NIOBTv3_g19050
Solyc05g052300.3.1	NIOBTv3_g20408
Solyc09g098160.3.1	NIOBTv3_g33291
Solyc03g093360.3.1	NIOBTv3_g14188
Solyc07g055780.3.1	NIOBTv3_g61398-D2
Solyc07g063350.3.1	NIOBTv3_g11258
Solyc03g082470.3.1	NIOBTv3_g13685
Solyc06g074040.1.1	NIOBTv3_g04753
Solyc04g063350.3.1	NIOBTv3_g25158
Solyc01g109390.3.1	NIOBTv3_g36580
Solyc10g009480.3.1	NIOBTv3_g26504
Solyc03g033550.3.1	NIOBTv3_g21944
Solyc06g082440.1.1	NIOBTv3_g03193
Solyc03g058160.3.1	NIOBTv3_g07782
Solyc02g085950.3.1	NIOBTv3_g09526-D4
Solyc06g051220.1.1	NIOBTv3_g12126
Solyc09g083400.3.1	NIOBTv3_g30747
Solyc06g051500.3.1	NIOBTv3_g02147
Solyc05g015320.3.1	NIOBTv3_g07638
Solyc05g056170.3.1	NIOBTv3_g16794
Solyc06g075650.3.1	NIOBTv3_g39701
Solyc07g054230.3.1	NIOBTv3_g03203
Solyc12g005650.2.1	NIOBTv3_g08659
Solyc02g064940.1.1	NIOBTv3_g20808-D5
Solyc06g071820.3.1	NIOBTv3_g00302
Solyc12g009200.2.1	NIOBTv3_g10087
Solyc06g075220.1.1	NIOBTv3_g28632-D2
Solyc03g005780.3.1	NIOBTv3_g39876-D5
Solyc11g066400.1.1	NIOBTv3_g12201
Solyc10g050160.2.1	NIOBTv3_g57887-D2
Solyc02g084860.1.1	NIOBTv3_g27893
Solyc01g079470.3.1	NIOBTv3_g18470
Solyc05g052400.3.1	NIOBTv3_g64623
Solyc02g089350.3.1	NIOBTv3_g04965-D2
Solyc04g054710.3.1	NIOBTv3_g31080
Solyc10g038080.2.1	NIOBTv3_g18212
Solyc08g067620.2.1	NIOBTv3_g23886
Solyc02g085950.3.1	NIOBTv3_g09526-D4
Solyc12g006140.2.1	NIOBTv3_g03871
Solyc10g079860.2.1	NIOBTv3_g12301
Solyc12g042360.2.1	NIOBTv3_g18394
Solyc06g074710.1.1	NIOBTv3_g17909
Solyc05g052610.3.1	NIOBTv3_g40987
Solyc02g086530.3.1	NIOBTv3_g18287
Solyc08g006740.3.1	NIOBTv3_g37460-D2
Solyc12g098960.2.1	NIOBTv3_g20704
Solyc01g109590.3.1	NIOBTv3_g25362
Solyc02g085950.3.1	NIOBTv3_g09526-D4
Solyc01g090970.3.1	NIOBTv3_g00680
Solyc04g007795.1.1	NIOBTv3_g01128
Solyc11g069430.2.1	NIOBTv3_g27433
Solyc02g091260.1.1	NIOBTv3_g07064
Solyc03g007090.1.1	NIOBTv3_g32935
Solyc02g091920.3.1	NIOBTv3_g24797
Solyc11g011850.2.1	NIOBTv3_g09163
Solyc01g112070.3.1	NIOBTv3_g23418
Solyc11g044460.2.1	NIOBTv3_g33641-D2
Solyc11g051160.2.1	NIOBTv3_g08249
Solyc08g081790.2.1	NIOBTv3_g24272
Solyc04g082200.2.1	NIOBTv3_g10422
Solyc02g077720.3.1	NIOBTv3_g21225
Solyc07g053540.1.1	NIOBTv3_g30158
Solyc05g014000.3.1	NIOBTv3_g08453
Solyc11g008880.2.1	NIOBTv3_g03152
Solyc07g042490.1.1	NIOBTv3_g27554
Solyc07g005910.3.1	NIOBTv3_g10160
Solyc06g068650.3.1	NIOBTv3_g10638
Solyc02g091890.2.1	NIOBTv3_g03618
Solyc02g091890.2.1	NIOBTv3_g03618
Solyc02g091890.2.1	NIOBTv3_g03618
Solyc02g091890.2.1	NIOBTv3_g03618
Solyc01g103050.3.1	NIOBTv3_g20678
Solyc09g014350.3.1	NIOBTv3_g30297
Solyc04g007470.3.1	NIOBTv3_g00028
Solyc09g011970.2.1	NIOBTv3_g27562
Solyc12g010380.2.1	NIOBTv3_g13102
Solyc01g103360.3.1	NIOBTv3_g62935
Solyc03g112330.3.1	NIOBTv3_g31938
Solyc06g009290.3.1	NIOBTv3_g30488
Solyc07g065165.1.1	NIOBTv3_g02096
Solyc05g056170.3.1	NIOBTv3_g16794
Solyc10g081510.2.1	NIOBTv3_g56331-D2
Solyc02g071220.3.1	NIOBTv3_g26694
Solyc11g005760.2.1	NIOBTv3_g37983
Solyc11g069430.2.1	NIOBTv3_g27433
Solyc02g091800.3.1	NIOBTv3_g08452
Solyc01g068545.1.1	NIOBTv3_g41648
Solyc12g008840.2.1	NIOBTv3_g25102
Solyc06g068450.2.1	NIOBTv3_g34663
Solyc02g068400.3.1	NIOBTv3_g31908
Solyc03g123550.1.1	NIOBTv3_g06520
Solyc07g056540.3.1	NIOBTv3_g20229
Solyc09g005210.3.1	NIOBTv3_g30820
Solyc09g074430.3.1	NIOBTv3_g35014
Solyc05g006310.2.1	NIOBTv3_g36210
Solyc00g322635.1.1	NIOBTv3_g01128
Solyc08g008520.3.1	NIOBTv3_g32046
Solyc05g010030.3.1	NIOBTv3_g36817
Solyc07g006855.1.1	NIOBTv3_g29865
Solyc02g081830.3.1	NIOBTv3_g30852
Solyc07g056540.3.1	NIOBTv3_g20229
Solyc06g082440.1.1	NIOBTv3_g03193
Solyc09g082840.1.1	NIOBTv3_g39530
Solyc04g078740.2.1	NIOBTv3_g12183
Solyc07g065980.3.1	NIOBTv3_g35124
Solyc03g062710.3.1	NIOBTv3_g18426
Solyc02g078600.3.1	NIOBTv3_g03901
Solyc05g053610.2.1	NIOBTv3_g38659
Solyc09g013150.3.1	NIOBTv3_g03016
Solyc01g057220.3.1	NIOBTv3_g04359
Solyc10g047030.3.1	NIOBTv3_g10220
Solyc07g053630.3.1	NIOBTv3_g04028
Solyc05g009310.3.1	NIOBTv3_g32754
Solyc12g009210.2.1	NIOBTv3_g10089
Solyc01g106470.3.1	NIOBTv3_g29044
Solyc02g030230.3.1	NIOBTv3_g14481
Solyc10g006310.3.1	NIOBTv3_g00377
Solyc03g098720.3.1	NIOBTv3_g16134
Solyc01g005500.3.1	NIOBTv3_g23934
Solyc06g065670.3.1	NIOBTv3_g33262
Solyc01g010480.3.1	NIOBTv3_g00008
Solyc10g076360.1.1	NIOBTv3_g38927
Solyc02g086300.3.1	NIOBTv3_g26439
Solyc09g007030.3.1	NIOBTv3_g12894
Solyc01g094970.3.1	NIOBTv3_g11852
Solyc08g078900.1.1	NIOBTv3_g15467-D4
Solyc04g074790.2.1	NIOBTv3_g30512
Solyc09g090980.3.1	NIOBTv3_g18781-D2
Solyc02g067490.3.1	NIOBTv3_g35681
Solyc03g051790.3.1	NIOBTv3_g38347
Solyc10g079490.2.1	NIOBTv3_g13111
Solyc03g005780.3.1	NIOBTv3_g39876-D5
Solyc09g074230.3.1	NIOBTv3_g01630
Solyc01g009030.3.1	NIOBTv3_g35952
Solyc07g017600.3.1	NIOBTv3_g07270
Solyc08g077380.3.1	NIOBTv3_g06749
Solyc08g077380.3.1	NIOBTv3_g06749
Solyc08g077380.3.1	NIOBTv3_g06749
Solyc08g077380.3.1	NIOBTv3_g06749
Solyc05g050130.3.1	NIOBTv3_g02633
Solyc11g065840.2.1	NIOBTv3_g34640
Solyc06g069730.3.1	NIOBTv3_g33198-D2
Solyc10g081510.2.1	NIOBTv3_g56331-D2
Solyc05g010800.3.1	NIOBTv3_g32597
Solyc08g077510.3.1	NIOBTv3_g27715
Solyc06g082860.3.1	NIOBTv3_g00230
Solyc11g007540.2.1	NIOBTv3_g22564
Solyc08g074480.1.1	NIOBTv3_g15467
Solyc07g063600.3.1	NIOBTv3_g30733
Solyc09g098410.2.1	NIOBTv3_g02868
Solyc04g064870.3.1	NIOBTv3_g24408
Solyc07g018140.3.1	NIOBTv3_g10048
Solyc10g083880.2.1	NIOBTv3_g31640
Solyc01g099030.3.1	NIOBTv3_g28457
Solyc03g115380.2.1	NIOBTv3_g17817
Solyc10g009590.3.1	NIOBTv3_g23177
Solyc12g011280.2.1	NIOBTv3_g09113-D2
Solyc06g054260.1.1	NIOBTv3_g07455
Solyc03g117870.3.1	NIOBTv3_g40482
Solyc10g051390.2.1	NIOBTv3_g55770
Solyc02g080360.1.1	NIOBTv3_g07515
Solyc03g034030.3.1	NIOBTv3_g36174
Solyc03g005780.3.1	NIOBTv3_g39876-D5
Solyc01g097270.3.1	NIOBTv3_g01188
Solyc03g117600.3.1	NIOBTv3_g08599
Solyc03g005780.3.1	NIOBTv3_g39876-D5
Solyc10g006650.3.1	NIOBTv3_g16545
Solyc08g075020.3.1	NIOBTv3_g17146
Solyc03g005780.3.1	NIOBTv3_g39876-D5
Solyc09g011630.3.1	NIOBTv3_g39300
Solyc04g074110.3.1	NIOBTv3_g04664
Solyc05g006430.2.1	NIOBTv3_g24489
Solyc05g052860.3.1	NIOBTv3_g26397
Solyc03g119320.1.1	NIOBTv3_g02738
Solyc01g104950.3.1	NIOBTv3_g11510
Solyc05g053610.2.1	NIOBTv3_g38659
Solyc01g106620.2.1	NIOBTv3_g42492
Solyc06g068440.3.1	NIOBTv3_g34596
Solyc06g068770.3.1	NIOBTv3_g14114
Solyc07g056110.3.1	NIOBTv3_g19025
Solyc03g061620.1.1	NIOBTv3_g37829
Solyc07g051890.1.1	NIOBTv3_g13516
Solyc10g083210.2.1	NIOBTv3_g11520
Solyc10g081955.1.1	NIOBTv3_g16958
Solyc10g005010.3.1	NIOBTv3_g20604
Solyc06g059790.3.1	NIOBTv3_g28990
Solyc01g008050.3.1	NIOBTv3_g22160
Solyc10g086180.2.1	NIOBTv3_g26864
Solyc08g007500.3.1	NIOBTv3_g23043
Solyc03g118820.3.1	NIOBTv3_g23697
Solyc03g113420.3.1	NIOBTv3_g08508
Solyc06g059740.3.1	NIOBTv3_g27490
Solyc05g005080.3.1	NIOBTv3_g34226
Solyc01g100120.3.1	NIOBTv3_g18665
Solyc02g094050.3.1	NIOBTv3_g40395
Solyc03g094120.3.1	NIOBTv3_g29795
Solyc08g083090.2.1	NIOBTv3_g38224
Solyc02g083480.3.1	NIOBTv3_g32514
Solyc01g108860.3.1	NIOBTv3_g06126
Solyc09g008530.2.1	NIOBTv3_g03930
Solyc06g066640.3.1	NIOBTv3_g56724
Solyc04g055020.2.1	NIOBTv3_g03575
Solyc09g091200.3.1	NIOBTv3_g16461
Solyc06g008530.2.1	NIOBTv3_g23066
Solyc02g067410.2.1	NIOBTv3_g14998
Solyc07g005090.3.1	NIOBTv3_g21323
Solyc02g093160.3.1	NIOBTv3_g00100
Solyc03g083360.3.1	NIOBTv3_g03834
Solyc11g068710.2.1	NIOBTv3_g42744
Solyc07g048090.2.1	NIOBTv3_g14838
Solyc12g089250.1.1	NIOBTv3_g41047
Solyc05g008120.3.1	NIOBTv3_g13564
Solyc04g078660.1.1	NIOBTv3_g32088
Solyc01g106650.3.1	NIOBTv3_g35761
Solyc03g117350.1.1	NIOBTv3_g19042
Solyc12g014360.2.1	NIOBTv3_g10533
Solyc05g005180.3.1	NIOBTv3_g29274
Solyc08g006100.3.1	NIOBTv3_g32319
Solyc01g096170.3.1	NIOBTv3_g33360
Solyc05g054890.3.1	NIOBTv3_g07840
Solyc01g089850.3.1	NIOBTv3_g38294
Solyc01g059980.3.1	NIOBTv3_g28305
Solyc03g007860.1.1	NIOBTv3_g57685
Solyc09g018170.3.1	NIOBTv3_g34476
Solyc09g090550.3.1	NIOBTv3_g19624
Solyc06g074200.3.1	NIOBTv3_g03553
Solyc07g048050.2.1	NIOBTv3_g27425
Solyc02g084740.3.1	NIOBTv3_g23389
Solyc05g047530.3.1	NIOBTv3_g15045
Solyc03g071710.1.1	NIOBTv3_g15681
Solyc03g115450.1.1	NIOBTv3_g39693
Solyc06g050530.3.1	NIOBTv3_g60652
Solyc10g054800.2.1	NIOBTv3_g00781
Solyc06g017860.2.1	NIOBTv3_g34908
Solyc02g085950.3.1	NIOBTv3_g09526-D4
Solyc03g121090.3.1	NIOBTv3_g08723
Solyc02g088180.3.1	NIOBTv3_g22044
Solyc10g080380.1.1	NIOBTv3_g36768
Solyc09g089760.1.1	NIOBTv3_g09014-D2
Solyc01g009430.3.1	NIOBTv3_g10284
Solyc06g083170.3.1	NIOBTv3_g17432
Solyc07g054800.1.1	NIOBTv3_g05506
Solyc01g005450.3.1	NIOBTv3_g04485
Solyc02g061770.3.1	NIOBTv3_g22298
Solyc03g111730.3.1	NIOBTv3_g23675
Solyc01g081600.3.1	NIOBTv3_g35888
Solyc11g069970.1.1	NIOBTv3_g06089
Solyc09g098130.2.1	NIOBTv3_g40279-D2
Solyc05g055930.2.1	NIOBTv3_g12163
Solyc07g052770.2.1	NIOBTv3_g33078
Solyc02g077590.1.1	NIOBTv3_g23132
Solyc02g068660.2.1	NIOBTv3_g28628
Solyc03g120190.3.1	NIOBTv3_g08819
Solyc03g119080.4.1	NIOBTv3_g12224
Solyc08g079270.3.1	NIOBTv3_g05044
Solyc05g007940.3.1	NIOBTv3_g20359
Solyc03g058450.3.1	NIOBTv3_g01574
Solyc02g087800.3.1	NIOBTv3_g36878
Solyc01g111980.3.1	NIOBTv3_g21191
Solyc03g070440.3.1	NIOBTv3_g19523
Solyc03g117600.3.1	NIOBTv3_g08599
Solyc01g068120.3.1	NIOBTv3_g38954
Solyc04g055100.1.1	NIOBTv3_g14955
Solyc12g087940.2.1	NIOBTv3_g04857-D2
Solyc02g088100.3.1	NIOBTv3_g26925
Solyc08g075290.2.1	NIOBTv3_g04192
Solyc11g069730.1.1	NIOBTv3_g64925
Solyc04g076190.1.1	NIOBTv3_g04857
Solyc02g078620.1.1	NIOBTv3_g34579
Solyc10g047030.3.1	NIOBTv3_g10220
Solyc04g014820.3.1	NIOBTv3_g17766
Solyc02g084790.3.1	NIOBTv3_g29855
Solyc09g011500.3.1	NIOBTv3_g05979-D2
Solyc02g079240.1.1	NIOBTv3_g24891
Solyc12g006640.2.1	NIOBTv3_g14899
Solyc01g105410.3.1	NIOBTv3_g22477
Solyc10g045240.2.1	NIOBTv3_g20515
Solyc04g081550.3.1	NIOBTv3_g40335
Solyc07g014730.3.1	NIOBTv3_g29695
Solyc03g110890.1.1	NIOBTv3_g21292
Solyc12g089360.1.1	NIOBTv3_g60480-D2
Solyc08g082670.3.1	NIOBTv3_g03707
Solyc08g082670.3.1	NIOBTv3_g03707
Solyc08g082670.3.1	NIOBTv3_g03707
Solyc08g082670.3.1	NIOBTv3_g03707
Solyc03g026330.3.1	NIOBTv3_g27517
Solyc01g102390.3.1	NIOBTv3_g30959
Solyc09g010960.3.1	NIOBTv3_g17750
Solyc05g014120.1.1	NIOBTv3_g06445
Solyc04g011600.3.1	NIOBTv3_g16524
Solyc01g095745.1.1	NIOBTv3_g12497
Solyc08g067760.3.1	NIOBTv3_g29761
Solyc02g067350.3.1	NIOBTv3_g14986
Solyc08g077530.3.1	NIOBTv3_g09216-D3
Solyc01g105370.3.1	NIOBTv3_g22480
Solyc04g072020.3.1	NIOBTv3_g00442
Solyc03g098240.3.1	NIOBTv3_g11084
Solyc03g119150.3.1	NIOBTv3_g27857
Solyc05g012500.3.1	NIOBTv3_g19088
Solyc01g096050.3.1	NIOBTv3_g15672
Solyc02g065150.2.1	NIOBTv3_g30099
Solyc07g062380.1.1	NIOBTv3_g02815
Solyc10g078265.1.1	NIOBTv3_g02022
Solyc10g011820.3.1	NIOBTv3_g24023-D2
Solyc09g082530.2.1	NIOBTv3_g06413
Solyc11g008870.2.1	NIOBTv3_g03149
Solyc11g006980.1.1	NIOBTv3_g17289
Solyc07g015800.1.1	NIOBTv3_g02389
Solyc07g053420.3.1	NIOBTv3_g20234
Solyc03g031800.3.1	NIOBTv3_g04122
Solyc10g085130.2.1	NIOBTv3_g26078
Solyc09g075890.3.1	NIOBTv3_g01500
Solyc12g094550.2.1	NIOBTv3_g40210
Solyc07g008620.1.1	NIOBTv3_g32703
Solyc05g007950.3.1	NIOBTv3_g20361
Solyc01g005390.3.1	NIOBTv3_g36888
Solyc02g070090.1.1	NIOBTv3_g21422
Solyc08g016580.1.1	NIOBTv3_g11283
Solyc03g114730.3.1	NIOBTv3_g65173
Solyc07g016080.3.1	NIOBTv3_g02179
Solyc03g114310.3.1	NIOBTv3_g37163
Solyc05g056070.3.1	NIOBTv3_g12650
Solyc07g008360.2.1	NIOBTv3_g20354
Solyc03g114320.3.1	NIOBTv3_g13254
Solyc01g106460.3.1	NIOBTv3_g29043
Solyc02g082760.3.1	NIOBTv3_g25845
Solyc03g071710.1.1	NIOBTv3_g15681
Solyc08g067940.3.1	NIOBTv3_g03786
Solyc10g084960.2.1	NIOBTv3_g35712
Solyc03g095980.3.1	NIOBTv3_g36423
Solyc06g074320.3.1	NIOBTv3_g33268
Solyc12g015810.2.1	NIOBTv3_g22468
Solyc06g051680.1.1	NIOBTv3_g36033-D2
Solyc06g065790.1.1	NIOBTv3_g16914
Solyc03g051780.2.1	NIOBTv3_g38390
Solyc01g102700.3.1	NIOBTv3_g24255
Solyc01g107900.3.1	NIOBTv3_g12101
Solyc06g084820.2.1	NIOBTv3_g17181
Solyc02g091700.3.1	NIOBTv3_g37954
Solyc02g078150.3.1	NIOBTv3_g31627
Solyc08g067020.3.1	NIOBTv3_g30709
Solyc11g051060.2.1	NIOBTv3_g30799
Solyc12g068070.2.1	NIOBTv3_g27144
Solyc02g072393.1.1	NIOBTv3_g32116
Solyc11g066270.2.1	NIOBTv3_g22229
Solyc02g085745.1.1	NIOBTv3_g27171
Solyc09g097890.2.1	NIOBTv3_g37795
Solyc01g094890.3.1	NIOBTv3_g01376
Solyc05g005150.1.1	NIOBTv3_g35607
Solyc10g055200.1.1	NIOBTv3_g29011
Solyc10g083290.4.1	NIOBTv3_g29758
Solyc09g005570.3.1	NIOBTv3_g35479
Solyc01g105760.1.1	NIOBTv3_g09222-D2
Solyc07g042490.1.1	NIOBTv3_g27554
Solyc07g053630.3.1	NIOBTv3_g04028
Solyc09g057580.3.1	NIOBTv3_g25128
Solyc12g014010.2.1	NIOBTv3_g32894
Solyc01g112260.3.1	NIOBTv3_g06005
Solyc01g079370.3.1	NIOBTv3_g07865
Solyc04g055050.1.1	NIOBTv3_g21218
Solyc06g051860.3.1	NIOBTv3_g06366
Solyc09g014310.3.1	NIOBTv3_g36950
Solyc07g065900.3.1	NIOBTv3_g22759
Solyc01g105760.1.1	NIOBTv3_g09222-D2
Solyc08g005830.1.1	NIOBTv3_g26797
Solyc08g065780.2.1	NIOBTv3_g29208
Solyc01g109500.3.1	NIOBTv3_g31074
Solyc01g067300.3.1	NIOBTv3_g32591
Solyc03g034375.1.1	NIOBTv3_g14756-D2
Solyc02g086430.3.1	NIOBTv3_g11953
Solyc04g082860.2.1	NIOBTv3_g09834
Solyc02g069450.3.1	NIOBTv3_g36554
Solyc12g008440.1.1	NIOBTv3_g41488
Solyc07g054290.1.1	NIOBTv3_g40350
Solyc02g078590.1.1	NIOBTv3_g03902
Solyc06g064940.3.1	NIOBTv3_g34252
Solyc01g107780.3.1	NIOBTv3_g34877
Solyc06g075550.3.1	NIOBTv3_g35949
Solyc02g089250.3.1	NIOBTv3_g15455
Solyc12g056960.2.1	NIOBTv3_g03270
Solyc02g078670.3.1	NIOBTv3_g27275
Solyc12g010360.2.1	NIOBTv3_g13101
Solyc06g006090.1.1	NIOBTv3_g41256
Solyc02g068490.3.1	NIOBTv3_g34854
Solyc04g079880.3.1	NIOBTv3_g05800
Solyc04g081870.3.1	NIOBTv3_g06817-D4
Solyc02g079550.2.1	NIOBTv3_g06491
Solyc04g007790.3.1	NIOBTv3_g19374
Solyc02g036480.1.1	NIOBTv3_g13806
Solyc05g009990.3.1	NIOBTv3_g38596
Solyc01g081570.3.1	NIOBTv3_g41394
Solyc09g011550.2.1	NIOBTv3_g39301
Solyc01g109120.3.1	NIOBTv3_g08097
Solyc06g076800.3.1	NIOBTv3_g24652
Solyc02g036480.1.1	NIOBTv3_g13806
Solyc02g014830.3.1	NIOBTv3_g03894
Solyc01g108360.3.1	NIOBTv3_g31410
Solyc04g007210.3.1	NIOBTv3_g08367
Solyc01g095170.2.1	NIOBTv3_g18714
Solyc10g006720.3.1	NIOBTv3_g27601
Solyc03g019790.3.1	NIOBTv3_g17172
Solyc12g019550.2.1	NIOBTv3_g23553
Solyc03g005780.3.1	NIOBTv3_g39876-D5
Solyc09g011500.3.1	NIOBTv3_g05979-D2
Solyc02g067440.3.1	NIOBTv3_g30802
Solyc06g035720.3.1	NIOBTv3_g36328
Solyc05g015420.3.1	NIOBTv3_g02174
Solyc12g006140.2.1	NIOBTv3_g03871
Solyc05g056120.3.1	NIOBTv3_g17145
Solyc09g007790.1.1	NIOBTv3_g28270
Solyc08g016500.3.1	NIOBTv3_g27466
Solyc04g078880.3.1	NIOBTv3_g23304
Solyc12g044330.2.1	NIOBTv3_g19381
Solyc07g054570.1.1	NIOBTv3_g25142
Solyc00g023470.1.1	NIOBTv3_g57231
Solyc03g025670.3.1	NIOBTv3_g43959
Solyc07g065660.3.1	NIOBTv3_g36659
Solyc08g005010.3.1	NIOBTv3_g16433
Solyc01g108910.3.1	NIOBTv3_g06131
Solyc04g054760.3.1	NIOBTv3_g13923
Solyc01g104015.1.1	NIOBTv3_g19875
Solyc07g056510.3.1	NIOBTv3_g01616
Solyc05g056070.3.1	NIOBTv3_g12650
Solyc10g085210.2.1	NIOBTv3_g02454
Solyc12g089310.2.1	NIOBTv3_g07023
Solyc10g052880.1.1	NIOBTv3_g10663
Solyc01g081060.3.1	NIOBTv3_g10844
Solyc02g064970.3.1	NIOBTv3_g28759
Solyc10g086620.2.1	NIOBTv3_g39527
Solyc08g061980.3.1	NIOBTv3_g17646
Solyc03g112860.3.1	NIOBTv3_g31087
Solyc11g069430.2.1	NIOBTv3_g27433
Solyc03g063150.3.1	NIOBTv3_g35364
Solyc04g071890.3.1	NIOBTv3_g24341
Solyc07g047740.3.1	NIOBTv3_g22317
Solyc03g006250.2.1	NIOBTv3_g40662
Solyc10g008030.3.1	NIOBTv3_g18388
Solyc01g107900.3.1	NIOBTv3_g12101
Solyc01g096670.3.1	NIOBTv3_g40676
Solyc04g074080.3.1	NIOBTv3_g31099
Solyc01g107730.3.1	NIOBTv3_g04871
Solyc04g071340.4.1	NIOBTv3_g10931
Solyc04g081880.3.1	NIOBTv3_g15379-D3
Solyc04g064540.3.1	NIOBTv3_g23394
Solyc11g066150.2.1	NIOBTv3_g31994-D2
Solyc04g040180.3.1	NIOBTv3_g29998
Solyc09g014520.3.1	NIOBTv3_g23360
Solyc01g111230.3.1	NIOBTv3_g23834
Solyc05g052600.3.1	NIOBTv3_g40254
Solyc12g094440.2.1	NIOBTv3_g18709
Solyc01g005510.3.1	NIOBTv3_g18900
Solyc04g071890.3.1	NIOBTv3_g24341
Solyc04g081100.3.1	NIOBTv3_g13921
Solyc09g074780.3.1	NIOBTv3_g35202
Solyc06g053230.3.1	NIOBTv3_g19221
Solyc12g009800.2.1	NIOBTv3_g61116
Solyc00g030510.3.1	NIOBTv3_g28811
Solyc06g065900.3.1	NIOBTv3_g15259
Solyc04g007760.3.1	NIOBTv3_g06533
Solyc08g080630.3.1	NIOBTv3_g01014
Solyc12g036170.2.1	NIOBTv3_g09757
Solyc01g100230.3.1	NIOBTv3_g07101
Solyc04g078740.2.1	NIOBTv3_g12183
Solyc10g076700.2.1	NIOBTv3_g34065
Solyc04g064690.3.1	NIOBTv3_g13322
Solyc04g082180.4.1	NIOBTv3_g57879
Solyc07g044970.1.1	NIOBTv3_g21453
Solyc04g011400.3.1	NIOBTv3_g31994
Solyc02g024010.1.1	NIOBTv3_g31734
Solyc04g055000.3.1	NIOBTv3_g10370
Solyc11g072890.1.1	NIOBTv3_g40465
Solyc06g007440.3.1	NIOBTv3_g41688
Solyc08g081690.3.1	NIOBTv3_g11967
Solyc03g031530.3.1	NIOBTv3_g35962
Solyc02g014860.3.1	NIOBTv3_g03896
Solyc12g089360.1.1	NIOBTv3_g60480-D2
Solyc02g070110.1.1	NIOBTv3_g40311
Solyc01g091690.3.1	NIOBTv3_g37254
Solyc12g099000.2.1	NIOBTv3_g20707
Solyc02g087840.3.1	NIOBTv3_g09973
Solyc06g082940.3.1	NIOBTv3_g31899
Solyc01g102580.3.1	NIOBTv3_g38784
Solyc03g117310.1.1	NIOBTv3_g19037
Solyc07g053030.3.1	NIOBTv3_g37324
Solyc06g073260.3.1	NIOBTv3_g28024
Solyc11g066490.1.1	NIOBTv3_g09087
Solyc07g054220.1.1	NIOBTv3_g03202
Solyc09g011640.4.1	NIOBTv3_g39300-D9
Solyc05g054440.3.1	NIOBTv3_g30755
Solyc07g052950.3.1	NIOBTv3_g20857
Solyc03g045070.1.1	NIOBTv3_g24037
Solyc07g065250.3.1	NIOBTv3_g09476
Solyc05g052520.3.1	NIOBTv3_g12040
Solyc01g090790.3.1	NIOBTv3_g14441
Solyc09g065890.3.1	NIOBTv3_g23668
Solyc03g113460.1.1	NIOBTv3_g33801
Solyc03g116120.2.1	NIOBTv3_g31824
Solyc12g099930.2.1	NIOBTv3_g04021
Solyc07g052540.3.1	NIOBTv3_g22317-D4
Solyc02g090820.3.1	NIOBTv3_g29201
Solyc01g079200.3.1	NIOBTv3_g38923
Solyc08g065940.3.1	NIOBTv3_g30024
Solyc12g014310.2.1	NIOBTv3_g26214
Solyc10g050110.1.1	NIOBTv3_g20808
Solyc00g009110.3.1	NIOBTv3_g00437
Solyc05g052870.3.1	NIOBTv3_g26396
Solyc05g046020.3.1	NIOBTv3_g05756
Solyc12g014420.2.1	NIOBTv3_g34525
Solyc07g017780.3.1	NIOBTv3_g11888
Solyc01g091050.3.1	NIOBTv3_g41442
Solyc02g071610.3.1	NIOBTv3_g25442
Solyc10g054840.2.1	NIOBTv3_g00781
Solyc09g091660.3.1	NIOBTv3_g10347
Solyc01g087820.2.1	NIOBTv3_g41509
Solyc02g092760.3.1	NIOBTv3_g21279
Solyc06g076540.1.1	NIOBTv3_g04460
Solyc08g066660.1.1	NIOBTv3_g03629
Solyc10g085870.1.1	NIOBTv3_g28309
Solyc10g006530.3.1	NIOBTv3_g27316
Solyc01g098645.1.1	NIOBTv3_g29478
Solyc10g008205.1.1	NIOBTv3_g04607
Solyc09g009985.1.1	NIOBTv3_g09014-D4
Solyc01g087130.3.1	NIOBTv3_g31320
Solyc03g006490.3.1	NIOBTv3_g13414
Solyc06g062460.3.1	NIOBTv3_g37001
Solyc08g079850.3.1	NIOBTv3_g38551
Solyc09g072780.2.1	NIOBTv3_g15660
Solyc03g034320.3.1	NIOBTv3_g39345
Solyc11g011330.2.1	NIOBTv3_g08762
Solyc09g065830.3.1	NIOBTv3_g17406
Solyc10g086570.3.1	NIOBTv3_g06558
Solyc04g051820.3.1	NIOBTv3_g22291
Solyc06g062930.1.1	NIOBTv3_g04104
Solyc03g123410.1.1	NIOBTv3_g29884
Solyc09g007920.3.1	NIOBTv3_g27559
Solyc07g049190.3.1	NIOBTv3_g16212
Solyc09g072700.3.1	NIOBTv3_g11799
Solyc08g078920.2.1	NIOBTv3_g39709
Solyc02g077000.3.1	NIOBTv3_g06523
Solyc04g016000.3.1	NIOBTv3_g03048
Solyc05g052540.2.1	NIOBTv3_g12045
Solyc04g082010.1.1	NIOBTv3_g10556
Solyc04g005450.3.1	NIOBTv3_g10651
Solyc04g005920.1.1	NIOBTv3_g34246
Solyc06g075170.1.1	NIOBTv3_g26847
Solyc03g114130.1.1	NIOBTv3_g26565
Solyc02g080450.1.1	NIOBTv3_g33425
Solyc01g087140.3.1	NIOBTv3_g33621
Solyc05g026490.3.1	NIOBTv3_g15800
Solyc02g076670.3.1	NIOBTv3_g10597
Solyc12g087870.2.1	NIOBTv3_g20156
Solyc02g089630.3.1	NIOBTv3_g40355
Solyc05g007580.1.1	NIOBTv3_g39318
Solyc09g065560.3.1	NIOBTv3_g63563
Solyc11g008630.2.1	NIOBTv3_g18225
Solyc06g008340.3.1	NIOBTv3_g26206
Solyc10g008360.2.1	NIOBTv3_g17485
Solyc11g013310.2.1	NIOBTv3_g13515
Solyc11g012580.2.1	NIOBTv3_g02701
Solyc03g119240.3.1	NIOBTv3_g30116
Solyc02g069300.1.1	NIOBTv3_g38575
Solyc01g008640.3.1	NIOBTv3_g29999
Solyc12g006630.2.1	NIOBTv3_g14898
Solyc06g082210.1.1	NIOBTv3_g21067
Solyc11g006890.2.1	NIOBTv3_g17511
Solyc03g114190.1.1	NIOBTv3_g22293
Solyc05g025600.1.1	NIOBTv3_g00335
Solyc11g042630.2.1	NIOBTv3_g31216
Solyc02g086820.3.1	NIOBTv3_g31213
Solyc05g050340.3.1	NIOBTv3_g18104
Solyc08g079980.1.1	NIOBTv3_g27055
Solyc03g083100.3.1	NIOBTv3_g02118
Solyc12g098510.1.1	NIOBTv3_g04472
Solyc01g105760.1.1	NIOBTv3_g09222-D2
Solyc10g007960.1.1	NIOBTv3_g01643
Solyc09g083290.3.1	NIOBTv3_g02602
Solyc03g058910.3.1	NIOBTv3_g25977
Solyc03g119980.3.1	NIOBTv3_g42166
Solyc01g104390.2.1	NIOBTv3_g13186-D2
Solyc05g054360.3.1	NIOBTv3_g33399
Solyc07g066310.3.1	NIOBTv3_g01941
Solyc06g053980.3.1	NIOBTv3_g41116
Solyc02g093020.3.1	NIOBTv3_g05608
Solyc07g056280.3.1	NIOBTv3_g26413
Solyc01g007220.3.1	NIOBTv3_g16958
Solyc08g007130.3.1	NIOBTv3_g09216-D3
Solyc10g083170.2.1	NIOBTv3_g40690
Solyc06g066830.3.1	NIOBTv3_g10688
Solyc11g011020.2.1	NIOBTv3_g32825
Solyc10g008830.2.1	NIOBTv3_g38627
Solyc04g015740.3.1	NIOBTv3_g01879
Solyc05g054900.3.1	NIOBTv3_g07842
Solyc05g011980.3.1	NIOBTv3_g10463
Solyc07g065080.4.1	NIOBTv3_g09912
Solyc06g050700.3.1	NIOBTv3_g06405
Solyc11g073160.2.1	NIOBTv3_g03026
Solyc08g048430.3.1	NIOBTv3_g09104
Solyc07g065660.3.1	NIOBTv3_g36659
Solyc03g115850.3.1	NIOBTv3_g37077
Solyc09g065910.2.1	NIOBTv3_g05181
Solyc02g086280.3.1	NIOBTv3_g26436
Solyc07g065410.1.1	NIOBTv3_g33072
Solyc12g042380.2.1	NIOBTv3_g18391
Solyc03g112390.3.1	NIOBTv3_g31933
Solyc12g056820.2.1	NIOBTv3_g21564
Solyc02g092930.1.1	NIOBTv3_g24949
Solyc03g113130.3.1	NIOBTv3_g32412
Solyc07g006890.1.1	NIOBTv3_g27136
Solyc12g008650.2.1	NIOBTv3_g33903
Solyc08g067510.1.1	NIOBTv3_g30797
Solyc07g043550.3.1	NIOBTv3_g60379
Solyc02g077880.3.1	NIOBTv3_g27957-D2
Solyc08g067960.3.1	NIOBTv3_g34039
Solyc04g074700.3.1	NIOBTv3_g01270
Solyc02g081060.3.1	NIOBTv3_g05271
Solyc02g081060.3.1	NIOBTv3_g05271
Solyc02g081060.3.1	NIOBTv3_g05271
Solyc02g081060.3.1	NIOBTv3_g05271
Solyc07g008280.3.1	NIOBTv3_g16049
Solyc02g071120.3.1	NIOBTv3_g12330
Solyc05g052450.3.1	NIOBTv3_g17420
Solyc06g082940.3.1	NIOBTv3_g31899
Solyc05g009520.1.1	NIOBTv3_g30785
Solyc08g008660.3.1	NIOBTv3_g13108
Solyc02g079980.3.1	NIOBTv3_g36594
Solyc08g068330.3.1	NIOBTv3_g05754
Solyc07g043320.3.1	NIOBTv3_g27637
Solyc10g008970.1.1	NIOBTv3_g63453
Solyc07g007350.1.1	NIOBTv3_g10455
Solyc10g026520.2.1	NIOBTv3_g14665
Solyc05g009470.3.1	NIOBTv3_g38729
Solyc03g051780.2.1	NIOBTv3_g38390
Solyc01g073710.2.1	NIOBTv3_g42242
Solyc01g058540.3.1	NIOBTv3_g13674
Solyc11g012380.1.1	NIOBTv3_g64534
Solyc06g062520.1.1	NIOBTv3_g35213
Solyc03g117670.3.1	NIOBTv3_g08605
Solyc06g053140.3.1	NIOBTv3_g07671
Solyc07g065410.1.1	NIOBTv3_g33072
Solyc12g087870.2.1	NIOBTv3_g20156
Solyc01g080680.3.1	NIOBTv3_g27851
Solyc02g086310.1.1	NIOBTv3_g17357
Solyc10g076760.2.1	NIOBTv3_g14051
Solyc03g120110.3.1	NIOBTv3_g40468
Solyc09g091330.1.1	NIOBTv3_g56405
Solyc09g015350.3.1	NIOBTv3_g18790
Solyc08g082610.3.1	NIOBTv3_g09632
Solyc05g025600.1.1	NIOBTv3_g00335
Solyc10g007310.1.1	NIOBTv3_g10870
Solyc05g050710.3.1	NIOBTv3_g11009
Solyc03g025380.3.1	NIOBTv3_g28611
Solyc01g102740.3.1	NIOBTv3_g31784
Solyc03g115900.3.1	NIOBTv3_g33198
Solyc09g056385.1.1	NIOBTv3_g05966
Solyc06g073190.3.1	NIOBTv3_g41581
Solyc07g006700.1.1	NIOBTv3_g01386
Solyc11g012375.1.1	NIOBTv3_g22518
Solyc08g082750.3.1	NIOBTv3_g11333
Solyc08g078650.3.1	NIOBTv3_g09370
Solyc03g119980.3.1	NIOBTv3_g42166
Solyc10g005060.3.1	NIOBTv3_g36761
Solyc03g044710.3.1	NIOBTv3_g03126
Solyc06g082260.3.1	NIOBTv3_g18512
Solyc05g025600.1.1	NIOBTv3_g00335
Solyc06g083910.3.1	NIOBTv3_g05717
Solyc02g069450.3.1	NIOBTv3_g36554
Solyc06g050440.3.1	NIOBTv3_g21840
Solyc12g010570.1.1	NIOBTv3_g10801
Solyc09g009510.3.1	NIOBTv3_g04580
Solyc12g099650.2.1	NIOBTv3_g23053
Solyc11g008630.2.1	NIOBTv3_g18225
Solyc06g064940.3.1	NIOBTv3_g34252
Solyc05g007770.3.1	NIOBTv3_g12661
Solyc01g066360.3.1	NIOBTv3_g30247
Solyc03g005210.3.1	NIOBTv3_g24317
Solyc10g008000.1.1	NIOBTv3_g25647
Solyc09g091290.1.1	NIOBTv3_g63175
Solyc11g066700.2.1	NIOBTv3_g02946
Solyc01g110940.3.1	NIOBTv3_g40179-D2
Solyc07g055720.3.1	NIOBTv3_g12926
Solyc12g014240.2.1	NIOBTv3_g00604
Solyc02g062030.1.1	NIOBTv3_g21000
Solyc05g007780.3.1	NIOBTv3_g60301
Solyc01g110360.3.1	NIOBTv3_g19986
Solyc06g054260.1.1	NIOBTv3_g07455
Solyc01g074030.3.1	NIOBTv3_g22061
Solyc11g064840.1.1	NIOBTv3_g07418
Solyc12g097095.1.1	NIOBTv3_g39374
Solyc11g072920.2.1	NIOBTv3_g36572
Solyc09g065430.3.1	NIOBTv3_g10285
Solyc08g007460.2.1	NIOBTv3_g14410-D2
Solyc08g008370.3.1	NIOBTv3_g16458
Solyc08g081780.1.1	NIOBTv3_g40301
Solyc02g070070.1.1	NIOBTv3_g28689
Solyc02g062890.2.1	NIOBTv3_g19427
Solyc02g090810.3.1	NIOBTv3_g34461
Solyc05g014530.1.1	NIOBTv3_g37245
Solyc02g065600.3.1	NIOBTv3_g21740
Solyc08g079200.1.1	NIOBTv3_g13176
Solyc09g008980.2.1	NIOBTv3_g39260
Solyc11g007550.1.1	NIOBTv3_g30819
Solyc07g064670.3.1	NIOBTv3_g41250
Solyc01g009880.2.1	NIOBTv3_g08309
Solyc03g115960.3.1	NIOBTv3_g16818
Solyc08g006290.2.1	NIOBTv3_g05664-D2
Solyc08g013670.3.1	NIOBTv3_g13106
Solyc12g089220.2.1	NIOBTv3_g05641
Solyc10g079570.2.1	NIOBTv3_g22984
Solyc02g079950.3.1	NIOBTv3_g38836
Solyc07g054780.1.1	NIOBTv3_g05506
Solyc07g037960.1.1	NIOBTv3_g04054
Solyc01g110940.3.1	NIOBTv3_g40179-D2
Solyc06g005710.3.1	NIOBTv3_g19938
Solyc05g007890.3.1	NIOBTv3_g24131
Solyc02g090680.3.1	NIOBTv3_g28814
Solyc04g072850.3.1	NIOBTv3_g15162
Solyc03g120060.2.1	NIOBTv3_g25593
Solyc01g059980.3.1	NIOBTv3_g28305
Solyc03g119980.3.1	NIOBTv3_g42166
Solyc05g053100.3.1	NIOBTv3_g28478
Solyc01g107540.3.1	NIOBTv3_g34335
Solyc03g005780.3.1	NIOBTv3_g39876-D5
Solyc09g092640.3.1	NIOBTv3_g03489
Solyc04g005610.3.1	NIOBTv3_g22805
Solyc10g005050.3.1	NIOBTv3_g38728
Solyc03g095710.3.1	NIOBTv3_g23312
Solyc07g062560.3.1	NIOBTv3_g32919
Solyc02g069730.3.1	NIOBTv3_g21870
Solyc05g010330.3.1	NIOBTv3_g30915
Solyc05g005680.3.1	NIOBTv3_g23462
Solyc04g071165.1.1	NIOBTv3_g25588
Solyc05g054440.3.1	NIOBTv3_g30755
Solyc07g063340.3.1	NIOBTv3_g11259
Solyc07g061980.2.1	NIOBTv3_g21442
Solyc04g074850.3.1	NIOBTv3_g35884
Solyc05g054480.3.1	NIOBTv3_g33830
Solyc07g062970.3.1	NIOBTv3_g35239
Solyc06g061090.3.1	NIOBTv3_g25059
Solyc04g008740.3.1	NIOBTv3_g22535
Solyc01g067460.2.1	NIOBTv3_g10502
Solyc01g104390.2.1	NIOBTv3_g13186-D2
Solyc05g053210.3.1	NIOBTv3_g19154
Solyc07g066150.1.1	NIOBTv3_g10782
Solyc05g005870.3.1	NIOBTv3_g22124
Solyc01g005510.3.1	NIOBTv3_g18900
Solyc04g007990.1.1	NIOBTv3_g34167
Solyc09g091350.1.1	NIOBTv3_g63592
Solyc08g061490.3.1	NIOBTv3_g13386
Solyc06g051220.1.1	NIOBTv3_g12126
Solyc09g056385.1.1	NIOBTv3_g05966
Solyc06g035580.3.1	NIOBTv3_g11395
Solyc03g112320.3.1	NIOBTv3_g31939
Solyc10g083970.1.1	NIOBTv3_g44246
Solyc06g067860.3.1	NIOBTv3_g10687
Solyc10g084120.2.1	NIOBTv3_g01362
Solyc09g091060.3.1	NIOBTv3_g33605
Solyc02g079500.4.1	NIOBTv3_g29281
Solyc01g087590.3.1	NIOBTv3_g00653
Solyc09g066030.2.1	NIOBTv3_g00484
Solyc01g008640.3.1	NIOBTv3_g29999
Solyc06g065950.3.1	NIOBTv3_g00961-D2
Solyc04g082010.1.1	NIOBTv3_g10556
Solyc02g076860.3.1	NIOBTv3_g35899
Solyc04g014790.1.1	NIOBTv3_g17769
Solyc11g065280.1.1	NIOBTv3_g32181
Solyc02g067450.3.1	NIOBTv3_g35755
Solyc09g057960.1.1	NIOBTv3_g33820
Solyc03g006700.3.1	NIOBTv3_g05139
Solyc04g080820.2.1	NIOBTv3_g38915
Solyc03g120180.2.1	NIOBTv3_g08818
Solyc12g042770.2.1	NIOBTv3_g31157
Solyc01g008640.3.1	NIOBTv3_g29999
Solyc05g055730.3.1	NIOBTv3_g36255
Solyc00g006800.3.1	NIOBTv3_g14488
Solyc02g080610.3.1	NIOBTv3_g09921
Solyc05g017950.3.1	NIOBTv3_g17574
Solyc06g071100.3.1	NIOBTv3_g16612
Solyc07g066640.3.1	NIOBTv3_g65494
Solyc03g120640.3.1	NIOBTv3_g26930
Solyc12g010710.1.1	NIOBTv3_g26276
Solyc07g007930.3.1	NIOBTv3_g36463
Solyc03g120740.1.1	NIOBTv3_g26769
Solyc04g078060.1.1	NIOBTv3_g29833
Solyc10g055810.2.1	NIOBTv3_g31315
Solyc05g056080.3.1	NIOBTv3_g01501
Solyc10g049280.2.1	NIOBTv3_g23991
Solyc07g053200.3.1	NIOBTv3_g12137
Solyc02g083540.3.1	NIOBTv3_g03374
Solyc12g036325.1.1	NIOBTv3_g35442
Solyc12g098600.1.1	NIOBTv3_g56149
Solyc08g007240.3.1	NIOBTv3_g12511-D2
Solyc07g044890.1.1	NIOBTv3_g53460
Solyc03g019750.3.1	NIOBTv3_g18985
Solyc01g099385.1.1	NIOBTv3_g32541
Solyc02g082080.1.1	NIOBTv3_g56227
Solyc05g055860.3.1	NIOBTv3_g41478
Solyc09g097970.3.1	NIOBTv3_g01203
Solyc06g084180.3.1	NIOBTv3_g23619
Solyc09g091350.1.1	NIOBTv3_g63592
Solyc08g066610.3.1	NIOBTv3_g23788
Solyc11g072920.2.1	NIOBTv3_g36572
Solyc04g048950.3.1	NIOBTv3_g17789
Solyc12g100190.2.1	NIOBTv3_g55604
Solyc07g056280.3.1	NIOBTv3_g26413
Solyc02g065400.3.1	NIOBTv3_g07505
Solyc07g064030.3.1	NIOBTv3_g36164
Solyc07g056230.3.1	NIOBTv3_g40013
Solyc12g096590.2.1	NIOBTv3_g00558-D3
Solyc09g091330.1.1	NIOBTv3_g56405
Solyc01g095450.3.1	NIOBTv3_g04344
Solyc04g078410.3.1	NIOBTv3_g23592
Solyc10g050220.2.1	NIOBTv3_g09514
Solyc12g006997.1.1	NIOBTv3_g34787
Solyc06g006000.3.1	NIOBTv3_g05891
Solyc02g087480.3.1	NIOBTv3_g13479
Solyc10g076780.1.1	NIOBTv3_g14052
Solyc08g068150.3.1	NIOBTv3_g03681
Solyc09g091350.1.1	NIOBTv3_g63592
Solyc04g005700.3.1	NIOBTv3_g56193-D2
Solyc08g080670.1.1	NIOBTv3_g38445
Solyc08g079235.1.1	NIOBTv3_g39707
Solyc01g079200.3.1	NIOBTv3_g38923
Solyc12g014580.2.1	NIOBTv3_g23884
Solyc04g064710.3.1	NIOBTv3_g15941
Solyc06g005300.3.1	NIOBTv3_g33975
Solyc11g006250.2.1	NIOBTv3_g33274
Solyc01g104400.3.1	NIOBTv3_g03423
Solyc02g079280.3.1	NIOBTv3_g16262
Solyc01g009600.3.1	NIOBTv3_g17666
Solyc07g017560.3.1	NIOBTv3_g07271
Solyc12g088910.2.1	NIOBTv3_g17782
Solyc07g021020.3.1	NIOBTv3_g02566
Solyc01g109040.3.1	NIOBTv3_g08088
Solyc03g120290.3.1	NIOBTv3_g14919
Solyc01g080890.2.1	NIOBTv3_g15662
Solyc08g067310.1.1	NIOBTv3_g11405
Solyc04g071295.1.1	NIOBTv3_g61760
Solyc11g010320.1.1	NIOBTv3_g05707
Solyc02g078380.3.1	NIOBTv3_g11928
Solyc10g054915.1.1	NIOBTv3_g36848-D3
Solyc03g020050.3.1	NIOBTv3_g08755
Solyc12g087860.2.1	NIOBTv3_g36900
Solyc06g065990.1.1	NIOBTv3_g01739
Solyc09g007060.2.1	NIOBTv3_g02835
Solyc03g097560.3.1	NIOBTv3_g39235
Solyc10g077131.1.1	NIOBTv3_g55405
Solyc12g094700.2.1	NIOBTv3_g02294
Solyc02g063030.3.1	NIOBTv3_g37165
Solyc03g116490.1.1	NIOBTv3_g32266
Solyc06g063050.3.1	NIOBTv3_g09727
Solyc12g010910.2.1	NIOBTv3_g01141
Solyc04g078900.3.1	NIOBTv3_g23306
Solyc02g076820.3.1	NIOBTv3_g26008
Solyc09g011103.1.1	NIOBTv3_g51299
Solyc12g042460.2.1	NIOBTv3_g15235
Solyc12g007070.2.1	NIOBTv3_g02892
Solyc08g081540.3.1	NIOBTv3_g24774
Solyc09g091990.3.1	NIOBTv3_g20193
Solyc06g068340.2.1	NIOBTv3_g36964
Solyc03g078330.1.1	NIOBTv3_g31635
Solyc09g082840.1.1	NIOBTv3_g39530
Solyc06g074820.3.1	NIOBTv3_g27353
Solyc04g074640.3.1	NIOBTv3_g26025
Solyc08g079080.4.1	NIOBTv3_g13751
Solyc04g014520.1.1	NIOBTv3_g06196
Solyc01g088400.3.1	NIOBTv3_g36222
Solyc03g020010.1.1	NIOBTv3_g32716
Solyc09g011970.2.1	NIOBTv3_g27562
Solyc08g076220.3.1	NIOBTv3_g25100
Solyc02g069240.1.1	NIOBTv3_g26574
Solyc08g061240.2.1	NIOBTv3_g33229
Solyc10g037880.2.1	NIOBTv3_g01228
Solyc05g051530.3.1	NIOBTv3_g00250
Solyc07g005210.3.1	NIOBTv3_g10076
Solyc07g049690.3.1	NIOBTv3_g36533
Solyc08g080180.1.1	NIOBTv3_g18142
Solyc07g054210.3.1	NIOBTv3_g39085
Solyc02g077080.3.1	NIOBTv3_g15923
Solyc02g079280.3.1	NIOBTv3_g16262
Solyc03g026210.3.1	NIOBTv3_g37935
Solyc04g049550.3.1	NIOBTv3_g23556
Solyc05g050340.3.1	NIOBTv3_g18104
Solyc08g082190.3.1	NIOBTv3_g37333
Solyc09g065910.2.1	NIOBTv3_g05181
Solyc05g026550.3.1	NIOBTv3_g26275
Solyc01g080460.3.1	NIOBTv3_g29964
Solyc10g007270.3.1	NIOBTv3_g00604-D2
Solyc10g086710.2.1	NIOBTv3_g32901
Solyc12g098580.1.1	NIOBTv3_g21654
Solyc06g062820.3.1	NIOBTv3_g16109
Solyc08g065500.2.1	NIOBTv3_g26637
Solyc08g005610.3.1	NIOBTv3_g38884
Solyc04g076870.3.1	NIOBTv3_g39051
Solyc04g009630.3.1	NIOBTv3_g37679
Solyc11g031950.1.1	NIOBTv3_g09275
Solyc04g071900.3.1	NIOBTv3_g04248-D4
Solyc01g110920.3.1	NIOBTv3_g63326-D2
Solyc02g083090.1.1	NIOBTv3_g37096
Solyc10g086090.2.1	NIOBTv3_g32206
Solyc02g088460.3.1	NIOBTv3_g10384
Solyc09g091670.3.1	NIOBTv3_g10346
Solyc02g032950.3.1	NIOBTv3_g32819
Solyc02g070110.1.1	NIOBTv3_g40311
Solyc04g016490.3.1	NIOBTv3_g12299
Solyc02g063270.3.1	NIOBTv3_g16453
Solyc03g005140.2.1	NIOBTv3_g12814
Solyc02g089900.1.1	NIOBTv3_g10571
Solyc09g082845.1.1	NIOBTv3_g39530
Solyc01g099590.3.1	NIOBTv3_g39947
Solyc01g095620.3.1	NIOBTv3_g23176
Solyc09g091350.1.1	NIOBTv3_g63592
Solyc10g076730.1.1	NIOBTv3_g17436
Solyc07g047950.1.1	NIOBTv3_g24741
Solyc05g009320.3.1	NIOBTv3_g18652
Solyc05g050970.3.1	NIOBTv3_g05372
Solyc01g008497.1.1	NIOBTv3_g09898
Solyc11g010370.1.1	NIOBTv3_g05713
Solyc01g005300.3.1	NIOBTv3_g16690
Solyc03g081240.3.1	NIOBTv3_g21743
Solyc08g077010.1.1	NIOBTv3_g25558
Solyc02g079500.4.1	NIOBTv3_g29281
Solyc10g005340.3.1	NIOBTv3_g07684
Solyc07g045090.3.1	NIOBTv3_g02622
Solyc08g082120.2.1	NIOBTv3_g27796
Solyc02g089160.3.1	NIOBTv3_g23040
Solyc11g039650.2.1	NIOBTv3_g09276
Solyc12g096080.2.1	NIOBTv3_g24726
Solyc09g075120.3.1	NIOBTv3_g60298
Solyc11g011750.1.1	NIOBTv3_g30642
Solyc01g100660.3.1	NIOBTv3_g16202
Solyc02g071700.3.1	NIOBTv3_g00171-D2
Solyc01g066810.3.1	NIOBTv3_g16511
Solyc08g081780.1.1	NIOBTv3_g40301
Solyc01g101180.3.1	NIOBTv3_g20624
Solyc12g087930.1.1	NIOBTv3_g03171
Solyc10g086710.2.1	NIOBTv3_g32901
Solyc03g112640.3.1	NIOBTv3_g10999
Solyc03g123380.1.1	NIOBTv3_g14525
Solyc12g007060.1.1	NIOBTv3_g22363
Solyc01g079780.3.1	NIOBTv3_g08393
Solyc03g025810.3.1	NIOBTv3_g42315
Solyc03g115090.1.1	NIOBTv3_g28342
Solyc03g115090.1.1	NIOBTv3_g28342
Solyc07g008367.1.1	NIOBTv3_g56766
Solyc01g089960.3.1	NIOBTv3_g37904
Solyc05g015480.3.1	NIOBTv3_g10901
Solyc12g006440.1.1	NIOBTv3_g33871
Solyc01g103060.3.1	NIOBTv3_g29499
Solyc07g056320.3.1	NIOBTv3_g26054
Solyc04g071890.3.1	NIOBTv3_g24341
Solyc03g097730.2.1	NIOBTv3_g28681
Solyc10g074800.2.1	NIOBTv3_g33824
Solyc12g089180.2.1	NIOBTv3_g55994
Solyc03g112180.1.1	NIOBTv3_g14243
Solyc01g102900.3.1	NIOBTv3_g22863
Solyc09g089690.3.1	NIOBTv3_g09014-D3
Solyc01g103970.3.1	NIOBTv3_g24861
Solyc09g091350.1.1	NIOBTv3_g63592
Solyc08g080570.3.1	NIOBTv3_g01011
Solyc06g074500.2.1	NIOBTv3_g27309
Solyc07g066470.3.1	NIOBTv3_g06061
Solyc06g010033.1.1	NIOBTv3_g20186
Solyc01g105760.1.1	NIOBTv3_g09222-D2
Solyc07g007280.3.1	NIOBTv3_g16950
Solyc04g070970.3.1	NIOBTv3_g29148
Solyc12g087840.1.1	NIOBTv3_g27114
Solyc11g006830.2.1	NIOBTv3_g17509
Solyc08g078430.3.1	NIOBTv3_g26318
Solyc10g080670.2.1	NIOBTv3_g08578
Solyc07g044870.3.1	NIOBTv3_g25931
Solyc06g062480.3.1	NIOBTv3_g26068
Solyc11g066250.2.1	NIOBTv3_g29081
Solyc06g073290.1.1	NIOBTv3_g05319
Solyc04g055120.3.1	NIOBTv3_g32611
Solyc01g108745.1.1	NIOBTv3_g06123
Solyc02g090490.3.1	NIOBTv3_g03126
Solyc02g080480.3.1	NIOBTv3_g09978
Solyc08g023270.3.1	NIOBTv3_g23749
Solyc03g120790.1.1	NIOBTv3_g04147
Solyc02g036450.3.1	NIOBTv3_g38536
Solyc03g117500.1.1	NIOBTv3_g14477-D2
Solyc03g121900.1.1	NIOBTv3_g21485
Solyc02g089160.3.1	NIOBTv3_g23040
Solyc03g095450.3.1	NIOBTv3_g23329
Solyc06g053230.3.1	NIOBTv3_g19221
Solyc05g051650.1.1	NIOBTv3_g05404
Solyc01g008790.3.1	NIOBTv3_g17106
Solyc06g075660.3.1	NIOBTv3_g00116
Solyc04g079890.3.1	NIOBTv3_g27825
Solyc05g052280.3.1	NIOBTv3_g25535
Solyc10g009150.3.1	NIOBTv3_g25402-D14
Solyc03g113440.3.1	NIOBTv3_g28290
Solyc12g014260.1.1	NIOBTv3_g35584
Solyc01g021600.3.1	NIOBTv3_g06199
Solyc06g082420.3.1	NIOBTv3_g24031
Solyc01g100490.3.1	NIOBTv3_g16492
Solyc02g070020.1.1	NIOBTv3_g05573
Solyc03g093410.3.1	NIOBTv3_g24517
Solyc11g065280.1.1	NIOBTv3_g32181
Solyc07g025140.3.1	NIOBTv3_g28422
Solyc04g014880.3.1	NIOBTv3_g02286
Solyc08g061100.3.1	NIOBTv3_g33993
Solyc10g008960.1.1	NIOBTv3_g42063
Solyc10g076200.2.1	NIOBTv3_g05156
Solyc03g114750.3.1	NIOBTv3_g16066
Solyc04g014530.1.1	NIOBTv3_g36848
Solyc02g065400.3.1	NIOBTv3_g07505
Solyc06g060690.2.1	NIOBTv3_g34496
Solyc09g055880.1.1	NIOBTv3_g18775
Solyc06g007580.1.1	NIOBTv3_g00201
Solyc01g068120.3.1	NIOBTv3_g38954
Solyc03g112760.3.1	NIOBTv3_g29547
Solyc09g011630.3.1	NIOBTv3_g39300
Solyc07g062380.1.1	NIOBTv3_g02815
Solyc01g007950.3.1	NIOBTv3_g05076
Solyc03g058890.3.1	NIOBTv3_g25976
Solyc07g052610.3.1	NIOBTv3_g27420
Solyc09g010380.3.1	NIOBTv3_g36460
Solyc07g044860.3.1	NIOBTv3_g25930
Solyc01g094340.3.1	NIOBTv3_g26926
Solyc03g082440.1.1	NIOBTv3_g32401
Solyc03g032210.3.1	NIOBTv3_g05963
Solyc01g105030.3.1	NIOBTv3_g19795
Solyc10g086580.2.1	NIOBTv3_g06559
Solyc04g083140.2.1	NIOBTv3_g23443
Solyc03g058890.3.1	NIOBTv3_g25976
Solyc10g055470.2.1	NIOBTv3_g21231
Solyc05g018760.2.1	NIOBTv3_g12023
Solyc07g066020.2.1	NIOBTv3_g22191
Solyc04g011650.3.1	NIOBTv3_g01478
Solyc11g067190.2.1	NIOBTv3_g16197
Solyc01g099860.3.1	NIOBTv3_g12261-D2
Solyc07g006870.3.1	NIOBTv3_g40147
Solyc11g012470.2.1	NIOBTv3_g30362
Solyc08g074620.3.1	NIOBTv3_g26409
Solyc02g069720.3.1	NIOBTv3_g21869
Solyc11g013450.2.1	NIOBTv3_g07425
Solyc02g090680.3.1	NIOBTv3_g28814
Solyc08g065430.3.1	NIOBTv3_g00954
Solyc07g043580.3.1	NIOBTv3_g38454
Solyc02g092530.3.1	NIOBTv3_g24449
Solyc04g007760.3.1	NIOBTv3_g06533
Solyc06g072550.3.1	NIOBTv3_g10250
Solyc12g038400.2.1	NIOBTv3_g18278
Solyc05g051530.3.1	NIOBTv3_g00250
Solyc10g044520.2.1	NIOBTv3_g22493
Solyc08g081630.2.1	NIOBTv3_g16189
Solyc01g067510.3.1	NIOBTv3_g22767
Solyc12g010410.2.1	NIOBTv3_g37821
Solyc11g008140.2.1	NIOBTv3_g16446
Solyc06g066750.3.1	NIOBTv3_g33068
Solyc03g114100.1.1	NIOBTv3_g19255
Solyc04g056580.3.1	NIOBTv3_g33416
Solyc02g083510.3.1	NIOBTv3_g20096
Solyc02g090000.3.1	NIOBTv3_g07506
Solyc04g050170.3.1	NIOBTv3_g03182
Solyc02g093580.3.1	NIOBTv3_g26358
Solyc04g064530.1.1	NIOBTv3_g34361
Solyc10g085670.2.1	NIOBTv3_g19551
Solyc02g083280.3.1	NIOBTv3_g38530
Solyc03g116610.3.1	NIOBTv3_g12232
Solyc12g088800.2.1	NIOBTv3_g07177
Solyc12g088640.2.1	NIOBTv3_g21776
Solyc04g007660.1.1	NIOBTv3_g13566
Solyc03g033590.1.1	NIOBTv3_g25149
Solyc07g007670.3.1	NIOBTv3_g40248
Solyc06g083550.1.1	NIOBTv3_g20614
Solyc06g068560.3.1	NIOBTv3_g08983
Solyc10g018330.2.1	NIOBTv3_g17544
Solyc06g064620.3.1	NIOBTv3_g31556-D2
Solyc10g081730.2.1	NIOBTv3_g08424
Solyc05g051460.3.1	NIOBTv3_g35635
Solyc09g074530.3.1	NIOBTv3_g11297
Solyc05g015640.3.1	NIOBTv3_g13193
Solyc12g049560.2.1	NIOBTv3_g15668
Solyc05g026180.2.1	NIOBTv3_g15036
Solyc01g099880.3.1	NIOBTv3_g28060
Solyc06g005770.1.1	NIOBTv3_g32445
Solyc01g091560.2.1	NIOBTv3_g13647-D2
Solyc02g086290.1.1	NIOBTv3_g26437
Solyc10g007750.1.1	NIOBTv3_g34264
Solyc01g066390.3.1	NIOBTv3_g30246
Solyc08g080120.3.1	NIOBTv3_g24384
Solyc06g083030.3.1	NIOBTv3_g17085
Solyc02g083380.3.1	NIOBTv3_g11576
Solyc01g102740.3.1	NIOBTv3_g31784
Solyc11g064900.2.1	NIOBTv3_g64103
Solyc07g063733.1.1	NIOBTv3_g20092
Solyc04g064590.2.1	NIOBTv3_g09381
Solyc12g049320.2.1	NIOBTv3_g13853
Solyc03g117840.3.1	NIOBTv3_g32488
Solyc04g007550.3.1	NIOBTv3_g39571
Solyc02g087280.3.1	NIOBTv3_g05682
Solyc05g007085.1.1	NIOBTv3_g32326
Solyc09g065430.3.1	NIOBTv3_g10285
Solyc02g084640.3.1	NIOBTv3_g04861
Solyc07g052360.2.1	NIOBTv3_g14349
Solyc04g081960.1.1	NIOBTv3_g05789
Solyc07g053140.3.1	NIOBTv3_g12129
Solyc09g011810.3.1	NIOBTv3_g34604
Solyc12g100120.2.1	NIOBTv3_g28558
Solyc08g076180.3.1	NIOBTv3_g23347-D3
Solyc08g014010.3.1	NIOBTv3_g17559
Solyc03g063150.3.1	NIOBTv3_g35364
Solyc04g070960.2.1	NIOBTv3_g04752
Solyc02g090210.3.1	NIOBTv3_g04222
Solyc03g117600.3.1	NIOBTv3_g08599
Solyc12g097060.1.1	NIOBTv3_g06474
Solyc03g046270.3.1	NIOBTv3_g26671
Solyc01g090210.3.1	NIOBTv3_g30347
Solyc07g061720.3.1	NIOBTv3_g29083
Solyc02g080890.3.1	NIOBTv3_g07658
Solyc05g010800.3.1	NIOBTv3_g32597
Solyc05g051660.1.1	NIOBTv3_g11346
Solyc08g078030.3.1	NIOBTv3_g33649
Solyc02g083490.3.1	NIOBTv3_g32515
Solyc07g006710.1.1	NIOBTv3_g01387
Solyc04g076990.3.1	NIOBTv3_g08323
Solyc06g066700.1.1	NIOBTv3_g11552
Solyc12g019230.2.1	NIOBTv3_g09952
Solyc04g054340.1.1	NIOBTv3_g14151
Solyc07g009410.3.1	NIOBTv3_g39948
Solyc04g078640.2.1	NIOBTv3_g07300
Solyc09g008510.1.1	NIOBTv3_g19346
Solyc12g009680.2.1	NIOBTv3_g16554
Solyc01g067330.3.1	NIOBTv3_g12319
Solyc08g079255.1.1	NIOBTv3_g14410
Solyc03g114940.3.1	NIOBTv3_g24303
Solyc02g065470.1.1	NIOBTv3_g60952
Solyc03g034220.3.1	NIOBTv3_g09526-D2
Solyc06g065670.3.1	NIOBTv3_g33262
Solyc03g111540.2.1	NIOBTv3_g35486
Solyc01g111630.3.1	NIOBTv3_g31393
Solyc01g110920.3.1	NIOBTv3_g63326-D2
Solyc02g089860.1.1	NIOBTv3_g10566
Solyc03g113270.3.1	NIOBTv3_g36238
Solyc06g050370.1.1	NIOBTv3_g01183
Solyc07g044860.3.1	NIOBTv3_g25930
Solyc05g052640.3.1	NIOBTv3_g38064
Solyc05g052600.3.1	NIOBTv3_g40254
Solyc05g010270.1.1	NIOBTv3_g39522
Solyc08g076040.2.1	NIOBTv3_g18732-D2
Solyc05g024260.3.1	NIOBTv3_g14656
Solyc10g081670.2.1	NIOBTv3_g03798
Solyc02g087670.3.1	NIOBTv3_g40134
Solyc02g089170.3.1	NIOBTv3_g23039
Solyc04g077615.1.1	NIOBTv3_g16371
Solyc02g032660.3.1	NIOBTv3_g62548
Solyc02g077000.3.1	NIOBTv3_g06523
Solyc04g074500.3.1	NIOBTv3_g15929
Solyc01g111900.3.1	NIOBTv3_g20232-D2
Solyc02g078370.1.1	NIOBTv3_g11929
Solyc03g033510.3.1	NIOBTv3_g17096
Solyc05g050510.3.1	NIOBTv3_g24472-D2
Solyc08g041700.1.1	NIOBTv3_g13925
Solyc04g072280.3.1	NIOBTv3_g01902
Solyc08g014280.3.1	NIOBTv3_g24239
Solyc03g034204.1.1	NIOBTv3_g64001
Solyc09g011810.3.1	NIOBTv3_g34604
Solyc12g097090.2.1	NIOBTv3_g58660
Solyc10g080840.1.1	NIOBTv3_g08073
Solyc07g045460.3.1	NIOBTv3_g39478
Solyc01g105070.3.1	NIOBTv3_g29168
Solyc02g092460.3.1	NIOBTv3_g03742
Solyc05g008200.3.1	NIOBTv3_g08166
Solyc03g026220.3.1	NIOBTv3_g32974
Solyc06g005770.1.1	NIOBTv3_g32445
Solyc01g009370.2.1	NIOBTv3_g01952
Solyc07g065930.3.1	NIOBTv3_g40374
Solyc12g013710.2.1	NIOBTv3_g14608
Solyc07g063850.3.1	NIOBTv3_g40281
Solyc03g083470.3.1	NIOBTv3_g15248
Solyc09g072950.1.1	NIOBTv3_g14243
Solyc07g055050.3.1	NIOBTv3_g18717
Solyc06g009540.1.1	NIOBTv3_g14688
Solyc10g044690.2.1	NIOBTv3_g31831
Solyc04g076040.3.1	NIOBTv3_g24040
Solyc06g071370.1.1	NIOBTv3_g40035
Solyc02g094190.3.1	NIOBTv3_g27924
Solyc07g022900.3.1	NIOBTv3_g27397
Solyc04g008850.1.1	NIOBTv3_g32144
Solyc05g008460.3.1	NIOBTv3_g39571
Solyc06g076330.3.1	NIOBTv3_g28011
Solyc03g082510.1.1	NIOBTv3_g37824
Solyc02g062300.3.1	NIOBTv3_g31258
Solyc09g010090.4.1	NIOBTv3_g07752
Solyc06g069710.3.1	NIOBTv3_g38889
Solyc08g016100.1.1	NIOBTv3_g54717
Solyc02g086590.3.1	NIOBTv3_g19543
Solyc12g011450.2.1	NIOBTv3_g64136-D2
Solyc10g081980.2.1	NIOBTv3_g16956
Solyc10g077120.2.1	NIOBTv3_g36701
Solyc08g083360.3.1	NIOBTv3_g31577
Solyc04g080780.2.1	NIOBTv3_g28748
Solyc05g008250.2.1	NIOBTv3_g34912
Solyc12g014580.2.1	NIOBTv3_g23884
Solyc10g009150.3.1	NIOBTv3_g25402-D14
Solyc06g062920.3.1	NIOBTv3_g32169
Solyc08g069170.2.1	NIOBTv3_g24669
Solyc04g009030.3.1	NIOBTv3_g20350
Solyc09g074210.3.1	NIOBTv3_g01632
Solyc12g006460.2.1	NIOBTv3_g33874
Solyc12g036320.2.1	NIOBTv3_g35443-D2
Solyc06g073760.3.1	NIOBTv3_g00174
Solyc01g087040.2.1	NIOBTv3_g19127
Solyc06g054270.3.1	NIOBTv3_g07453
Solyc02g080540.1.1	NIOBTv3_g09914
Solyc03g112970.1.1	NIOBTv3_g04528
Solyc08g082920.3.1	NIOBTv3_g18797-D2
Solyc10g008980.3.1	NIOBTv3_g17447
Solyc06g054030.2.1	NIOBTv3_g41537
Solyc01g059840.2.1	NIOBTv3_g09225-D2
Solyc09g065250.2.1	NIOBTv3_g00898
Solyc01g009300.3.1	NIOBTv3_g22718
Solyc04g007940.3.1	NIOBTv3_g20333-D2
Solyc02g070940.1.1	NIOBTv3_g14363
Solyc07g005370.3.1	NIOBTv3_g26554
Solyc03g044120.1.1	NIOBTv3_g00710
Solyc09g083150.3.1	NIOBTv3_g32924
Solyc04g074290.3.1	NIOBTv3_g35730
Solyc04g011680.2.1	NIOBTv3_g34313
Solyc01g005650.2.1	NIOBTv3_g20442
Solyc12g042890.2.1	NIOBTv3_g13489
Solyc02g071820.3.1	NIOBTv3_g13624
Solyc01g091465.1.1	NIOBTv3_g08909
Solyc02g091130.3.1	NIOBTv3_g39571-D3
Solyc01g067295.1.1	NIOBTv3_g35812
Solyc01g109170.3.1	NIOBTv3_g28470
Solyc03g116910.3.1	NIOBTv3_g27007
Solyc07g051870.1.1	NIOBTv3_g13516
Solyc06g075140.3.1	NIOBTv3_g40688
Solyc01g006330.3.1	NIOBTv3_g33113
Solyc04g064610.3.1	NIOBTv3_g66055-D3
Solyc02g032550.2.1	NIOBTv3_g31013
Solyc04g082270.3.1	NIOBTv3_g39230
Solyc11g065940.2.1	NIOBTv3_g08047
Solyc06g048930.3.1	NIOBTv3_g09169
Solyc02g068270.3.1	NIOBTv3_g09394
Solyc07g063070.1.1	NIOBTv3_g38423
Solyc07g056480.3.1	NIOBTv3_g01060
Solyc00g006810.3.1	NIOBTv3_g14489
Solyc02g083510.3.1	NIOBTv3_g20096
Solyc06g076040.3.1	NIOBTv3_g56617
Solyc03g121620.1.1	NIOBTv3_g19203
Solyc08g007680.1.1	NIOBTv3_g14168-D2
Solyc01g112000.3.1	NIOBTv3_g29774
Solyc12g042600.2.1	NIOBTv3_g05426
Solyc07g008930.1.1	NIOBTv3_g26783
Solyc03g005780.3.1	NIOBTv3_g39876-D5
Solyc02g081600.3.1	NIOBTv3_g25087
Solyc09g072810.3.1	NIOBTv3_g36127
Solyc02g069510.1.1	NIOBTv3_g23960
Solyc12g057100.2.1	NIOBTv3_g19732
Solyc01g094790.3.1	NIOBTv3_g09867
Solyc07g063660.1.1	NIOBTv3_g16347
Solyc02g077260.3.1	NIOBTv3_g39036
Solyc05g055185.1.1	NIOBTv3_g40958
Solyc07g006300.3.1	NIOBTv3_g05651
Solyc10g009150.3.1	NIOBTv3_g25402-D14
Solyc01g109140.3.1	NIOBTv3_g32213
Solyc04g054980.3.1	NIOBTv3_g28741
Solyc06g073240.3.1	NIOBTv3_g37915
Solyc11g012980.1.1	NIOBTv3_g16759
Solyc03g116530.3.1	NIOBTv3_g17788-D2
Solyc07g063210.3.1	NIOBTv3_g20002
Solyc08g077110.3.1	NIOBTv3_g07446-D2
Solyc12g099200.2.1	NIOBTv3_g19080
Solyc12g099410.2.1	NIOBTv3_g00993
Solyc07g056190.3.1	NIOBTv3_g02031
Solyc10g076200.2.1	NIOBTv3_g05156
Solyc01g068380.3.1	NIOBTv3_g09672
Solyc04g007760.3.1	NIOBTv3_g06533
Solyc02g080070.3.1	NIOBTv3_g61963
Solyc09g011500.3.1	NIOBTv3_g05979-D2
Solyc07g043310.3.1	NIOBTv3_g15909
Solyc10g081520.1.1	NIOBTv3_g38633
Solyc10g009150.3.1	NIOBTv3_g25402-D14
Solyc01g006680.3.1	NIOBTv3_g40783
Solyc09g092480.1.1	NIOBTv3_g56149
Solyc01g108270.3.1	NIOBTv3_g24904
Solyc02g090490.3.1	NIOBTv3_g03126
Solyc09g091350.1.1	NIOBTv3_g63592
Solyc05g010240.3.1	NIOBTv3_g39526
Solyc05g008460.3.1	NIOBTv3_g39571
Solyc01g080180.3.1	NIOBTv3_g09659
Solyc02g062000.3.1	NIOBTv3_g34851
Solyc02g085070.1.1	NIOBTv3_g63778
Solyc01g095630.3.1	NIOBTv3_g23174
Solyc08g005650.3.1	NIOBTv3_g18751
Solyc07g006910.3.1	NIOBTv3_g27141
Solyc11g008680.2.1	NIOBTv3_g40174
Solyc09g097870.3.1	NIOBTv3_g11555
Solyc02g091130.3.1	NIOBTv3_g39571-D3
Solyc04g078800.3.1	NIOBTv3_g08627
Solyc10g081450.2.1	NIOBTv3_g27001
Solyc10g008830.2.1	NIOBTv3_g38627
Solyc12g036320.2.1	NIOBTv3_g35443-D2
Solyc09g098130.2.1	NIOBTv3_g40279-D2
Solyc12g044260.2.1	NIOBTv3_g60059
Solyc12g009600.2.1	NIOBTv3_g01073
Solyc01g101180.3.1	NIOBTv3_g20624
Solyc05g012510.3.1	NIOBTv3_g63416
Solyc12g044280.2.1	NIOBTv3_g59351
Solyc02g089680.3.1	NIOBTv3_g16870
Solyc01g110800.3.1	NIOBTv3_g63326-D2
Solyc02g068380.3.1	NIOBTv3_g13095
Solyc01g103030.3.1	NIOBTv3_g25835
Solyc11g005990.2.1	NIOBTv3_g15866
Solyc12g015870.2.1	NIOBTv3_g24018
Solyc09g007810.3.1	NIOBTv3_g17259
Solyc10g081670.2.1	NIOBTv3_g03798
Solyc09g007520.3.1	NIOBTv3_g05222
Solyc09g090300.3.1	NIOBTv3_g11566
Solyc07g005760.3.1	NIOBTv3_g12918
Solyc03g044630.2.1	NIOBTv3_g24225
Solyc07g065500.2.1	NIOBTv3_g02359
Solyc12g014590.2.1	NIOBTv3_g02096
Solyc05g039950.2.1	NIOBTv3_g17261
Solyc11g066940.2.1	NIOBTv3_g38539
Solyc11g012640.1.1	NIOBTv3_g02695
Solyc10g086430.2.1	NIOBTv3_g22769
Solyc11g065070.2.1	NIOBTv3_g03811
Solyc02g071130.3.1	NIOBTv3_g12331
Solyc11g010730.2.1	NIOBTv3_g05218
Solyc05g051583.1.1	NIOBTv3_g20409
Solyc02g082670.3.1	NIOBTv3_g34784
Solyc11g069270.2.1	NIOBTv3_g28636
Solyc05g008770.3.1	NIOBTv3_g32250
Solyc07g005110.3.1	NIOBTv3_g05839
Solyc10g078590.2.1	NIOBTv3_g32626
Solyc04g080450.1.1	NIOBTv3_g01502
Solyc06g069740.1.1	NIOBTv3_g13355
Solyc09g082670.3.1	NIOBTv3_g08786
Solyc05g052410.2.1	NIOBTv3_g17425
Solyc11g017100.1.1	NIOBTv3_g14856
Solyc08g016100.1.1	NIOBTv3_g54717
Solyc04g063240.3.1	NIOBTv3_g01804
Solyc02g085240.3.1	NIOBTv3_g12377
Solyc02g077370.1.1	NIOBTv3_g14320
Solyc11g020100.2.1	NIOBTv3_g08168
Solyc04g074170.2.1	NIOBTv3_g40189
Solyc06g084620.1.1	NIOBTv3_g11054
Solyc02g083810.3.1	NIOBTv3_g22408
Solyc06g051680.1.1	NIOBTv3_g36033-D2
Solyc10g011820.3.1	NIOBTv3_g24023-D2
Solyc08g080320.3.1	NIOBTv3_g04042
Solyc03g019650.3.1	NIOBTv3_g34145
Solyc03g114430.1.1	NIOBTv3_g21509
Solyc10g078590.2.1	NIOBTv3_g32626
Solyc10g084070.1.1	NIOBTv3_g33287-D2
Solyc06g063370.3.1	NIOBTv3_g25385
Solyc01g079270.1.1	NIOBTv3_g36385
Solyc08g048430.3.1	NIOBTv3_g09104
Solyc01g005130.2.1	NIOBTv3_g12907
Solyc07g056510.3.1	NIOBTv3_g01616
Solyc10g006230.3.1	NIOBTv3_g64051
Solyc03g097170.3.1	NIOBTv3_g19332
Solyc10g086100.2.1	NIOBTv3_g32206
Solyc08g069040.3.1	NIOBTv3_g13452
Solyc07g055690.1.1	NIOBTv3_g16863
Solyc07g065110.1.1	NIOBTv3_g34423
Solyc01g059840.2.1	NIOBTv3_g09225-D2
Solyc06g009630.1.1	NIOBTv3_g12833
Solyc01g106920.3.1	NIOBTv3_g17440
Solyc02g078500.2.1	NIOBTv3_g30744
Solyc12g005630.2.1	NIOBTv3_g25302
Solyc03g123610.3.1	NIOBTv3_g25206
Solyc09g072810.3.1	NIOBTv3_g36127
Solyc06g016790.2.1	NIOBTv3_g27437
Solyc05g056400.3.1	NIOBTv3_g28540
Solyc06g061070.3.1	NIOBTv3_g02731
Solyc03g116870.3.1	NIOBTv3_g19264
Solyc11g008820.2.1	NIOBTv3_g27116
Solyc10g050890.2.1	NIOBTv3_g23020
Solyc02g085630.3.1	NIOBTv3_g02460
Solyc04g064720.3.1	NIOBTv3_g15356
Solyc10g054420.2.1	NIOBTv3_g08843
Solyc07g042905.1.1	NIOBTv3_g25410
Solyc04g077050.3.1	NIOBTv3_g13247
Solyc09g009980.2.1	NIOBTv3_g31331
Solyc11g008620.2.1	NIOBTv3_g31354
Solyc12g010110.2.1	NIOBTv3_g37704
Solyc04g077510.3.1	NIOBTv3_g33834
Solyc02g092550.3.1	NIOBTv3_g24450
Solyc10g078920.2.1	NIOBTv3_g05088
Solyc04g078990.3.1	NIOBTv3_g39115
Solyc02g065000.1.1	NIOBTv3_g23408
Solyc08g006890.3.1	NIOBTv3_g65840
Solyc08g075990.3.1	NIOBTv3_g31653
Solyc02g082035.1.1	NIOBTv3_g29516-D2
Solyc09g075660.3.1	NIOBTv3_g16672
Solyc09g072590.3.1	NIOBTv3_g08349
Solyc01g017770.1.1	NIOBTv3_g39844
Solyc07g065890.3.1	NIOBTv3_g22758
Solyc03g096990.3.1	NIOBTv3_g24768
Solyc03g064030.3.1	NIOBTv3_g34986
Solyc01g095310.1.1	NIOBTv3_g40427-D3
Solyc03g119930.1.1	NIOBTv3_g03939
Solyc10g080990.2.1	NIOBTv3_g21016
Solyc05g008290.3.1	NIOBTv3_g03072
Solyc02g086910.3.1	NIOBTv3_g03970
Solyc03g083870.3.1	NIOBTv3_g12311
Solyc07g062080.3.1	NIOBTv3_g17644
Solyc12g094640.2.1	NIOBTv3_g00365-D2
Solyc12g087870.2.1	NIOBTv3_g20156
Solyc02g091560.3.1	NIOBTv3_g33285
Solyc10g006900.3.1	NIOBTv3_g37298
Solyc07g066110.1.1	NIOBTv3_g13860
Solyc02g083400.3.1	NIOBTv3_g36894
Solyc11g072990.1.1	NIOBTv3_g16400
Solyc01g087970.3.1	NIOBTv3_g31623
Solyc11g065340.2.1	NIOBTv3_g29961
Solyc04g005410.2.1	NIOBTv3_g14881
Solyc06g065340.1.1	NIOBTv3_g26967
Solyc01g008240.3.1	NIOBTv3_g10698
Solyc08g077870.3.1	NIOBTv3_g02478
Solyc08g060970.3.1	NIOBTv3_g07434
Solyc09g011100.1.1	NIOBTv3_g59963
Solyc04g007940.3.1	NIOBTv3_g20333-D2
Solyc01g108100.3.1	NIOBTv3_g11907
Solyc10g008680.2.1	NIOBTv3_g13429
Solyc03g005610.3.1	NIOBTv3_g24270
Solyc01g009245.1.1	NIOBTv3_g23368
Solyc10g017620.3.1	NIOBTv3_g40602-D2
Solyc03g113240.3.1	NIOBTv3_g35973
Solyc02g081050.3.1	NIOBTv3_g16211
Solyc10g054870.2.1	NIOBTv3_g29278-D2
Solyc01g079550.2.1	NIOBTv3_g27509
Solyc09g098180.3.1	NIOBTv3_g33294
Solyc03g082560.3.1	NIOBTv3_g20987
Solyc02g062160.1.1	NIOBTv3_g41299
Solyc06g069240.2.1	NIOBTv3_g09958
Solyc06g082970.3.1	NIOBTv3_g29919
Solyc11g008930.2.1	NIOBTv3_g25889
Solyc05g009440.2.1	NIOBTv3_g24139
Solyc03g058430.2.1	NIOBTv3_g38585
Solyc08g014090.1.1	NIOBTv3_g15464
Solyc09g009690.3.1	NIOBTv3_g04574
Solyc05g006240.3.1	NIOBTv3_g03497-D2
Solyc09g074610.3.1	NIOBTv3_g13964
Solyc11g018610.2.1	NIOBTv3_g59210-D2
Solyc08g068280.1.1	NIOBTv3_g04365
Solyc06g060520.1.1	NIOBTv3_g14959
Solyc01g109600.3.1	NIOBTv3_g25361
Solyc10g049620.2.1	NIOBTv3_g37009
Solyc09g092500.1.1	NIOBTv3_g19344
Solyc06g074800.1.1	NIOBTv3_g29565
Solyc03g044630.2.1	NIOBTv3_g24225
Solyc07g053140.3.1	NIOBTv3_g12129
Solyc07g042220.2.1	NIOBTv3_g11465
Solyc07g064100.1.1	NIOBTv3_g20852
Solyc01g068430.2.1	NIOBTv3_g08914
Solyc12g096710.2.1	NIOBTv3_g11985
Solyc07g005470.3.1	NIOBTv3_g17002
Solyc03g080110.3.1	NIOBTv3_g31615
Solyc01g091590.3.1	NIOBTv3_g13649
Solyc03g117180.3.1	NIOBTv3_g10365
Solyc05g052400.3.1	NIOBTv3_g64623
Solyc12g014570.2.1	NIOBTv3_g02097
Solyc11g009080.2.1	NIOBTv3_g17854
Solyc05g008770.3.1	NIOBTv3_g32250
Solyc09g075870.2.1	NIOBTv3_g38887
Solyc09g090080.1.1	NIOBTv3_g40873-D2
Solyc02g081890.3.1	NIOBTv3_g29328
Solyc02g090840.3.1	NIOBTv3_g29199
Solyc08g083035.1.1	NIOBTv3_g32000
Solyc02g084360.3.1	NIOBTv3_g65487-D3
Solyc08g075870.3.1	NIOBTv3_g20307
Solyc05g013280.3.1	NIOBTv3_g08134-D3
Solyc08g077170.3.1	NIOBTv3_g07439
Solyc07g005380.3.1	NIOBTv3_g22997
Solyc03g019830.3.1	NIOBTv3_g17176
Solyc02g080450.1.1	NIOBTv3_g33425
Solyc10g078670.2.1	NIOBTv3_g26608
Solyc07g054080.2.1	NIOBTv3_g38153
Solyc02g062340.3.1	NIOBTv3_g22365-D2
Solyc03g083500.3.1	NIOBTv3_g20368
Solyc02g094380.2.1	NIOBTv3_g36270
Solyc06g066820.3.1	NIOBTv3_g10689
Solyc02g083790.3.1	NIOBTv3_g22406
Solyc05g010170.1.1	NIOBTv3_g00047
Solyc04g078340.3.1	NIOBTv3_g05797
Solyc01g108380.2.1	NIOBTv3_g31411
Solyc05g005490.3.1	NIOBTv3_g06476
Solyc03g031850.1.1	NIOBTv3_g22704
Solyc02g077400.3.1	NIOBTv3_g36652
Solyc02g021440.3.1	NIOBTv3_g18561
Solyc03g093180.1.1	NIOBTv3_g01429
Solyc03g115820.3.1	NIOBTv3_g20797
Solyc05g013980.3.1	NIOBTv3_g08456
Solyc05g054050.3.1	NIOBTv3_g37211
Solyc03g118840.3.1	NIOBTv3_g23702
Solyc04g051470.1.1	NIOBTv3_g11417
Solyc06g063060.3.1	NIOBTv3_g09204
Solyc09g005970.1.1	NIOBTv3_g29710
Solyc06g075170.1.1	NIOBTv3_g26847
Solyc12g005000.1.1	NIOBTv3_g31094
Solyc06g083530.3.1	NIOBTv3_g62274-D2
Solyc09g091360.1.1	NIOBTv3_g64733
Solyc02g072290.1.1	NIOBTv3_g31723
Solyc04g009190.3.1	NIOBTv3_g26538
Solyc12g017460.1.1	NIOBTv3_g34463
Solyc10g076320.2.1	NIOBTv3_g05145
Solyc05g052040.1.1	NIOBTv3_g36835
Solyc11g005770.2.1	NIOBTv3_g06273
Solyc12g011240.1.1	NIOBTv3_g37118
Solyc03g007770.3.1	NIOBTv3_g32931
Solyc04g010200.1.1	NIOBTv3_g25880
Solyc02g067080.3.1	NIOBTv3_g12520
Solyc03g007760.3.1	NIOBTv3_g03586
Solyc06g069150.1.1	NIOBTv3_g01887
Solyc03g118930.2.1	NIOBTv3_g10837
Solyc01g107740.3.1	NIOBTv3_g04872
Solyc02g069930.1.1	NIOBTv3_g05565
Solyc04g055090.1.1	NIOBTv3_g16923
Solyc12g006820.1.1	NIOBTv3_g31667
Solyc02g089930.3.1	NIOBTv3_g10573
Solyc09g010660.3.1	NIOBTv3_g10723
Solyc01g107780.3.1	NIOBTv3_g34877
Solyc03g097590.3.1	NIOBTv3_g14806
Solyc02g089480.1.1	NIOBTv3_g12458
Solyc03g113620.3.1	NIOBTv3_g04556-D2
Solyc12g094390.1.1	NIOBTv3_g06769
Solyc12g056610.2.1	NIOBTv3_g00324
Solyc04g076150.3.1	NIOBTv3_g14317
Solyc05g054480.3.1	NIOBTv3_g33830
Solyc03g118240.3.1	NIOBTv3_g04213
Solyc03g111610.3.1	NIOBTv3_g15303
Solyc01g110360.3.1	NIOBTv3_g19986
Solyc01g108210.3.1	NIOBTv3_g24193
Solyc04g082630.3.1	NIOBTv3_g64290
Solyc02g078330.3.1	NIOBTv3_g29683
Solyc08g007970.3.1	NIOBTv3_g18912
Solyc02g068740.3.1	NIOBTv3_g01680
Solyc02g087950.3.1	NIOBTv3_g40572
Solyc06g060880.3.1	NIOBTv3_g29508
Solyc01g010260.3.1	NIOBTv3_g18373
Solyc05g013380.3.1	NIOBTv3_g34131
Solyc10g006230.3.1	NIOBTv3_g64051
Solyc04g076480.3.1	NIOBTv3_g26099
Solyc03g115560.3.1	NIOBTv3_g09769
Solyc06g071220.1.1	NIOBTv3_g20398
Solyc02g078570.3.1	NIOBTv3_g03907
Solyc03g111950.3.1	NIOBTv3_g14938
Solyc02g080580.1.1	NIOBTv3_g09918
Solyc08g008305.1.1	NIOBTv3_g34477
Solyc06g074910.3.1	NIOBTv3_g01152
Solyc10g085080.2.1	NIOBTv3_g34982
Solyc01g088050.3.1	NIOBTv3_g34654
Solyc05g052110.3.1	NIOBTv3_g27669
Solyc06g076880.3.1	NIOBTv3_g11114
Solyc01g111500.3.1	NIOBTv3_g28985
Solyc07g055990.3.1	NIOBTv3_g36014
Solyc01g090820.2.1	NIOBTv3_g19150
Solyc10g079050.2.1	NIOBTv3_g09200
Solyc12g049550.2.1	NIOBTv3_g30799
Solyc09g075560.1.1	NIOBTv3_g13145
Solyc01g103860.3.1	NIOBTv3_g16407
Solyc06g050500.2.1	NIOBTv3_g35512
Solyc04g077810.1.1	NIOBTv3_g40123
Solyc07g043120.1.1	NIOBTv3_g32894
Solyc12g099540.2.1	NIOBTv3_g11351
Solyc06g076790.1.1	NIOBTv3_g24651
Solyc08g080050.3.1	NIOBTv3_g21929-D2
Solyc01g099620.3.1	NIOBTv3_g31111
Solyc08g082060.3.1	NIOBTv3_g04728
Solyc04g072000.3.1	NIOBTv3_g35699
Solyc01g100460.3.1	NIOBTv3_g07068
Solyc01g081490.3.1	NIOBTv3_g06860
Solyc05g009930.3.1	NIOBTv3_g25946
Solyc06g069470.3.1	NIOBTv3_g03608
Solyc09g092410.3.1	NIOBTv3_g22746
Solyc11g011260.1.1	NIOBTv3_g20036
Solyc05g046270.3.1	NIOBTv3_g02063
Solyc04g079250.3.1	NIOBTv3_g28758
Solyc04g010060.2.1	NIOBTv3_g25093
Solyc08g078950.3.1	NIOBTv3_g17101
Solyc09g008560.3.1	NIOBTv3_g03926
Solyc09g074080.2.1	NIOBTv3_g05900
Solyc04g081970.3.1	NIOBTv3_g05791
Solyc06g064450.3.1	NIOBTv3_g19223
Solyc12g056390.1.1	NIOBTv3_g13365
Solyc09g092640.3.1	NIOBTv3_g03489
Solyc09g090910.2.1	NIOBTv3_g26447
Solyc12g098400.2.1	NIOBTv3_g25679
Solyc06g074670.3.1	NIOBTv3_g02948
Solyc04g063230.3.1	NIOBTv3_g01806
Solyc03g007790.3.1	NIOBTv3_g02972
Solyc02g070670.3.1	NIOBTv3_g13781
Solyc02g093860.3.1	NIOBTv3_g07000
Solyc10g079570.2.1	NIOBTv3_g22984
Solyc07g007600.3.1	NIOBTv3_g35758
Solyc05g054650.1.1	NIOBTv3_g42498
Solyc01g110780.1.1	NIOBTv3_g63326-D3
Solyc02g092150.3.1	NIOBTv3_g36705
Solyc04g080550.3.1	NIOBTv3_g30375
Solyc02g088090.1.1	NIOBTv3_g32283
Solyc04g076780.3.1	NIOBTv3_g37825-D3
Solyc02g093840.3.1	NIOBTv3_g15646
Solyc07g054760.1.1	NIOBTv3_g05506
Solyc01g010080.3.1	NIOBTv3_g06014
Solyc01g006900.3.1	NIOBTv3_g35504
Solyc06g082430.2.1	NIOBTv3_g03191
Solyc04g071650.3.1	NIOBTv3_g35404
Solyc12g099070.1.1	NIOBTv3_g20713
Solyc10g081720.2.1	NIOBTv3_g19897
Solyc06g048820.1.1	NIOBTv3_g14276
Solyc09g007850.3.1	NIOBTv3_g03772
Solyc10g006300.3.1	NIOBTv3_g07621
Solyc04g080560.2.1	NIOBTv3_g07365
Solyc08g016100.1.1	NIOBTv3_g54717
Solyc09g005690.3.1	NIOBTv3_g27175
Solyc12g014620.2.1	NIOBTv3_g63334
Solyc02g085880.2.1	NIOBTv3_g30940
Solyc06g049020.1.1	NIOBTv3_g19781
Solyc09g008460.3.1	NIOBTv3_g39279
Solyc02g080410.3.1	NIOBTv3_g32660
Solyc10g007510.2.1	NIOBTv3_g18630
Solyc06g075360.3.1	NIOBTv3_g60383-D2
Solyc11g069530.2.1	NIOBTv3_g02923
Solyc05g007870.2.1	NIOBTv3_g07349
Solyc03g071690.3.1	NIOBTv3_g32629
Solyc05g050340.3.1	NIOBTv3_g18104
Solyc07g063820.3.1	NIOBTv3_g34126
Solyc04g054690.3.1	NIOBTv3_g16607
Solyc02g069290.3.1	NIOBTv3_g38574
Solyc07g042440.3.1	NIOBTv3_g31531
Solyc03g025870.3.1	NIOBTv3_g19188
Solyc02g070490.3.1	NIOBTv3_g10264
Solyc07g041900.3.1	NIOBTv3_g11379
Solyc01g080020.2.1	NIOBTv3_g23937
Solyc03g079880.3.1	NIOBTv3_g21320
Solyc02g079780.1.1	NIOBTv3_g16677
Solyc03g113720.3.1	NIOBTv3_g30679
Solyc01g098570.2.1	NIOBTv3_g29473
Solyc07g064870.3.1	NIOBTv3_g05097
Solyc02g087580.3.1	NIOBTv3_g13317
Solyc07g041010.3.1	NIOBTv3_g13052
Solyc11g006450.2.1	NIOBTv3_g19370
Solyc10g009310.3.1	NIOBTv3_g23299
Solyc06g083650.3.1	NIOBTv3_g39841
Solyc10g054760.1.1	NIOBTv3_g58924
Solyc03g115980.1.1	NIOBTv3_g16817
Solyc07g066230.3.1	NIOBTv3_g05411
Solyc04g081770.3.1	NIOBTv3_g26406
Solyc10g005500.3.1	NIOBTv3_g13368
Solyc05g054650.1.1	NIOBTv3_g42498
Solyc03g006170.3.1	NIOBTv3_g36130
Solyc04g079110.1.1	NIOBTv3_g11021
Solyc03g111950.3.1	NIOBTv3_g14938
Solyc09g011710.3.1	NIOBTv3_g01872
Solyc01g067750.3.1	NIOBTv3_g27961
Solyc10g080500.2.1	NIOBTv3_g33830
Solyc01g095900.3.1	NIOBTv3_g25064
Solyc07g043250.1.1	NIOBTv3_g15906
Solyc09g082190.1.1	NIOBTv3_g05240
Solyc12g014350.2.1	NIOBTv3_g10480
Solyc03g114000.3.1	NIOBTv3_g65291
Solyc10g085430.2.1	NIOBTv3_g19559
Solyc12g036480.2.1	NIOBTv3_g12803
Solyc03g097320.3.1	NIOBTv3_g12353
Solyc12g009130.2.1	NIOBTv3_g17960
Solyc05g007020.3.1	NIOBTv3_g07422
Solyc01g095270.3.1	NIOBTv3_g16085
Solyc08g077110.3.1	NIOBTv3_g07446-D2
Solyc09g009610.2.1	NIOBTv3_g02196
Solyc08g028690.3.1	NIOBTv3_g07960-D2
Solyc03g093410.3.1	NIOBTv3_g24517
Solyc02g093610.3.1	NIOBTv3_g28410
Solyc06g082080.3.1	NIOBTv3_g39253
Solyc05g007350.2.1	NIOBTv3_g31572-D5
Solyc07g053350.3.1	NIOBTv3_g36261
Solyc04g082500.3.1	NIOBTv3_g20108
Solyc05g047570.2.1	NIOBTv3_g15050
Solyc01g098640.3.1	NIOBTv3_g29479
Solyc01g108640.1.1	NIOBTv3_g26832
Solyc04g078030.3.1	NIOBTv3_g24854
Solyc03g119210.1.1	NIOBTv3_g65334
Solyc01g108440.2.1	NIOBTv3_g01722
Solyc12g043150.2.1	NIOBTv3_g26684
Solyc11g021365.1.1	NIOBTv3_g02881
Solyc01g096435.1.1	NIOBTv3_g15833
Solyc08g078850.3.1	NIOBTv3_g29302
Solyc05g008460.3.1	NIOBTv3_g39571
Solyc04g078560.1.1	NIOBTv3_g39977-D2
Solyc09g098115.1.1	NIOBTv3_g40237
Solyc08g007150.1.1	NIOBTv3_g08396
Solyc02g080810.3.1	NIOBTv3_g01559
Solyc03g006410.3.1	NIOBTv3_g27982
Solyc10g080920.2.1	NIOBTv3_g23809
Solyc08g075710.3.1	NIOBTv3_g38776
Solyc02g036480.1.1	NIOBTv3_g13806
Solyc01g087150.3.1	NIOBTv3_g10465
Solyc03g111540.2.1	NIOBTv3_g35486
Solyc02g085180.4.1	NIOBTv3_g13461
Solyc04g077615.1.1	NIOBTv3_g16371
Solyc06g076980.3.1	NIOBTv3_g05502
Solyc04g076700.3.1	NIOBTv3_g59423
Solyc08g082310.3.1	NIOBTv3_g41313
Solyc12g056830.1.1	NIOBTv3_g29836
Solyc07g055930.3.1	NIOBTv3_g13965
Solyc03g120885.1.1	NIOBTv3_g34808
Solyc09g065320.2.1	NIOBTv3_g31138-D2
Solyc05g056270.3.1	NIOBTv3_g03693
Solyc09g066410.2.1	NIOBTv3_g08348
Solyc07g032320.1.1	NIOBTv3_g60393-D69
Solyc07g005860.3.1	NIOBTv3_g12444
Solyc03g115020.3.1	NIOBTv3_g14460
Solyc04g057940.3.1	NIOBTv3_g18762
Solyc09g072640.3.1	NIOBTv3_g35222
Solyc07g056490.4.1	NIOBTv3_g35749
Solyc06g011560.3.1	NIOBTv3_g32942
Solyc01g096820.3.1	NIOBTv3_g40298
Solyc08g066800.3.1	NIOBTv3_g18543
Solyc06g072920.2.1	NIOBTv3_g26943
Solyc03g096290.3.1	NIOBTv3_g30320
Solyc02g078460.3.1	NIOBTv3_g22241
Solyc07g062470.3.1	NIOBTv3_g10870
Solyc10g005300.3.1	NIOBTv3_g06738
Solyc03g083480.3.1	NIOBTv3_g15247
Solyc04g014530.1.1	NIOBTv3_g36848
Solyc09g072610.3.1	NIOBTv3_g15650
Solyc01g102430.2.1	NIOBTv3_g63798
Solyc09g092390.2.1	NIOBTv3_g40272-D2
Solyc04g007760.3.1	NIOBTv3_g06533
Solyc11g071780.1.1	NIOBTv3_g09935
Solyc04g025880.3.1	NIOBTv3_g12591
Solyc07g049400.1.1	NIOBTv3_g22027
Solyc09g091510.3.1	NIOBTv3_g34074-D2
Solyc08g062360.3.1	NIOBTv3_g03746
Solyc11g005990.2.1	NIOBTv3_g15866
Solyc03g094010.3.1	NIOBTv3_g28844
Solyc08g077910.3.1	NIOBTv3_g35628
Solyc01g094320.3.1	NIOBTv3_g41054
Solyc02g065060.3.1	NIOBTv3_g04011
Solyc09g008510.1.1	NIOBTv3_g19346
Solyc05g009570.3.1	NIOBTv3_g01353
Solyc06g051550.3.1	NIOBTv3_g21427
Solyc08g079980.1.1	NIOBTv3_g27055
Solyc03g112130.1.1	NIOBTv3_g14238
Solyc09g075880.3.1	NIOBTv3_g61626
Solyc04g050930.3.1	NIOBTv3_g34181
Solyc02g093550.3.1	NIOBTv3_g33984
Solyc04g010250.3.1	NIOBTv3_g15336
Solyc10g081490.2.1	NIOBTv3_g11729
Solyc12g014110.2.1	NIOBTv3_g32040
Solyc01g105030.3.1	NIOBTv3_g19795
Solyc02g014530.3.1	NIOBTv3_g17001
Solyc12g099950.2.1	NIOBTv3_g07882-D8
Solyc05g025810.3.1	NIOBTv3_g35196
Solyc01g087850.2.1	NIOBTv3_g04613
Solyc06g061215.1.1	NIOBTv3_g30030
Solyc05g005070.2.1	NIOBTv3_g20521
Solyc01g010000.3.1	NIOBTv3_g36233
Solyc03g019890.3.1	NIOBTv3_g42629
Solyc01g094400.3.1	NIOBTv3_g33370-D3
Solyc01g100680.1.1	NIOBTv3_g02498
Solyc11g045110.2.1	NIOBTv3_g06632
Solyc08g080050.3.1	NIOBTv3_g21929-D2
Solyc05g011870.1.1	NIOBTv3_g00866
Solyc03g095510.3.1	NIOBTv3_g11514
Solyc11g064750.2.1	NIOBTv3_g30034
Solyc01g100200.3.1	NIOBTv3_g07109
Solyc11g006870.1.1	NIOBTv3_g39213
Solyc07g043110.1.1	NIOBTv3_g40325
Solyc01g080580.3.1	NIOBTv3_g20084
Solyc01g104740.3.1	NIOBTv3_g16506
Solyc01g006950.3.1	NIOBTv3_g24964
Solyc06g005330.3.1	NIOBTv3_g15729
Solyc06g083160.1.1	NIOBTv3_g17433
Solyc02g092860.3.1	NIOBTv3_g22892
Solyc03g097500.3.1	NIOBTv3_g30264
Solyc09g092260.3.1	NIOBTv3_g34402
Solyc06g083080.3.1	NIOBTv3_g17093
Solyc12g016170.1.1	NIOBTv3_g14178
Solyc06g071060.1.1	NIOBTv3_g40762
Solyc07g006650.3.1	NIOBTv3_g08570
Solyc03g033550.3.1	NIOBTv3_g21944
Solyc06g084610.3.1	NIOBTv3_g34050
Solyc01g100650.3.1	NIOBTv3_g32139
Solyc05g025920.3.1	NIOBTv3_g15437
Solyc11g068440.2.1	NIOBTv3_g05856
Solyc10g050450.2.1	NIOBTv3_g62027
Solyc08g078210.3.1	NIOBTv3_g12511
Solyc06g009000.1.1	NIOBTv3_g59691
Solyc11g028080.2.1	NIOBTv3_g16642
Solyc01g099940.3.1	NIOBTv3_g32529
Solyc01g081480.3.1	NIOBTv3_g06859
Solyc08g080750.3.1	NIOBTv3_g29117
Solyc00g108555.1.1	NIOBTv3_g54886
Solyc11g072990.1.1	NIOBTv3_g16400
Solyc09g011080.3.1	NIOBTv3_g01048
Solyc08g006440.3.1	NIOBTv3_g30424
Solyc01g109740.3.1	NIOBTv3_g20577
Solyc06g066240.3.1	NIOBTv3_g17183-D2
Solyc09g075880.3.1	NIOBTv3_g61626
Solyc09g007100.3.1	NIOBTv3_g36765
Solyc01g111900.3.1	NIOBTv3_g20232-D2
Solyc03g118850.3.1	NIOBTv3_g23703
Solyc08g076210.3.1	NIOBTv3_g17241
Solyc03g114030.3.1	NIOBTv3_g08808
Solyc01g106600.2.1	NIOBTv3_g38413
Solyc11g069570.2.1	NIOBTv3_g22050
Solyc06g050500.2.1	NIOBTv3_g35512
Solyc04g007800.3.1	NIOBTv3_g01127
Solyc08g078950.3.1	NIOBTv3_g17101
Solyc04g081320.3.1	NIOBTv3_g26701
Solyc07g066250.1.1	NIOBTv3_g28486
Solyc04g077170.3.1	NIOBTv3_g01978
Solyc11g069810.2.1	NIOBTv3_g40776
Solyc01g094070.3.1	NIOBTv3_g14948
Solyc08g078940.1.1	NIOBTv3_g25645
Solyc10g005030.3.1	NIOBTv3_g13930
Solyc07g055990.3.1	NIOBTv3_g36014
Solyc06g074910.3.1	NIOBTv3_g01152
Solyc02g087400.1.1	NIOBTv3_g06563
Solyc08g082120.2.1	NIOBTv3_g27796
Solyc04g007000.1.1	NIOBTv3_g22097
Solyc06g062510.3.1	NIOBTv3_g23452
Solyc02g089150.3.1	NIOBTv3_g41093
Solyc09g005110.3.1	NIOBTv3_g08721
Solyc01g091590.3.1	NIOBTv3_g13649
Solyc11g011880.2.1	NIOBTv3_g09165
Solyc03g082420.3.1	NIOBTv3_g00737
Solyc11g072550.2.1	NIOBTv3_g36057
Solyc10g077040.2.1	NIOBTv3_g38146
Solyc01g079740.3.1	NIOBTv3_g28552
Solyc04g074390.3.1	NIOBTv3_g32016
Solyc06g063380.1.1	NIOBTv3_g21091
Solyc06g009200.3.1	NIOBTv3_g10908
Solyc12g015630.2.1	NIOBTv3_g09193
Solyc06g075780.2.1	NIOBTv3_g33968
Solyc06g075780.2.1	NIOBTv3_g33968
Solyc06g075780.2.1	NIOBTv3_g33968
Solyc10g039280.2.1	NIOBTv3_g11469
Solyc06g060550.3.1	NIOBTv3_g19959
Solyc02g086810.1.1	NIOBTv3_g03662
Solyc12g099600.2.1	NIOBTv3_g27993
Solyc05g054680.1.1	NIOBTv3_g33025
Solyc11g069560.2.1	NIOBTv3_g20866
Solyc02g062030.1.1	NIOBTv3_g21000
Solyc09g065850.3.1	NIOBTv3_g27411
Solyc01g099840.3.1	NIOBTv3_g12262
Solyc08g065220.3.1	NIOBTv3_g08119
Solyc12g042950.2.1	NIOBTv3_g60304
Solyc06g068900.3.1	NIOBTv3_g25715
Solyc07g008420.3.1	NIOBTv3_g28620
Solyc01g110800.3.1	NIOBTv3_g63326-D2
Solyc02g014150.3.1	NIOBTv3_g11603
Solyc06g035970.3.1	NIOBTv3_g57434-D3
Solyc02g087540.2.1	NIOBTv3_g34255
Solyc07g006130.2.1	NIOBTv3_g23696
Solyc02g078170.2.1	NIOBTv3_g25760
Solyc01g099745.1.1	NIOBTv3_g14070
Solyc07g054580.3.1	NIOBTv3_g37779
Solyc06g064990.2.1	NIOBTv3_g30799
Solyc03g112030.2.1	NIOBTv3_g38865
Solyc05g006780.3.1	NIOBTv3_g62791
Solyc03g083480.3.1	NIOBTv3_g15247
Solyc12g096640.2.1	NIOBTv3_g24581
Solyc01g059900.3.1	NIOBTv3_g05634
Solyc02g079010.3.1	NIOBTv3_g21581
Solyc02g085910.3.1	NIOBTv3_g32090
Solyc05g006030.3.1	NIOBTv3_g27236
Solyc05g051890.1.1	NIOBTv3_g18838
Solyc05g008770.3.1	NIOBTv3_g32250
Solyc04g011730.3.1	NIOBTv3_g38684
Solyc05g009790.1.1	NIOBTv3_g27413
Solyc02g085010.1.1	NIOBTv3_g26226
Solyc01g065570.2.1	NIOBTv3_g18466
Solyc04g074400.1.1	NIOBTv3_g43217
Solyc10g078440.1.1	NIOBTv3_g04928
Solyc10g075035.1.1	NIOBTv3_g09566
Solyc08g078330.3.1	NIOBTv3_g28265
Solyc11g006630.1.1	NIOBTv3_g08168
Solyc12g056200.2.1	NIOBTv3_g20015
Solyc01g086810.2.1	NIOBTv3_g29141
Solyc07g043200.2.1	NIOBTv3_g32895-D2
Solyc10g006450.3.1	NIOBTv3_g09118
Solyc09g098520.3.1	NIOBTv3_g32074
Solyc08g065860.3.1	NIOBTv3_g01069
Solyc06g060310.3.1	NIOBTv3_g30609
Solyc08g081810.3.1	NIOBTv3_g24271
Solyc02g090000.3.1	NIOBTv3_g07506
Solyc10g085960.1.1	NIOBTv3_g25940
Solyc05g052040.1.1	NIOBTv3_g36835
Solyc01g008850.3.1	NIOBTv3_g60562-D2
Solyc03g059200.2.1	NIOBTv3_g26756
Solyc07g062040.3.1	NIOBTv3_g26234
Solyc02g092700.3.1	NIOBTv3_g00343
Solyc05g005220.1.1	NIOBTv3_g14160
Solyc06g063430.2.1	NIOBTv3_g37082
Solyc03g119910.3.1	NIOBTv3_g38342
Solyc07g055320.3.1	NIOBTv3_g41435
Solyc07g063370.2.1	NIOBTv3_g31537
Solyc01g088380.2.1	NIOBTv3_g36414
Solyc01g101100.3.1	NIOBTv3_g24584
Solyc03g113990.3.1	NIOBTv3_g01251
Solyc01g008510.3.1	NIOBTv3_g32417
Solyc11g007130.2.1	NIOBTv3_g36070
Solyc01g081270.2.1	NIOBTv3_g36810
Solyc02g087800.3.1	NIOBTv3_g36878
Solyc02g092820.3.1	NIOBTv3_g27021
Solyc07g055990.3.1	NIOBTv3_g36014
Solyc03g111870.3.1	NIOBTv3_g20426
Solyc03g082940.3.1	NIOBTv3_g00617
Solyc07g043160.1.1	NIOBTv3_g32892
Solyc01g096880.3.1	NIOBTv3_g06541
Solyc01g090800.3.1	NIOBTv3_g03209
Solyc04g015750.3.1	NIOBTv3_g01880
Solyc02g085830.3.1	NIOBTv3_g24566
Solyc12g057040.2.1	NIOBTv3_g33371
Solyc04g014790.1.1	NIOBTv3_g17769
Solyc02g068170.1.1	NIOBTv3_g31267
Solyc01g109710.3.1	NIOBTv3_g15563
Solyc02g083930.1.1	NIOBTv3_g17592
Solyc09g007470.1.1	NIOBTv3_g29256
Solyc02g063300.3.1	NIOBTv3_g00758
Solyc04g007440.1.1	NIOBTv3_g21501
Solyc04g078000.3.1	NIOBTv3_g24850
Solyc02g078410.1.1	NIOBTv3_g29928
Solyc08g069110.3.1	NIOBTv3_g12456
Solyc05g055180.3.1	NIOBTv3_g12705
Solyc06g068830.2.1	NIOBTv3_g20932
Solyc02g062780.3.1	NIOBTv3_g40832
Solyc03g112970.1.1	NIOBTv3_g04528
Solyc03g114930.3.1	NIOBTv3_g33746
Solyc01g089850.3.1	NIOBTv3_g38294
Solyc03g007360.3.1	NIOBTv3_g16572
Solyc09g065180.3.1	NIOBTv3_g13381
Solyc09g082300.3.1	NIOBTv3_g06895
Solyc10g006650.3.1	NIOBTv3_g16545
Solyc04g081560.3.1	NIOBTv3_g26337
Solyc02g087780.3.1	NIOBTv3_g36880
Solyc01g100880.3.1	NIOBTv3_g32015
Solyc11g064785.1.1	NIOBTv3_g54284-D40
Solyc04g007060.3.1	NIOBTv3_g28497-D3
Solyc01g097180.2.1	NIOBTv3_g01193
Solyc02g078620.1.1	NIOBTv3_g34579
Solyc01g010390.3.1	NIOBTv3_g41082
Solyc01g095240.3.1	NIOBTv3_g16083
Solyc02g092590.3.1	NIOBTv3_g05670
Solyc04g071990.3.1	NIOBTv3_g03185
Solyc10g008000.1.1	NIOBTv3_g25647
Solyc01g081190.3.1	NIOBTv3_g10111
Solyc07g008030.2.1	NIOBTv3_g30487
Solyc10g009150.3.1	NIOBTv3_g25402-D14
Solyc06g007180.3.1	NIOBTv3_g61325
Solyc03g096850.3.1	NIOBTv3_g24779
Solyc06g036110.1.1	NIOBTv3_g40124
Solyc02g078650.3.1	NIOBTv3_g28365
Solyc06g061010.3.1	NIOBTv3_g10261
Solyc01g109530.3.1	NIOBTv3_g34339
Solyc10g009590.3.1	NIOBTv3_g23177
Solyc07g063400.3.1	NIOBTv3_g32098
Solyc11g068620.2.1	NIOBTv3_g27499
Solyc10g074745.1.1	NIOBTv3_g04001
Solyc12g011280.2.1	NIOBTv3_g09113-D2
Solyc10g076480.2.1	NIOBTv3_g10432
Solyc07g006880.1.1	NIOBTv3_g30202
Solyc06g074000.1.1	NIOBTv3_g37099
Solyc04g009790.3.1	NIOBTv3_g30567
Solyc02g092470.3.1	NIOBTv3_g03743
Solyc11g044320.2.1	NIOBTv3_g26896
Solyc03g097860.1.1	NIOBTv3_g56003
Solyc02g079600.3.1	NIOBTv3_g15244-D6
Solyc06g051660.1.1	NIOBTv3_g20510
Solyc01g098770.1.1	NIOBTv3_g11884
Solyc06g076130.3.1	NIOBTv3_g12096
Solyc10g081340.1.1	NIOBTv3_g03316
Solyc09g091350.1.1	NIOBTv3_g63592
Solyc06g069900.3.1	NIOBTv3_g18670
Solyc06g011440.1.1	NIOBTv3_g20998
Solyc11g066230.1.1	NIOBTv3_g38635
Solyc10g084070.1.1	NIOBTv3_g33287-D2
Solyc01g080870.3.1	NIOBTv3_g21050
Solyc04g073990.3.1	NIOBTv3_g17207
Solyc03g119860.3.1	NIOBTv3_g21852
Solyc10g047570.2.1	NIOBTv3_g03620
Solyc08g005110.1.1	NIOBTv3_g58369
Solyc09g090070.1.1	NIOBTv3_g23015
Solyc03g116690.3.1	NIOBTv3_g24277
Solyc03g118190.3.1	NIOBTv3_g04217
Solyc03g025760.3.1	NIOBTv3_g25827
Solyc05g005570.3.1	NIOBTv3_g10770
Solyc02g071110.3.1	NIOBTv3_g17299-D4
Solyc12g044270.2.1	NIOBTv3_g21471
Solyc03g114720.3.1	NIOBTv3_g16061
Solyc07g014580.3.1	NIOBTv3_g40388-D2
Solyc05g009180.1.1	NIOBTv3_g39098
Solyc04g051860.3.1	NIOBTv3_g03053
Solyc06g065920.3.1	NIOBTv3_g15265
Solyc03g121180.3.1	NIOBTv3_g04280
Solyc02g084710.3.1	NIOBTv3_g61497
Solyc03g006210.2.1	NIOBTv3_g19106-D2
Solyc04g014570.3.1	NIOBTv3_g12418
Solyc07g053840.1.1	NIOBTv3_g27226-D2
Solyc03g006210.2.1	NIOBTv3_g19106-D2
Solyc05g005480.2.1	NIOBTv3_g37697
Solyc03g044710.3.1	NIOBTv3_g03126
Solyc04g077020.3.1	NIOBTv3_g65010-D2
Solyc06g065990.1.1	NIOBTv3_g01739
Solyc02g069690.1.1	NIOBTv3_g21867
Solyc01g108490.3.1	NIOBTv3_g18927
Solyc01g106620.2.1	NIOBTv3_g42492
Solyc04g079680.3.1	NIOBTv3_g18440-D2
Solyc07g062740.3.1	NIOBTv3_g30632
Solyc05g013470.3.1	NIOBTv3_g56127
Solyc03g061650.2.1	NIOBTv3_g21985
Solyc10g009150.3.1	NIOBTv3_g25402-D14
Solyc05g010270.1.1	NIOBTv3_g39522
Solyc09g061950.1.1	NIOBTv3_g55130
Solyc09g082670.3.1	NIOBTv3_g08786
Solyc08g076880.3.1	NIOBTv3_g19775
Solyc09g056430.3.1	NIOBTv3_g27305
Solyc10g074443.1.1	NIOBTv3_g34442
Solyc12g013580.2.1	NIOBTv3_g10766
Solyc07g066420.3.1	NIOBTv3_g43663
Solyc01g081210.3.1	NIOBTv3_g36814
Solyc04g050770.2.1	NIOBTv3_g27183
Solyc09g075820.3.1	NIOBTv3_g14560
Solyc05g009280.3.1	NIOBTv3_g32752
Solyc08g065380.3.1	NIOBTv3_g28766
Solyc05g052670.1.1	NIOBTv3_g04674
Solyc08g006160.3.1	NIOBTv3_g32431
Solyc03g116850.3.1	NIOBTv3_g19266
Solyc00g050430.3.1	NIOBTv3_g05336
Solyc05g055800.3.1	NIOBTv3_g25251
Solyc06g073090.3.1	NIOBTv3_g26543
Solyc10g008360.2.1	NIOBTv3_g17485
Solyc11g010760.1.1	NIOBTv3_g05219
Solyc08g079300.3.1	NIOBTv3_g03401
Solyc09g007480.3.1	NIOBTv3_g29258
Solyc12g040800.2.1	NIOBTv3_g24828
Solyc07g066330.3.1	NIOBTv3_g14196
Solyc07g054470.1.1	NIOBTv3_g01316
Solyc07g056350.3.1	NIOBTv3_g26742
Solyc12g008320.2.1	NIOBTv3_g37261
Solyc10g079320.2.1	NIOBTv3_g09179
Solyc12g098340.2.1	NIOBTv3_g14825
Solyc02g091130.3.1	NIOBTv3_g39571-D3
Solyc03g123760.3.1	NIOBTv3_g02763
Solyc01g088830.2.1	NIOBTv3_g38292
Solyc09g074650.3.1	NIOBTv3_g13960
Solyc05g005740.3.1	NIOBTv3_g36450
Solyc02g068260.2.1	NIOBTv3_g09395
Solyc05g051583.1.1	NIOBTv3_g20409
Solyc11g012785.1.1	NIOBTv3_g06245
Solyc07g008540.3.1	NIOBTv3_g06707
Solyc01g110920.3.1	NIOBTv3_g63326-D2
Solyc05g046290.3.1	NIOBTv3_g09740
Solyc12g098500.2.1	NIOBTv3_g40272
Solyc04g006940.3.1	NIOBTv3_g27903
Solyc12g088140.2.1	NIOBTv3_g30630
Solyc12g099440.2.1	NIOBTv3_g00987
Solyc01g008220.3.1	NIOBTv3_g08796
Solyc09g011080.3.1	NIOBTv3_g01048
Solyc10g005240.3.1	NIOBTv3_g31916
Solyc02g067330.1.1	NIOBTv3_g37829
Solyc03g080040.1.1	NIOBTv3_g02913
Solyc06g011560.3.1	NIOBTv3_g32942
Solyc08g076290.3.1	NIOBTv3_g31910
Solyc04g073950.1.1	NIOBTv3_g04111
Solyc03g019890.3.1	NIOBTv3_g42629
Solyc04g082220.2.1	NIOBTv3_g40491
Solyc01g094380.2.1	NIOBTv3_g33305
Solyc08g078880.3.1	NIOBTv3_g27783
Solyc04g080530.3.1	NIOBTv3_g30377
Solyc06g074510.3.1	NIOBTv3_g39607
Solyc01g020340.2.1	NIOBTv3_g39504
Solyc04g016000.3.1	NIOBTv3_g03048
Solyc10g018120.2.1	NIOBTv3_g30704
Solyc05g031600.2.1	NIOBTv3_g27381
Solyc04g080380.3.1	NIOBTv3_g29875
Solyc02g094000.1.1	NIOBTv3_g35076
Solyc02g079790.3.1	NIOBTv3_g16679
Solyc03g114420.1.1	NIOBTv3_g21511
Solyc07g066420.3.1	NIOBTv3_g43663
Solyc02g087860.3.1	NIOBTv3_g14995
Solyc12g094500.2.1	NIOBTv3_g11471
Solyc07g065910.1.1	NIOBTv3_g40061
Solyc05g005190.3.1	NIOBTv3_g63657
Solyc01g008500.3.1	NIOBTv3_g09900
Solyc06g009020.2.1	NIOBTv3_g41240
Solyc06g048870.2.1	NIOBTv3_g07389
Solyc05g007470.3.1	NIOBTv3_g02312
Solyc08g016620.3.1	NIOBTv3_g11287
Solyc11g007200.2.1	NIOBTv3_g22785
Solyc06g072550.3.1	NIOBTv3_g10250
Solyc09g008280.2.1	NIOBTv3_g44246
Solyc05g012000.3.1	NIOBTv3_g18073
Solyc09g064500.3.1	NIOBTv3_g35428
Solyc01g008500.3.1	NIOBTv3_g09900
Solyc03g053110.3.1	NIOBTv3_g08079
Solyc02g091560.3.1	NIOBTv3_g33285
Solyc03g098740.1.1	NIOBTv3_g28038
Solyc04g082290.3.1	NIOBTv3_g08056
Solyc05g005030.3.1	NIOBTv3_g23083
Solyc08g078300.3.1	NIOBTv3_g32663
Solyc02g069600.3.1	NIOBTv3_g07976
Solyc07g006890.1.1	NIOBTv3_g27136
Solyc10g078170.2.1	NIOBTv3_g12638
Solyc07g053360.3.1	NIOBTv3_g18961
Solyc07g053360.3.1	NIOBTv3_g18961
Solyc05g056120.3.1	NIOBTv3_g17145
Solyc08g076040.2.1	NIOBTv3_g18732-D2
Solyc09g082840.1.1	NIOBTv3_g39530
Solyc07g054730.1.1	NIOBTv3_g03199
Solyc03g117890.3.1	NIOBTv3_g00820
Solyc04g078860.3.1	NIOBTv3_g23301
Solyc10g009150.3.1	NIOBTv3_g25402-D14
Solyc12g008640.2.1	NIOBTv3_g35565
Solyc02g092715.1.1	NIOBTv3_g07676
Solyc03g119690.2.1	NIOBTv3_g09244
Solyc01g105220.3.1	NIOBTv3_g09748
Solyc04g005860.3.1	NIOBTv3_g39861
Solyc03g115610.3.1	NIOBTv3_g36791
Solyc09g005080.1.1	NIOBTv3_g02578
Solyc00g247300.3.1	NIOBTv3_g08751
Solyc11g066640.1.1	NIOBTv3_g17909-D2
Solyc06g060240.1.1	NIOBTv3_g11035
Solyc05g009780.3.1	NIOBTv3_g16962
Solyc03g121180.3.1	NIOBTv3_g04280
Solyc12g010130.1.1	NIOBTv3_g17418
Solyc03g120320.1.1	NIOBTv3_g14915
Solyc01g006735.1.1	NIOBTv3_g03798
Solyc07g052320.3.1	NIOBTv3_g41330
Solyc02g079440.2.1	NIOBTv3_g43067
Solyc12g089160.2.1	NIOBTv3_g35870
Solyc05g007470.3.1	NIOBTv3_g02312
Solyc10g011750.3.1	NIOBTv3_g29799
Solyc05g052245.1.1	NIOBTv3_g32209
Solyc03g098030.3.1	NIOBTv3_g12847
Solyc03g111690.3.1	NIOBTv3_g16129
Solyc01g079360.3.1	NIOBTv3_g07862
Solyc09g064910.1.1	NIOBTv3_g26050
Solyc11g006060.1.1	NIOBTv3_g27143
Solyc12g010600.2.1	NIOBTv3_g29594
Solyc09g010940.3.1	NIOBTv3_g17748
Solyc02g072150.3.1	NIOBTv3_g32888
Solyc01g097470.3.1	NIOBTv3_g31150
Solyc01g104210.2.1	NIOBTv3_g33774
Solyc02g085010.1.1	NIOBTv3_g26226
Solyc07g007550.3.1	NIOBTv3_g16834
Solyc07g042390.2.1	NIOBTv3_g30295
Solyc02g068300.3.1	NIOBTv3_g39272
Solyc12g005720.1.1	NIOBTv3_g26035
Solyc05g010587.1.1	NIOBTv3_g19821
Solyc12g010120.2.1	NIOBTv3_g37702
Solyc02g068200.1.1	NIOBTv3_g42644
Solyc07g053360.3.1	NIOBTv3_g18961
Solyc03g123690.1.1	NIOBTv3_g34026
Solyc01g111570.3.1	NIOBTv3_g07760
Solyc02g092860.3.1	NIOBTv3_g22892
Solyc12g056860.2.1	NIOBTv3_g28673
Solyc04g079830.2.1	NIOBTv3_g24454
Solyc01g108640.1.1	NIOBTv3_g26832
Solyc03g044370.3.1	NIOBTv3_g25483
Solyc10g006650.3.1	NIOBTv3_g16545
Solyc03g025870.3.1	NIOBTv3_g19188
Solyc06g066010.3.1	NIOBTv3_g16154
Solyc10g055680.1.1	NIOBTv3_g07835
Solyc01g096340.3.1	NIOBTv3_g27602
Solyc12g010360.2.1	NIOBTv3_g13101
Solyc09g091350.1.1	NIOBTv3_g63592
Solyc02g091970.3.1	NIOBTv3_g16932
Solyc04g015060.2.1	NIOBTv3_g06250
Solyc06g060340.3.1	NIOBTv3_g26955
Solyc02g079180.1.1	NIOBTv3_g27089
Solyc06g065820.3.1	NIOBTv3_g06211-D2
Solyc07g021700.3.1	NIOBTv3_g05263
Solyc07g066610.3.1	NIOBTv3_g18644
Solyc02g091420.3.1	NIOBTv3_g17540
Solyc12g056390.1.1	NIOBTv3_g13365
Solyc10g083730.2.1	NIOBTv3_g09753
Solyc01g007870.3.1	NIOBTv3_g31948
Solyc06g071820.3.1	NIOBTv3_g00302
Solyc01g010260.3.1	NIOBTv3_g18373
Solyc02g081070.3.1	NIOBTv3_g05270
Solyc10g009150.3.1	NIOBTv3_g25402-D14
Solyc09g075570.1.1	NIOBTv3_g30520-D2
Solyc03g078570.3.1	NIOBTv3_g17465-D2
Solyc07g018200.1.1	NIOBTv3_g40586
Solyc09g090960.3.1	NIOBTv3_g26451
Solyc11g010990.2.1	NIOBTv3_g19828
Solyc06g073350.3.1	NIOBTv3_g36907
Solyc02g087780.3.1	NIOBTv3_g36880
Solyc11g071250.2.1	NIOBTv3_g17189
Solyc10g008740.3.1	NIOBTv3_g09190
Solyc07g047940.3.1	NIOBTv3_g60154
Solyc06g005090.3.1	NIOBTv3_g37451
Solyc05g014790.3.1	NIOBTv3_g16086
Solyc04g082270.3.1	NIOBTv3_g39230
Solyc05g010070.3.1	NIOBTv3_g15546
Solyc08g076860.3.1	NIOBTv3_g25189
Solyc02g067080.3.1	NIOBTv3_g12520
Solyc11g010330.2.1	NIOBTv3_g05709
Solyc01g100000.3.1	NIOBTv3_g34028
Solyc11g071800.2.1	NIOBTv3_g42163
Solyc06g064520.3.1	NIOBTv3_g21122
Solyc12g014140.2.1	NIOBTv3_g22260
Solyc01g006300.3.1	NIOBTv3_g34693
Solyc02g089610.2.1	NIOBTv3_g31954
Solyc11g065350.2.1	NIOBTv3_g13149
Solyc05g052760.3.1	NIOBTv3_g15602
Solyc02g079870.3.1	NIOBTv3_g07218
Solyc01g110780.1.1	NIOBTv3_g63326-D3
Solyc03g019660.3.1	NIOBTv3_g10499
Solyc10g044880.1.1	NIOBTv3_g03883
Solyc02g063270.3.1	NIOBTv3_g16453
Solyc06g083230.3.1	NIOBTv3_g41063
Solyc05g006210.3.1	NIOBTv3_g15754
Solyc03g082620.3.1	NIOBTv3_g13334
Solyc01g095610.3.1	NIOBTv3_g23177
Solyc10g085500.2.1	NIOBTv3_g13831
Solyc08g075760.3.1	NIOBTv3_g18833
Solyc10g084070.1.1	NIOBTv3_g33287-D2
Solyc06g011520.3.1	NIOBTv3_g17800
Solyc11g066410.2.1	NIOBTv3_g12199
Solyc06g074140.1.1	NIOBTv3_g34426
Solyc01g066457.1.1	NIOBTv3_g00991
Solyc11g011960.2.1	NIOBTv3_g29646
Solyc07g053920.3.1	NIOBTv3_g06067
Solyc03g097650.3.1	NIOBTv3_g29157
Solyc02g089065.1.1	NIOBTv3_g13228
Solyc09g008640.1.1	NIOBTv3_g00423
Solyc03g025950.3.1	NIOBTv3_g27395
Solyc09g091350.1.1	NIOBTv3_g63592
Solyc00g009070.1.1	NIOBTv3_g10007
Solyc06g065740.3.1	NIOBTv3_g05439-D2
Solyc12g019880.1.1	NIOBTv3_g14509
Solyc02g077270.3.1	NIOBTv3_g39035
Solyc03g118410.3.1	NIOBTv3_g08697
Solyc02g070450.2.1	NIOBTv3_g10730
Solyc05g053460.1.1	NIOBTv3_g56107
Solyc01g099200.3.1	NIOBTv3_g22833
Solyc03g123720.3.1	NIOBTv3_g02757
Solyc08g079430.3.1	NIOBTv3_g03407
Solyc09g065240.3.1	NIOBTv3_g06736
Solyc12g056650.2.1	NIOBTv3_g03185
Solyc01g110110.3.1	NIOBTv3_g63166
Solyc03g113690.1.1	NIOBTv3_g14774
Solyc04g015490.3.1	NIOBTv3_g32557
Solyc02g080180.1.1	NIOBTv3_g27970
Solyc12g042830.2.1	NIOBTv3_g17785
Solyc09g064160.3.1	NIOBTv3_g36121
Solyc08g066720.2.1	NIOBTv3_g17111
Solyc07g026650.3.1	NIOBTv3_g38689
Solyc12g008980.2.1	NIOBTv3_g37662
Solyc02g083520.2.1	NIOBTv3_g40356
Solyc01g109460.3.1	NIOBTv3_g31069
Solyc09g074550.3.1	NIOBTv3_g40045
Solyc12g056150.2.1	NIOBTv3_g36635
Solyc06g051680.1.1	NIOBTv3_g36033-D2
Solyc03g114350.1.1	NIOBTv3_g31596
Solyc04g005410.2.1	NIOBTv3_g14881
Solyc07g021735.1.1	NIOBTv3_g03285
Solyc01g103700.3.1	NIOBTv3_g09854
Solyc08g067795.1.1	NIOBTv3_g24968
Solyc03g113030.3.1	NIOBTv3_g06202
Solyc09g008830.3.1	NIOBTv3_g02858
Solyc09g075810.3.1	NIOBTv3_g04464
Solyc01g110570.3.1	NIOBTv3_g15179
Solyc01g110920.3.1	NIOBTv3_g63326-D2
Solyc05g053460.1.1	NIOBTv3_g56107
Solyc07g045030.3.1	NIOBTv3_g25764
Solyc01g112060.3.1	NIOBTv3_g23417
Solyc10g055760.2.1	NIOBTv3_g31317
Solyc11g072660.2.1	NIOBTv3_g16882
Solyc10g008360.2.1	NIOBTv3_g17485
Solyc05g005020.3.1	NIOBTv3_g23084
Solyc07g064990.3.1	NIOBTv3_g09901
Solyc06g036440.2.1	NIOBTv3_g36965
Solyc11g044250.2.1	NIOBTv3_g22184
Solyc10g017550.3.1	NIOBTv3_g02238
Solyc02g092760.3.1	NIOBTv3_g21279
Solyc07g063420.3.1	NIOBTv3_g08302
Solyc03g117260.2.1	NIOBTv3_g36964-D3
Solyc04g080040.3.1	NIOBTv3_g15838
Solyc04g081330.3.1	NIOBTv3_g26701
Solyc08g083060.3.1	NIOBTv3_g38827
Solyc09g089890.1.1	NIOBTv3_g36981
Solyc06g074800.1.1	NIOBTv3_g29565
Solyc01g111350.3.1	NIOBTv3_g26380
Solyc07g041940.3.1	NIOBTv3_g11382
Solyc01g095450.3.1	NIOBTv3_g04344
Solyc11g011980.3.1	NIOBTv3_g29644
Solyc04g051590.3.1	NIOBTv3_g31586
Solyc09g091730.3.1	NIOBTv3_g29596
Solyc09g014215.1.1	NIOBTv3_g34673
Solyc09g011280.1.1	NIOBTv3_g30970
Solyc01g102400.3.1	NIOBTv3_g30959
Solyc02g065220.3.1	NIOBTv3_g24404
Solyc03g113810.1.1	NIOBTv3_g30849
Solyc10g078280.3.1	NIOBTv3_g04089
Solyc01g098750.2.1	NIOBTv3_g11887
Solyc05g051550.2.1	NIOBTv3_g00243
Solyc03g113480.1.1	NIOBTv3_g12701
Solyc03g093560.1.1	NIOBTv3_g41828
Solyc03g112680.2.1	NIOBTv3_g42232
Solyc01g081190.3.1	NIOBTv3_g10111
Solyc04g081250.1.1	NIOBTv3_g07735
Solyc07g007200.3.1	NIOBTv3_g36574
Solyc03g116860.3.1	NIOBTv3_g19265
Solyc02g092190.1.1	NIOBTv3_g18529
Solyc06g009540.1.1	NIOBTv3_g14688
Solyc07g053850.3.1	NIOBTv3_g64378
Solyc02g086480.1.1	NIOBTv3_g10474
Solyc01g100980.3.1	NIOBTv3_g26193
Solyc09g063070.3.1	NIOBTv3_g13757
Solyc09g010530.3.1	NIOBTv3_g20947
Solyc02g062950.3.1	NIOBTv3_g14452
