Solyc07g064170.3	NIOBTv3_g24069
Solyc05g005080.3	NIOBTv3_g34226
Solyc05g055400.3	NIOBTv3_g28294
Solyc06g035580.3	NIOBTv3_g11395
Solyc03g111550.3	NIOBTv3_g22562
Solyc06g035720.3	NIOBTv3_g36328
Solyc10g007310.1	NIOBTv3_g10870
Solyc10g075090.2	NIOBTv3_g62328-D2
Solyc01g111145.1	NIOBTv3_g31399
Solyc07g049140.3	NIOBTv3_g35812
Solyc10g075070.2	NIOBTv3_g62342-D3
Solyc06g074630.3	NIOBTv3_g03888
Solyc08g077510.3	NIOBTv3_g27715
Solyc07g052230.3	NIOBTv3_g25002
Solyc06g074120.3	NIOBTv3_g02048
Solyc04g074850.3	NIOBTv3_g35884
Solyc10g083675.1	NIOBTv3_g62992-D2
Solyc03g117800.3	NIOBTv3_g05651-D3
Solyc11g007540.2	NIOBTv3_g22564
Solyc01g104775.1	NIOBTv3_g09715-D2
Solyc04g081300.3	NIOBTv3_g07727
Solyc09g014350.3	NIOBTv3_g30297
Solyc02g091920.3	NIOBTv3_g24797
Solyc11g008630.2	NIOBTv3_g18225
Solyc03g034375.1	NIOBTv3_g14756-D2
Solyc06g009770.1	NIOBTv3_g30520
Solyc01g105450.3	NIOBTv3_g28158
Solyc11g006250.2	NIOBTv3_g33274
Solyc09g008200.3	NIOBTv3_g34498
Solyc10g083670.2	NIOBTv3_g62992-D2
Solyc03g114030.3	NIOBTv3_g08808
Solyc02g088100.3	NIOBTv3_g26925
Solyc09g098530.3	NIOBTv3_g32076
Solyc07g049440.3	NIOBTv3_g05040
Solyc03g013340.3	NIOBTv3_g42011
Solyc07g062530.3	NIOBTv3_g32915
Solyc01g099630.3	NIOBTv3_g31112
Solyc02g089880.3	NIOBTv3_g10568
Solyc03g114000.3	NIOBTv3_g65291
Solyc01g087850.2	NIOBTv3_g04613
Solyc06g082460.1	NIOBTv3_g25066
Solyc04g079640.3	NIOBTv3_g18440-D2
Solyc09g098540.3	NIOBTv3_g32078-D2
Solyc10g005100.3	NIOBTv3_g26524
Solyc05g007120.3	NIOBTv3_g32814
Solyc08g068150.3	NIOBTv3_g03681
Solyc10g047240.2	NIOBTv3_g31831
Solyc06g074260.3	NIOBTv3_g03075
Solyc01g080680.3	NIOBTv3_g27851
Solyc08g081220.1	NIOBTv3_g07090
Solyc04g071800.3	NIOBTv3_g36471
Solyc06g082420.3	NIOBTv3_g24031
Solyc07g064180.3	NIOBTv3_g24069
Solyc06g083590.3	NIOBTv3_g36161
Solyc02g065240.3	NIOBTv3_g06123
Solyc08g079430.3	NIOBTv3_g03407
Solyc08g067030.3	NIOBTv3_g04968
Solyc12g009270.1	NIOBTv3_g30295
Solyc07g017600.3	NIOBTv3_g07270
Solyc05g051010.3	NIOBTv3_g05368
Solyc06g053730.1	NIOBTv3_g30752
Solyc03g080100.3	NIOBTv3_g56195
Solyc04g007770.3	NIOBTv3_g56193-D2
Solyc01g111220.3	NIOBTv3_g12764
Solyc07g064160.3	NIOBTv3_g24070
Solyc02g087420.2	NIOBTv3_g12606
Solyc09g007480.3	NIOBTv3_g29258
Solyc02g065610.3	NIOBTv3_g16869
Solyc02g065530.3	NIOBTv3_g26105
Solyc07g055065.1	NIOBTv3_g09836
Solyc02g076920.3	NIOBTv3_g40010
Solyc02g084720.3	NIOBTv3_g23387
Solyc12g099360.2	NIOBTv3_g01001
Solyc05g049990.3	NIOBTv3_g38027
Solyc04g016330.3	NIOBTv3_g31124
Solyc10g080840.1	NIOBTv3_g08073
Solyc05g043330.3	NIOBTv3_g08850
Solyc11g071620.3	NIOBTv3_g31974
Solyc11g006520.2	NIOBTv3_g08168
Solyc01g109170.3	NIOBTv3_g28470
Solyc03g112760.3	NIOBTv3_g29547
Solyc01g094010.3	NIOBTv3_g22626
Solyc02g082740.1	NIOBTv3_g24512
Solyc07g056320.3	NIOBTv3_g26054
Solyc03g116280.3	NIOBTv3_g18674
Solyc07g045440.1	NIOBTv3_g22028
Solyc02g092840.1	NIOBTv3_g22891
Solyc06g083580.3	NIOBTv3_g18000
Solyc08g076060.3	NIOBTv3_g14628
Solyc02g069420.3	NIOBTv3_g13746
Solyc03g111690.3	NIOBTv3_g16129
Solyc01g111570.3	NIOBTv3_g07760
Solyc02g084210.1	NIOBTv3_g22314
Solyc01g099260.3	NIOBTv3_g34791
Solyc06g072845.1	NIOBTv3_g35211
Solyc07g052240.3	NIOBTv3_g25001
Solyc01g095530.2	NIOBTv3_g01554
Solyc08g005560.3	NIOBTv3_g33688
Solyc08g079040.1	NIOBTv3_g23653
Solyc06g065670.3	NIOBTv3_g33262
Solyc11g072110.2	NIOBTv3_g21388
Solyc04g071650.3	NIOBTv3_g35404
Solyc04g070970.3	NIOBTv3_g29148
Solyc02g088380.3	NIOBTv3_g19004
Solyc01g080010.2	NIOBTv3_g23271
Solyc06g060570.3	NIOBTv3_g32071
Solyc03g114750.3	NIOBTv3_g16066
Solyc06g063240.3	NIOBTv3_g28963
Solyc01g108490.3	NIOBTv3_g18927
Solyc09g005570.3	NIOBTv3_g35479
Solyc06g074070.3	NIOBTv3_g26867
Solyc04g016220.3	NIOBTv3_g40889-D2
Solyc11g069590.2	NIOBTv3_g22016
Solyc12g056200.2	NIOBTv3_g20015
Solyc05g032680.3	NIOBTv3_g02905
Solyc05g005560.4	NIOBTv3_g10770
Solyc03g031800.3	NIOBTv3_g04122
Solyc02g084600.3	NIOBTv3_g39860
Solyc02g083120.2	NIOBTv3_g37439
Solyc07g054310.2	NIOBTv3_g20135
Solyc06g072430.2	NIOBTv3_g19563-D2
Solyc01g111230.3	NIOBTv3_g23834
Solyc03g113350.3	NIOBTv3_g08499
Solyc06g065655.1	NIOBTv3_g33262
Solyc04g008310.2	NIOBTv3_g40889-D2
Solyc02g089690.3	NIOBTv3_g16870-D2
Solyc05g005550.3	NIOBTv3_g10770
Solyc02g069430.3	NIOBTv3_g13746
Solyc07g064670.3	NIOBTv3_g41250
Solyc05g005570.3	NIOBTv3_g10770
Solyc02g077920.3	NIOBTv3_g27953
Solyc02g079500.4	NIOBTv3_g29281
Solyc11g068440.2	NIOBTv3_g05856
Solyc08g005800.3	NIOBTv3_g14620
Solyc12g009490.2	NIOBTv3_g22960
Solyc11g018580.2	NIOBTv3_g06184
Solyc03g096730.3	NIOBTv3_g06433
Solyc02g086460.3	NIOBTv3_g30115
Solyc02g086460.3	NIOBTv3_g30115
Solyc02g086460.3	NIOBTv3_g30115
Solyc02g086460.3	NIOBTv3_g30115
Solyc12g057040.2	NIOBTv3_g33371
Solyc01g086930.3	NIOBTv3_g37612
Solyc06g066540.1	NIOBTv3_g38622
Solyc05g014000.3	NIOBTv3_g08453
Solyc02g085590.3	NIOBTv3_g56692
Solyc03g051790.3	NIOBTv3_g38347
Solyc06g071820.3	NIOBTv3_g00302
Solyc08g075870.3	NIOBTv3_g20307
Solyc12g087980.2	NIOBTv3_g04828
Solyc02g030300.3	NIOBTv3_g27406
Solyc08g082190.3	NIOBTv3_g37333
Solyc03g120710.2	NIOBTv3_g26766
Solyc05g054350.3	NIOBTv3_g03337
Solyc01g081540.3	NIOBTv3_g31463
Solyc12g005750.1	NIOBTv3_g62883
Solyc03g019790.3	NIOBTv3_g17172
Solyc03g097030.3	NIOBTv3_g41306
Solyc04g078200.3	NIOBTv3_g05645-D2
Solyc04g077020.3	NIOBTv3_g65010-D2
Solyc03g093360.3	NIOBTv3_g14188
Solyc03g078370.1	NIOBTv3_g25671
Solyc04g081400.3	NIOBTv3_g06647
Solyc12g088700.1	NIOBTv3_g18870
Solyc06g053670.1	NIOBTv3_g38988
Solyc11g006970.2	NIOBTv3_g10640
Solyc07g062470.3	NIOBTv3_g10870
Solyc02g077710.1	NIOBTv3_g12656
Solyc12g099930.2	NIOBTv3_g04021
Solyc06g068450.2	NIOBTv3_g34663
Solyc03g112390.3	NIOBTv3_g31933
Solyc02g085870.3	NIOBTv3_g06835
Solyc05g008290.3	NIOBTv3_g03072
Solyc01g091690.3	NIOBTv3_g37254
Solyc12g038520.2	NIOBTv3_g19670
Solyc07g042190.3	NIOBTv3_g34723
Solyc05g051200.1	NIOBTv3_g37357
Solyc01g112260.3	NIOBTv3_g06005
Solyc02g086300.3	NIOBTv3_g26439
Solyc08g029050.3	NIOBTv3_g28074
Solyc08g082250.3	NIOBTv3_g18909
Solyc07g064870.3	NIOBTv3_g05097
Solyc10g081720.2	NIOBTv3_g19897
Solyc11g070130.2	NIOBTv3_g10976
Solyc09g092580.3	NIOBTv3_g34794
Solyc11g065530.1	NIOBTv3_g06327
Solyc02g084860.1	NIOBTv3_g27893
Solyc03g078090.3	NIOBTv3_g19432
Solyc04g057940.3	NIOBTv3_g18762
Solyc01g095170.2	NIOBTv3_g18714
Solyc10g085230.2	NIOBTv3_g38610
Solyc07g062500.3	NIOBTv3_g07822
Solyc12g044880.2	NIOBTv3_g29864
Solyc02g066800.2	NIOBTv3_g15127
Solyc06g082410.1	NIOBTv3_g24031
Solyc08g008290.3	NIOBTv3_g41373
Solyc12g006930.2	NIOBTv3_g21955
Solyc11g072890.1	NIOBTv3_g40465
Solyc07g006880.1	NIOBTv3_g30202
Solyc08g068420.3	NIOBTv3_g00591
Solyc01g105710.3	NIOBTv3_g17430
Solyc01g106340.3	NIOBTv3_g23955
Solyc05g054620.3	NIOBTv3_g04749
Solyc01g057000.3	NIOBTv3_g01718
Solyc12g044190.2	NIOBTv3_g03573-D2
Solyc01g080460.3	NIOBTv3_g29964
Solyc10g006480.2	NIOBTv3_g63164
Solyc04g074290.3	NIOBTv3_g35730
Solyc05g055330.3	NIOBTv3_g34061
Solyc10g080230.2	NIOBTv3_g32717
Solyc05g007900.2	NIOBTv3_g24130
Solyc03g033510.3	NIOBTv3_g17096
Solyc11g051160.2	NIOBTv3_g08249
Solyc03g025760.3	NIOBTv3_g25827
Solyc02g089770.3	NIOBTv3_g21549
Solyc02g085180.4	NIOBTv3_g13461
Solyc03g116530.3	NIOBTv3_g17788-D2
Solyc11g013810.2	NIOBTv3_g27911
Solyc07g063350.3	NIOBTv3_g11258
Solyc02g077590.1	NIOBTv3_g23132
Solyc12g056650.2	NIOBTv3_g03185
Solyc03g078730.2	NIOBTv3_g24515
Solyc06g069850.3	NIOBTv3_g35836
Solyc01g111260.2	NIOBTv3_g23838
Solyc08g082120.2	NIOBTv3_g27796
Solyc02g069670.3	NIOBTv3_g37679
Solyc02g062710.1	NIOBTv3_g38598
Solyc12g098500.2	NIOBTv3_g40272
Solyc07g017950.3	NIOBTv3_g16384
Solyc07g006710.1	NIOBTv3_g01387
Solyc06g064500.2	NIOBTv3_g21123
Solyc11g012930.2	NIOBTv3_g12210
Solyc02g062500.3	NIOBTv3_g10688
Solyc07g053100.3	NIOBTv3_g23948-D5
Solyc09g097870.3	NIOBTv3_g11555
Solyc02g088390.3	NIOBTv3_g19004
Solyc05g054210.3	NIOBTv3_g02284
Solyc12g057000.1	NIOBTv3_g23218
Solyc09g007270.3	NIOBTv3_g05124
Solyc01g087820.2	NIOBTv3_g41509
Solyc02g080160.3	NIOBTv3_g27972
Solyc01g086920.3	NIOBTv3_g37613
Solyc06g074000.1	NIOBTv3_g37099
Solyc05g010180.3	NIOBTv3_g23075
Solyc12g014260.1	NIOBTv3_g35584
Solyc12g044600.3	NIOBTv3_g62937-D2
Solyc11g011400.2	NIOBTv3_g18792
Solyc07g063340.3	NIOBTv3_g11259
Solyc05g052500.3	NIOBTv3_g12036
Solyc08g079690.3	NIOBTv3_g14175
Solyc10g054840.2	NIOBTv3_g00781
Solyc03g059260.3	NIOBTv3_g22522
Solyc01g094080.3	NIOBTv3_g32989
Solyc04g057930.3	NIOBTv3_g18763
Solyc12g006520.2	NIOBTv3_g56851
Solyc09g010700.3	NIOBTv3_g09361
Solyc07g054860.1	NIOBTv3_g10304
Solyc04g055000.3	NIOBTv3_g10370
Solyc10g080940.2	NIOBTv3_g38310
Solyc02g084990.3	NIOBTv3_g05628
Solyc10g076740.2	NIOBTv3_g19294
Solyc04g063230.3	NIOBTv3_g01806
Solyc01g106320.2	NIOBTv3_g35405
Solyc11g072910.1	NIOBTv3_g39284
Solyc09g092330.2	NIOBTv3_g21996
Solyc05g018510.3	NIOBTv3_g33262
Solyc04g051470.1	NIOBTv3_g11417
Solyc03g080060.1	NIOBTv3_g02915
Solyc03g025320.3	NIOBTv3_g35583
Solyc04g073950.1	NIOBTv3_g04111
Solyc02g067380.3	NIOBTv3_g14995
Solyc03g078440.3	NIOBTv3_g19828
Solyc06g059740.3	NIOBTv3_g27490
Solyc02g076820.3	NIOBTv3_g26008
Solyc01g109180.3	NIOBTv3_g28471
Solyc03g095820.3	NIOBTv3_g10816
Solyc06g062600.3	NIOBTv3_g15585
Solyc08g067890.3	NIOBTv3_g18356
Solyc04g055050.1	NIOBTv3_g21218
Solyc05g005720.3	NIOBTv3_g04976
Solyc04g071340.4	NIOBTv3_g10931
Solyc03g119670.3	NIOBTv3_g09963
Solyc05g014560.3	NIOBTv3_g34974
Solyc04g078900.3	NIOBTv3_g23306
Solyc02g087970.1	NIOBTv3_g37829
Solyc03g117720.3	NIOBTv3_g32573
Solyc09g011040.1	NIOBTv3_g38921
Solyc04g009850.3	NIOBTv3_g29840
Solyc02g082140.3	NIOBTv3_g22782
Solyc09g065660.3	NIOBTv3_g23517
Solyc05g010650.3	NIOBTv3_g19419
Solyc12g098490.2	NIOBTv3_g04474
Solyc06g072840.3	NIOBTv3_g35211
Solyc08g016310.3	NIOBTv3_g14543-D2
Solyc01g107990.3	NIOBTv3_g22368
Solyc04g082880.3	NIOBTv3_g09832-D2
Solyc02g065060.3	NIOBTv3_g04011
Solyc07g006220.2	NIOBTv3_g22410
Solyc07g007030.1	NIOBTv3_g30292
Solyc07g041900.3	NIOBTv3_g11379
Solyc12g056510.2	NIOBTv3_g22558
Solyc11g071420.2	NIOBTv3_g30126-D2
Solyc05g053860.3	NIOBTv3_g04154
Solyc05g005865.1	NIOBTv3_g22125
Solyc02g079510.3	NIOBTv3_g29281
Solyc02g065805.1	NIOBTv3_g15127
Solyc03g078630.3	NIOBTv3_g12979
Solyc10g018780.2	NIOBTv3_g27951
Solyc02g089350.3	NIOBTv3_g04965-D2
Solyc05g053810.3	NIOBTv3_g29825
Solyc03g121180.3	NIOBTv3_g04280
Solyc08g016620.3	NIOBTv3_g11287
Solyc01g105720.2	NIOBTv3_g16919
Solyc08g028690.3	NIOBTv3_g07960-D2
Solyc06g051020.2	NIOBTv3_g28355
Solyc12g010590.2	NIOBTv3_g27701
Solyc03g112120.2	NIOBTv3_g14237
Solyc01g102310.3	NIOBTv3_g09790
Solyc12g005730.2	NIOBTv3_g26036
Solyc05g055840.3	NIOBTv3_g29220
Solyc05g052650.2	NIOBTv3_g04674
Solyc11g013150.1	NIOBTv3_g16119
Solyc01g005420.2	NIOBTv3_g11687
Solyc03g044300.3	NIOBTv3_g00099
Solyc07g008020.3	NIOBTv3_g02862
Solyc11g008820.2	NIOBTv3_g27116
Solyc05g054670.3	NIOBTv3_g10454
Solyc01g109500.3	NIOBTv3_g31074
Solyc08g083190.3	NIOBTv3_g24188
Solyc04g071165.1	NIOBTv3_g25588
Solyc05g053620.3	NIOBTv3_g30106
Solyc03g025720.3	NIOBTv3_g36442
Solyc01g104730.2	NIOBTv3_g32124
Solyc10g085500.2	NIOBTv3_g13831
Solyc01g008330.3	NIOBTv3_g00929
Solyc11g013110.2	NIOBTv3_g13067
Solyc08g080190.3	NIOBTv3_g18141
Solyc11g007000.2	NIOBTv3_g17292
Solyc08g077180.3	NIOBTv3_g01818
Solyc01g005730.3	NIOBTv3_g12857-D2
Solyc02g065680.3	NIOBTv3_g15780
Solyc08g082620.3	NIOBTv3_g16457
Solyc02g084440.3	NIOBTv3_g32954
Solyc04g008590.3	NIOBTv3_g00856-D2
Solyc12g088430.1	NIOBTv3_g20739
Solyc04g077160.1	NIOBTv3_g01977
Solyc07g042490.1	NIOBTv3_g27554
Solyc01g104750.3	NIOBTv3_g09710
Solyc04g064620.3	NIOBTv3_g21599
Solyc03g117490.3	NIOBTv3_g42264
Solyc01g095930.3	NIOBTv3_g37630
Solyc01g095550.2	NIOBTv3_g01552
Solyc08g076650.3	NIOBTv3_g11443
Solyc02g081400.3	NIOBTv3_g13605
Solyc04g074110.3	NIOBTv3_g04664
Solyc02g093290.3	NIOBTv3_g38388-D2
Solyc03g120310.3	NIOBTv3_g14916
Solyc06g053140.3	NIOBTv3_g07671
Solyc04g081290.3	NIOBTv3_g07728
Solyc01g100600.3	NIOBTv3_g29176
Solyc05g012500.3	NIOBTv3_g19088
Solyc04g005800.3	NIOBTv3_g10256
Solyc08g007970.3	NIOBTv3_g18912
Solyc01g080870.3	NIOBTv3_g21050
Solyc04g082200.2	NIOBTv3_g10422
Solyc03g065340.3	NIOBTv3_g16763
Solyc01g100770.2	NIOBTv3_g13705
Solyc10g083230.1	NIOBTv3_g15922
Solyc11g010440.2	NIOBTv3_g34348
Solyc12g011410.1	NIOBTv3_g21805
Solyc07g009380.3	NIOBTv3_g09740
Solyc08g066100.3	NIOBTv3_g10977
Solyc08g068330.3	NIOBTv3_g05754
Solyc01g099020.3	NIOBTv3_g28457
Solyc12g010390.2	NIOBTv3_g13103
Solyc04g073990.3	NIOBTv3_g17207
Solyc07g065920.3	NIOBTv3_g33697
Solyc04g077780.3	NIOBTv3_g29105
Solyc01g099590.3	NIOBTv3_g39947
Solyc06g006080.3	NIOBTv3_g38490
Solyc10g079790.1	NIOBTv3_g14692
Solyc03g020060.3	NIOBTv3_g08755
Solyc04g007780.3	NIOBTv3_g19374
Solyc01g110605.1	NIOBTv3_g10173
Solyc12g009840.2	NIOBTv3_g04561
Solyc02g083930.1	NIOBTv3_g17592
Solyc04g082830.3	NIOBTv3_g38969
Solyc11g020100.2	NIOBTv3_g08168
Solyc08g075760.3	NIOBTv3_g18833
Solyc09g082690.3	NIOBTv3_g27530
Solyc01g088250.3	NIOBTv3_g07652
Solyc06g082560.2	NIOBTv3_g26399
Solyc02g081390.3	NIOBTv3_g13607
Solyc03g007850.1	NIOBTv3_g24896
Solyc03g123720.3	NIOBTv3_g02757
Solyc06g074710.1	NIOBTv3_g17909
Solyc07g007800.3	NIOBTv3_g33012
Solyc04g054810.3	NIOBTv3_g58933
Solyc02g085745.1	NIOBTv3_g27171
Solyc09g065180.3	NIOBTv3_g13381
Solyc02g091140.3	NIOBTv3_g41569
Solyc06g036130.3	NIOBTv3_g59457
Solyc08g005960.2	NIOBTv3_g15467-D2
Solyc07g053540.1	NIOBTv3_g30158
Solyc08g066750.3	NIOBTv3_g39791
Solyc11g006300.2	NIOBTv3_g22251
Solyc01g102610.3	NIOBTv3_g30412
Solyc04g007540.2	NIOBTv3_g28462
Solyc10g054820.2	NIOBTv3_g00781
Solyc05g006650.3	NIOBTv3_g32017
Solyc11g065000.2	NIOBTv3_g22414
Solyc03g078720.3	NIOBTv3_g26396
Solyc05g009270.3	NIOBTv3_g06835
Solyc09g090190.3	NIOBTv3_g00414
Solyc12g096920.1	NIOBTv3_g02135
Solyc11g006930.2	NIOBTv3_g25120
Solyc02g092670.1	NIOBTv3_g00342
Solyc04g015850.2	NIOBTv3_g05253-D2
Solyc07g018190.3	NIOBTv3_g26079
Solyc02g091560.3	NIOBTv3_g33285
Solyc11g066720.2	NIOBTv3_g02948
Solyc01g110920.3	NIOBTv3_g63326-D2
Solyc02g067080.3	NIOBTv3_g12520
Solyc10g083450.2	NIOBTv3_g39432
Solyc07g007790.3	NIOBTv3_g27050
Solyc01g065980.3	NIOBTv3_g31675
Solyc08g065430.3	NIOBTv3_g00954
Solyc11g069940.1	NIOBTv3_g27333
Solyc02g079930.3	NIOBTv3_g38834
Solyc07g063420.3	NIOBTv3_g08302
Solyc08g082010.3	NIOBTv3_g13265
Solyc09g011140.3	NIOBTv3_g08533
Solyc03g071590.3	NIOBTv3_g59510
Solyc04g006970.3	NIOBTv3_g00587
Solyc01g014375.1	NIOBTv3_g14639
Solyc04g045340.3	NIOBTv3_g15798
Solyc01g006825.1	NIOBTv3_g13417
Solyc02g091890.2	NIOBTv3_g03618
Solyc02g091890.2	NIOBTv3_g03618
Solyc02g065470.1	NIOBTv3_g60952
Solyc10g074790.2	NIOBTv3_g33823
Solyc02g084400.3	NIOBTv3_g25796-D2
Solyc01g104320.3	NIOBTv3_g08732
Solyc12g009520.2	NIOBTv3_g27813-D3
Solyc03g078640.1	NIOBTv3_g16923
Solyc03g078640.1	NIOBTv3_g16923
Solyc07g008210.3	NIOBTv3_g23737
Solyc04g077510.3	NIOBTv3_g33834
Solyc09g075210.3	NIOBTv3_g30884
Solyc02g063510.1	NIOBTv3_g16073
Solyc03g083360.3	NIOBTv3_g03834
Solyc08g082920.3	NIOBTv3_g18797-D2
Solyc06g062920.3	NIOBTv3_g32169
Solyc01g110000.3	NIOBTv3_g64097
Solyc05g025810.3	NIOBTv3_g35196
Solyc10g012170.3	NIOBTv3_g04868
Solyc02g092530.3	NIOBTv3_g24449
Solyc09g010380.3	NIOBTv3_g36460
Solyc07g063165.1	NIOBTv3_g14707-D2
Solyc10g008540.3	NIOBTv3_g18415
Solyc02g068200.1	NIOBTv3_g42644
Solyc01g106330.3	NIOBTv3_g23955
Solyc08g041710.3	NIOBTv3_g21175
Solyc11g011980.3	NIOBTv3_g29644
Solyc12g044420.1	NIOBTv3_g37718
Solyc04g007210.3	NIOBTv3_g08367
Solyc10g078530.2	NIOBTv3_g14013
Solyc01g007220.3	NIOBTv3_g16958
Solyc10g008650.2	NIOBTv3_g34586-D2
Solyc08g077100.3	NIOBTv3_g25563
Solyc02g092000.3	NIOBTv3_g64432
Solyc12g088240.2	NIOBTv3_g03777
Solyc08g077460.3	NIOBTv3_g12461
Solyc04g076010.3	NIOBTv3_g23946
Solyc12g005840.2	NIOBTv3_g38219
Solyc06g082440.1	NIOBTv3_g03193
Solyc08g065360.3	NIOBTv3_g26890
Solyc06g084030.3	NIOBTv3_g19165
Solyc02g071920.3	NIOBTv3_g17014
Solyc01g008850.3	NIOBTv3_g60562-D2
Solyc02g089440.3	NIOBTv3_g15721
Solyc05g008310.3	NIOBTv3_g01158
Solyc12g088820.2	NIOBTv3_g07179
Solyc01g100360.3	NIOBTv3_g07081
Solyc05g024415.1	NIOBTv3_g41774
Solyc07g065980.3	NIOBTv3_g35124
Solyc01g103920.3	NIOBTv3_g22493
Solyc01g097470.3	NIOBTv3_g31150
Solyc01g108340.3	NIOBTv3_g24928
Solyc09g063060.3	NIOBTv3_g25952
Solyc09g098150.3	NIOBTv3_g33289
Solyc06g073970.2	NIOBTv3_g23507
Solyc02g089930.3	NIOBTv3_g10573
Solyc03g034400.3	NIOBTv3_g36559
Solyc02g084390.3	NIOBTv3_g03460
Solyc08g079280.3	NIOBTv3_g03401
Solyc10g086580.2	NIOBTv3_g06559
Solyc02g065770.3	NIOBTv3_g15736
Solyc05g050770.3	NIOBTv3_g06656
Solyc05g055845.1	NIOBTv3_g29220
Solyc12g042010.1	NIOBTv3_g16220
Solyc10g083570.2	NIOBTv3_g03959
Solyc02g063360.3	NIOBTv3_g03114
Solyc01g096410.3	NIOBTv3_g21534
Solyc05g013630.1	NIOBTv3_g42778-D2
Solyc01g087790.2	NIOBTv3_g41509
Solyc12g099200.2	NIOBTv3_g19080
Solyc11g065350.2	NIOBTv3_g13149
Solyc02g071100.3	NIOBTv3_g17299
Solyc01g107900.3	NIOBTv3_g12101
Solyc01g110570.3	NIOBTv3_g15179
Solyc08g005420.3	NIOBTv3_g24893
Solyc07g064900.3	NIOBTv3_g08494
Solyc05g009550.3	NIOBTv3_g01351
Solyc06g069000.3	NIOBTv3_g31661
Solyc11g011630.2	NIOBTv3_g17989-D2
Solyc12g009300.3	NIOBTv3_g19829
Solyc02g071080.2	NIOBTv3_g17299
Solyc02g071090.3	NIOBTv3_g17299
Solyc04g064900.1	NIOBTv3_g24409
Solyc12g015690.2	NIOBTv3_g17737
Solyc06g051460.3	NIOBTv3_g27847
Solyc06g075550.3	NIOBTv3_g35949
Solyc09g074630.3	NIOBTv3_g13962
Solyc09g014740.3	NIOBTv3_g15427-D3
Solyc01g107890.3	NIOBTv3_g12106
Solyc06g082500.3	NIOBTv3_g29194
Solyc08g076790.3	NIOBTv3_g36990
Solyc07g065540.1	NIOBTv3_g11805
Solyc05g014120.1	NIOBTv3_g06445
Solyc07g039310.1	NIOBTv3_g04076
Solyc12g044300.2	NIOBTv3_g08846
Solyc02g078570.3	NIOBTv3_g03907
Solyc05g005700.3	NIOBTv3_g41280
Solyc05g050120.3	NIOBTv3_g16363
Solyc01g087210.3	NIOBTv3_g36598
Solyc09g005850.3	NIOBTv3_g66051
Solyc08g061100.3	NIOBTv3_g33993
Solyc06g076260.3	NIOBTv3_g29296
Solyc02g077720.3	NIOBTv3_g21225
Solyc05g005540.3	NIOBTv3_g10770
Solyc08g029170.3	NIOBTv3_g12054
Solyc01g103140.3	NIOBTv3_g30579
Solyc06g071290.3	NIOBTv3_g08339
Solyc07g056360.1	NIOBTv3_g26741
Solyc02g093680.3	NIOBTv3_g28446
Solyc09g098550.3	NIOBTv3_g02874
Solyc12g088910.2	NIOBTv3_g17782
Solyc10g044680.2	NIOBTv3_g40604
Solyc10g081955.1	NIOBTv3_g16958
Solyc02g091130.3	NIOBTv3_g39571-D3
Solyc01g008790.3	NIOBTv3_g17106
Solyc05g012805.1	NIOBTv3_g29725
Solyc04g050990.3	NIOBTv3_g04496
Solyc07g061790.3	NIOBTv3_g12840
Solyc01g096230.3	NIOBTv3_g29338
Solyc01g095320.3	NIOBTv3_g33084
Solyc02g082170.2	NIOBTv3_g36755
Solyc10g078740.2	NIOBTv3_g00669-D2
Solyc02g089680.3	NIOBTv3_g16870
Solyc06g072740.1	NIOBTv3_g39161
Solyc09g009590.1	NIOBTv3_g28670
Solyc04g056630.3	NIOBTv3_g14279
Solyc04g081460.2	NIOBTv3_g21492
Solyc09g075600.2	NIOBTv3_g01115
Solyc01g098190.3	NIOBTv3_g30789
Solyc09g098290.3	NIOBTv3_g14446
Solyc02g068120.3	NIOBTv3_g38118
Solyc01g102330.3	NIOBTv3_g17395
Solyc01g106000.3	NIOBTv3_g39854-D2
Solyc09g090760.3	NIOBTv3_g30192
Solyc03g032120.3	NIOBTv3_g27497
Solyc10g045500.2	NIOBTv3_g04216
Solyc09g010480.1	NIOBTv3_g04945
Solyc06g073270.3	NIOBTv3_g05322
Solyc04g014990.2	NIOBTv3_g40889-D2
Solyc09g009830.3	NIOBTv3_g02271
Solyc02g087850.1	NIOBTv3_g09972
Solyc12g049350.2	NIOBTv3_g12686
Solyc06g084170.3	NIOBTv3_g23620
Solyc04g015390.2	NIOBTv3_g15820
Solyc12g088460.2	NIOBTv3_g20743
Solyc03g006240.3	NIOBTv3_g24029
Solyc12g005150.2	NIOBTv3_g20210
Solyc07g022900.3	NIOBTv3_g27397
Solyc09g011980.1	NIOBTv3_g01044
Solyc09g010440.3	NIOBTv3_g03035-D2
Solyc08g005650.3	NIOBTv3_g18751
Solyc12g009150.2	NIOBTv3_g65134
Solyc09g009420.1	NIOBTv3_g02207
Solyc04g081970.3	NIOBTv3_g05791
Solyc11g042630.2	NIOBTv3_g31216
Solyc10g082050.1	NIOBTv3_g58300
Solyc08g068270.3	NIOBTv3_g04366
Solyc08g076720.3	NIOBTv3_g11372
Solyc11g006290.2	NIOBTv3_g22252
Solyc03g114850.3	NIOBTv3_g22524
Solyc10g007600.3	NIOBTv3_g39817-D2
Solyc03g070390.3	NIOBTv3_g23039
Solyc01g108600.3	NIOBTv3_g08291
Solyc08g067160.3	NIOBTv3_g13489
Solyc01g021670.3	NIOBTv3_g14468
Solyc09g030450.3	NIOBTv3_g35111
Solyc01g094220.3	NIOBTv3_g37556
Solyc06g076040.3	NIOBTv3_g56617
Solyc01g099920.3	NIOBTv3_g28067
Solyc09g072590.3	NIOBTv3_g08349
Solyc02g069290.3	NIOBTv3_g38574
Solyc02g067690.3	NIOBTv3_g03748
Solyc01g058540.3	NIOBTv3_g13674
Solyc07g006890.1	NIOBTv3_g27136
Solyc09g091060.3	NIOBTv3_g33605
Solyc09g072990.3	NIOBTv3_g20835
Solyc11g005790.2	NIOBTv3_g20888
Solyc07g056430.3	NIOBTv3_g01060
Solyc03g112280.3	NIOBTv3_g15696
Solyc02g085005.1	NIOBTv3_g26227
Solyc04g016230.3	NIOBTv3_g40889-D2
Solyc05g047590.3	NIOBTv3_g16804
Solyc06g084180.3	NIOBTv3_g23619
Solyc06g073190.3	NIOBTv3_g41581
Solyc03g114540.2	NIOBTv3_g19484
Solyc02g077330.3	NIOBTv3_g14323
Solyc08g066670.3	NIOBTv3_g00944
Solyc12g006510.2	NIOBTv3_g56851
Solyc08g041700.1	NIOBTv3_g13925
Solyc06g082120.3	NIOBTv3_g16477
Solyc10g084690.2	NIOBTv3_g20948
Solyc11g067270.1	NIOBTv3_g54841
Solyc01g065500.3	NIOBTv3_g06021
Solyc07g054145.1	NIOBTv3_g32272
Solyc03g082440.1	NIOBTv3_g32401
Solyc08g083060.3	NIOBTv3_g38827
Solyc06g076630.3	NIOBTv3_g03359
Solyc05g055567.1	NIOBTv3_g34200
Solyc12g099190.1	NIOBTv3_g22418
Solyc01g105070.3	NIOBTv3_g29168
Solyc09g061890.3	NIOBTv3_g35145-D3
Solyc03g121420.3	NIOBTv3_g36712
Solyc09g075810.3	NIOBTv3_g04464
Solyc03g082720.3	NIOBTv3_g24472-D2
Solyc06g054490.3	NIOBTv3_g07287
Solyc07g005900.3	NIOBTv3_g10159
Solyc09g082720.3	NIOBTv3_g12823
Solyc04g016480.3	NIOBTv3_g12300
Solyc03g120790.1	NIOBTv3_g04147
Solyc06g083650.3	NIOBTv3_g39841
Solyc05g055590.2	NIOBTv3_g34200
Solyc01g108630.3	NIOBTv3_g08299
Solyc11g011300.2	NIOBTv3_g20527
Solyc01g107830.3	NIOBTv3_g23136-D3
Solyc01g081270.2	NIOBTv3_g36810
Solyc12g089130.2	NIOBTv3_g22466-D2
Solyc07g064410.1	NIOBTv3_g21206
Solyc03g116100.3	NIOBTv3_g01393
Solyc09g011810.3	NIOBTv3_g34604
Solyc11g011970.2	NIOBTv3_g29645
Solyc03g026110.3	NIOBTv3_g34798
Solyc12g006980.1	NIOBTv3_g14719
Solyc06g008580.3	NIOBTv3_g10855
Solyc03g006160.1	NIOBTv3_g32686
Solyc04g007767.1	NIOBTv3_g63336
Solyc09g059675.1	NIOBTv3_g06828
Solyc12g044290.2	NIOBTv3_g08846
Solyc04g077030.3	NIOBTv3_g20877
Solyc01g005690.3	NIOBTv3_g28003
Solyc04g064630.3	NIOBTv3_g17810
Solyc05g026240.2	NIOBTv3_g13223
Solyc03g123550.1	NIOBTv3_g06520
Solyc07g063860.3	NIOBTv3_g26298
Solyc03g065250.3	NIOBTv3_g25999
Solyc07g064270.3	NIOBTv3_g06048
Solyc02g070970.1	NIOBTv3_g14363
Solyc01g094700.3	NIOBTv3_g09873
Solyc08g062970.1	NIOBTv3_g27333
Solyc03g006760.3	NIOBTv3_g26201
Solyc01g107860.3	NIOBTv3_g35011
Solyc05g051850.3	NIOBTv3_g09650-D2
Solyc04g082630.3	NIOBTv3_g64290
Solyc07g042440.3	NIOBTv3_g31531
Solyc04g082640.3	NIOBTv3_g03281
Solyc02g020940.3	NIOBTv3_g20350
Solyc05g053020.3	NIOBTv3_g35866
Solyc03g043850.3	NIOBTv3_g03619
Solyc04g076950.3	NIOBTv3_g10820
Solyc08g067960.3	NIOBTv3_g34039
Solyc10g080500.2	NIOBTv3_g33830
Solyc07g055320.3	NIOBTv3_g41435
Solyc03g083910.4	NIOBTv3_g24251
Solyc01g067730.3	NIOBTv3_g14760
Solyc01g110360.3	NIOBTv3_g19986
Solyc07g005440.1	NIOBTv3_g36647
Solyc12g098600.1	NIOBTv3_g56149
Solyc12g098340.2	NIOBTv3_g14825
Solyc05g050830.2	NIOBTv3_g21979
Solyc02g086930.3	NIOBTv3_g33564
Solyc03g114090.1	NIOBTv3_g23909
Solyc02g090505.1	NIOBTv3_g32139
Solyc03g119540.3	NIOBTv3_g19646
Solyc03g116770.3	NIOBTv3_g19276
Solyc11g066270.2	NIOBTv3_g22229
Solyc02g067010.3	NIOBTv3_g07266
Solyc02g091100.3	NIOBTv3_g15781
Solyc06g064680.1	NIOBTv3_g37015-D2
Solyc02g084010.1	NIOBTv3_g18239
Solyc08g016170.3	NIOBTv3_g12731
Solyc03g033660.3	NIOBTv3_g08832
Solyc04g053010.1	NIOBTv3_g17989-D2
Solyc01g010270.3	NIOBTv3_g16011-D2
Solyc07g062740.3	NIOBTv3_g30632
Solyc05g051570.3	NIOBTv3_g57424
Solyc00g009140.3	NIOBTv3_g00438
Solyc01g081640.3	NIOBTv3_g02992
Solyc08g066610.3	NIOBTv3_g23788
Solyc07g006680.1	NIOBTv3_g01383
Solyc07g049690.3	NIOBTv3_g36533
Solyc03g116225.1	NIOBTv3_g31315
Solyc03g083100.3	NIOBTv3_g02118
Solyc11g017390.2	NIOBTv3_g15149
Solyc01g059950.1	NIOBTv3_g28476
Solyc03g063110.3	NIOBTv3_g12250
Solyc01g095720.3	NIOBTv3_g12501
Solyc02g083760.3	NIOBTv3_g11492
Solyc02g069930.1	NIOBTv3_g05565
Solyc06g071750.3	NIOBTv3_g25637
Solyc11g011760.2	NIOBTv3_g09159
Solyc04g015270.3	NIOBTv3_g03472
Solyc03g111710.3	NIOBTv3_g42024
Solyc06g083860.2	NIOBTv3_g27404
Solyc09g089580.3	NIOBTv3_g09014-D2
Solyc03g025740.3	NIOBTv3_g36439
Solyc01g098500.3	NIOBTv3_g16306
Solyc12g044950.2	NIOBTv3_g30485
Solyc06g070990.3	NIOBTv3_g29978
Solyc05g006340.3	NIOBTv3_g58376
Solyc12g009400.2	NIOBTv3_g04821
Solyc10g080670.2	NIOBTv3_g08578
Solyc12g044250.2	NIOBTv3_g03821
Solyc11g008530.2	NIOBTv3_g41176
Solyc04g054257.1	NIOBTv3_g08751
Solyc06g084760.2	NIOBTv3_g07822
Solyc05g055570.2	NIOBTv3_g33407
Solyc04g010290.3	NIOBTv3_g15330
Solyc09g008560.3	NIOBTv3_g03926
Solyc01g090790.3	NIOBTv3_g14441
Solyc12g009410.2	NIOBTv3_g04821
Solyc12g099430.2	NIOBTv3_g00991
Solyc09g007490.3	NIOBTv3_g58132
Solyc01g088090.3	NIOBTv3_g34658
Solyc02g065220.3	NIOBTv3_g24404
Solyc04g079480.2	NIOBTv3_g36346
Solyc04g081870.3	NIOBTv3_g06817-D4
Solyc11g008140.2	NIOBTv3_g16446
Solyc12g042470.2	NIOBTv3_g36547
Solyc05g025870.3	NIOBTv3_g27153
Solyc08g080140.3	NIOBTv3_g41849
Solyc02g082770.3	NIOBTv3_g02956-D2
Solyc04g081890.1	NIOBTv3_g64663
Solyc04g050950.3	NIOBTv3_g56193-D2
Solyc11g007590.2	NIOBTv3_g38761
Solyc01g094360.3	NIOBTv3_g00022
Solyc06g068950.3	NIOBTv3_g36103
Solyc07g062060.3	NIOBTv3_g26232
Solyc08g060920.3	NIOBTv3_g18684
Solyc01g091640.3	NIOBTv3_g24391
Solyc01g067930.3	NIOBTv3_g00573
Solyc02g078660.3	NIOBTv3_g27276
Solyc05g053310.3	NIOBTv3_g00091
Solyc06g053950.2	NIOBTv3_g30961
Solyc09g009260.3	NIOBTv3_g03959
Solyc12g009350.1	NIOBTv3_g18203-D2
Solyc12g056620.2	NIOBTv3_g00049
Solyc06g009190.3	NIOBTv3_g40928
Solyc12g099600.2	NIOBTv3_g27993
Solyc12g094380.2	NIOBTv3_g06771
Solyc02g079790.3	NIOBTv3_g16679
Solyc02g087410.3	NIOBTv3_g06562
Solyc06g069530.3	NIOBTv3_g16438
Solyc03g123630.3	NIOBTv3_g25208
Solyc12g098320.2	NIOBTv3_g14823
Solyc09g063140.3	NIOBTv3_g36118
Solyc11g069190.2	NIOBTv3_g16702
Solyc05g006030.3	NIOBTv3_g27236
Solyc03g005600.3	NIOBTv3_g25035
Solyc03g097700.3	NIOBTv3_g37802
Solyc01g096220.3	NIOBTv3_g29337
Solyc03g118860.3	NIOBTv3_g23704
Solyc03g006260.3	NIOBTv3_g39035
Solyc01g111280.2	NIOBTv3_g23841
Solyc04g072850.3	NIOBTv3_g15162
Solyc02g084420.3	NIOBTv3_g32953
Solyc11g008680.2	NIOBTv3_g40174
Solyc09g007850.3	NIOBTv3_g03772
Solyc03g098700.1	NIOBTv3_g34012
Solyc09g011390.3	NIOBTv3_g01810
Solyc08g075270.1	NIOBTv3_g04190
Solyc10g074870.2	NIOBTv3_g39308
Solyc01g106470.3	NIOBTv3_g29044
Solyc08g080540.3	NIOBTv3_g03048
Solyc09g063015.1	NIOBTv3_g28756
Solyc04g072020.3	NIOBTv3_g00442
Solyc12g042830.2	NIOBTv3_g17785
Solyc03g078150.3	NIOBTv3_g62322
Solyc03g013240.3	NIOBTv3_g15471
Solyc01g010310.3	NIOBTv3_g05775
Solyc11g007390.1	NIOBTv3_g22205
Solyc06g068470.3	NIOBTv3_g23481
Solyc07g040730.1	NIOBTv3_g03470
Solyc05g008450.3	NIOBTv3_g33807
Solyc02g091520.3	NIOBTv3_g24574
Solyc01g103130.2	NIOBTv3_g31164
Solyc08g076880.3	NIOBTv3_g19775
Solyc11g045240.2	NIOBTv3_g10313
Solyc07g053530.1	NIOBTv3_g30158
Solyc12g088830.2	NIOBTv3_g07181
Solyc07g054120.2	NIOBTv3_g38013
Solyc01g099160.3	NIOBTv3_g22832
Solyc07g043320.3	NIOBTv3_g27637
Solyc02g084430.3	NIOBTv3_g32953
Solyc07g056140.3	NIOBTv3_g03668
Solyc07g007930.3	NIOBTv3_g36463
Solyc12g095980.2	NIOBTv3_g11255
Solyc02g089630.3	NIOBTv3_g40355
Solyc11g011580.2	NIOBTv3_g24704-D2
Solyc09g083130.3	NIOBTv3_g32925
Solyc10g008660.2	NIOBTv3_g34586-D2
Solyc02g094220.2	NIOBTv3_g31268
Solyc03g112580.3	NIOBTv3_g42222
Solyc05g005480.2	NIOBTv3_g37697
Solyc05g010030.3	NIOBTv3_g36817
Solyc09g065240.3	NIOBTv3_g06736
Solyc08g068520.3	NIOBTv3_g20137
Solyc09g091990.3	NIOBTv3_g20193
Solyc05g055563.1	NIOBTv3_g18136
Solyc03g117810.3	NIOBTv3_g39244
Solyc01g106460.3	NIOBTv3_g29043
Solyc03g116760.3	NIOBTv3_g36827
Solyc11g012190.2	NIOBTv3_g30651
Solyc08g060940.1	NIOBTv3_g18682
Solyc10g085950.2	NIOBTv3_g25941
Solyc08g079530.3	NIOBTv3_g33517
Solyc06g005470.3	NIOBTv3_g18581
Solyc12g056860.2	NIOBTv3_g28673
Solyc03g044060.3	NIOBTv3_g01788
Solyc12g057100.2	NIOBTv3_g19732
Solyc01g073640.3	NIOBTv3_g40431
Solyc01g111010.3	NIOBTv3_g22890
Solyc09g013080.3	NIOBTv3_g25227
Solyc07g008360.2	NIOBTv3_g20354
Solyc07g065860.3	NIOBTv3_g23892
Solyc04g011400.3	NIOBTv3_g31994
Solyc06g005230.2	NIOBTv3_g39284
Solyc11g018510.2	NIOBTv3_g36091
Solyc03g120290.3	NIOBTv3_g14919
Solyc02g088517.1	NIOBTv3_g09334
Solyc01g105060.3	NIOBTv3_g19794
Solyc01g060490.3	NIOBTv3_g00998
Solyc05g052610.3	NIOBTv3_g40987
Solyc09g063150.3	NIOBTv3_g36119
Solyc01g095700.3	NIOBTv3_g01260
Solyc06g062460.3	NIOBTv3_g37001
Solyc02g085170.3	NIOBTv3_g13462
Solyc12g010110.2	NIOBTv3_g37704
Solyc03g026050.3	NIOBTv3_g13483
Solyc09g007030.3	NIOBTv3_g12894
Solyc04g079350.1	NIOBTv3_g14232
Solyc11g072310.2	NIOBTv3_g14127
Solyc12g042460.2	NIOBTv3_g15235
Solyc08g061270.1	NIOBTv3_g31678-D2
Solyc03g116570.3	NIOBTv3_g33914
Solyc08g075540.4	NIOBTv3_g02261
Solyc08g063000.3	NIOBTv3_g38614
Solyc03g006860.3	NIOBTv3_g40602
Solyc05g012010.3	NIOBTv3_g18076
Solyc02g071120.3	NIOBTv3_g12330
Solyc10g050110.1	NIOBTv3_g20808
Solyc04g082930.2	NIOBTv3_g35275
Solyc02g064970.3	NIOBTv3_g28759
Solyc09g090900.3	NIOBTv3_g05999
Solyc09g010390.2	NIOBTv3_g36461
Solyc08g005490.3	NIOBTv3_g28923
Solyc09g065390.1	NIOBTv3_g42283
Solyc02g083280.3	NIOBTv3_g38530
Solyc12g057010.2	NIOBTv3_g27520
Solyc12g055800.3	NIOBTv3_g12155
Solyc03g123430.3	NIOBTv3_g18219
Solyc09g011990.1	NIOBTv3_g01044
Solyc04g080435.1	NIOBTv3_g27403
Solyc05g012780.3	NIOBTv3_g23003
Solyc02g078380.3	NIOBTv3_g11928
Solyc01g104070.3	NIOBTv3_g10694
Solyc01g105620.3	NIOBTv3_g15530
Solyc12g098810.2	NIOBTv3_g00811
Solyc10g081510.2	NIOBTv3_g56331-D2
Solyc06g068130.3	NIOBTv3_g24275
Solyc09g011190.1	NIOBTv3_g05915
Solyc10g086520.2	NIOBTv3_g13869
Solyc03g115230.3	NIOBTv3_g26399
Solyc01g005010.3	NIOBTv3_g29207
Solyc01g111630.3	NIOBTv3_g31393
Solyc06g081980.1	NIOBTv3_g28612
Solyc08g075260.1	NIOBTv3_g04190
Solyc10g005690.3	NIOBTv3_g38510
Solyc03g111120.3	NIOBTv3_g18098
Solyc05g007470.3	NIOBTv3_g02312
Solyc09g089730.3	NIOBTv3_g09014-D2
Solyc03g007030.3	NIOBTv3_g21096
Solyc04g053000.1	NIOBTv3_g17988
Solyc03g005760.1	NIOBTv3_g39876-D5
Solyc06g049050.3	NIOBTv3_g36068
Solyc07g049730.3	NIOBTv3_g34670
Solyc03g120090.1	NIOBTv3_g40466
Solyc01g112090.3	NIOBTv3_g33280
Solyc08g066800.3	NIOBTv3_g18543
Solyc10g051200.2	NIOBTv3_g33574
Solyc04g071930.3	NIOBTv3_g10523
Solyc04g081090.3	NIOBTv3_g65487-D3
Solyc02g091690.3	NIOBTv3_g08113
Solyc02g084640.3	NIOBTv3_g04861
Solyc03g025870.3	NIOBTv3_g19188
Solyc02g080540.1	NIOBTv3_g09914
Solyc04g079050.2	NIOBTv3_g28284
Solyc01g010360.3	NIOBTv3_g29750
Solyc02g087190.1	NIOBTv3_g04211
Solyc09g011710.3	NIOBTv3_g01872
Solyc10g079230.3	NIOBTv3_g32495
Solyc02g086990.3	NIOBTv3_g33570
Solyc11g007270.2	NIOBTv3_g31701
Solyc04g026020.3	NIOBTv3_g03528
Solyc10g081730.2	NIOBTv3_g08424
Solyc02g090840.3	NIOBTv3_g29199
Solyc05g010810.1	NIOBTv3_g32598
Solyc06g076450.3	NIOBTv3_g19177
Solyc03g006430.3	NIOBTv3_g38892
Solyc01g100920.3	NIOBTv3_g27792
Solyc03g032040.3	NIOBTv3_g15869
Solyc01g005220.3	NIOBTv3_g18758
Solyc09g074210.3	NIOBTv3_g01632
Solyc12g008380.1	NIOBTv3_g05935
Solyc02g092470.3	NIOBTv3_g03743
Solyc06g049030.3	NIOBTv3_g38971
Solyc10g005200.3	NIOBTv3_g41718
Solyc11g071205.1	NIOBTv3_g10976-D2
Solyc02g086970.3	NIOBTv3_g33569
Solyc01g065960.2	NIOBTv3_g05569
Solyc03g116740.3	NIOBTv3_g36825
Solyc03g078400.3	NIOBTv3_g14085
Solyc06g068680.3	NIOBTv3_g26321
Solyc01g066510.2	NIOBTv3_g31438
Solyc06g065910.3	NIOBTv3_g15264
Solyc06g059850.2	NIOBTv3_g25158
Solyc07g065900.3	NIOBTv3_g22759
Solyc12g009800.2	NIOBTv3_g61116
Solyc02g085100.3	NIOBTv3_g20280
Solyc03g026220.3	NIOBTv3_g32974
Solyc09g074740.2	NIOBTv3_g34811
Solyc11g065520.1	NIOBTv3_g07426-D3
Solyc01g109810.2	NIOBTv3_g39732
Solyc04g078040.3	NIOBTv3_g24855
Solyc09g089740.3	NIOBTv3_g09014
Solyc10g076510.2	NIOBTv3_g41965
Solyc12g007060.1	NIOBTv3_g22363
Solyc09g007790.1	NIOBTv3_g28270
Solyc11g064957.1	NIOBTv3_g37049
Solyc06g076150.3	NIOBTv3_g17740
Solyc04g014680.3	NIOBTv3_g28146
Solyc09g005320.3	NIOBTv3_g03582
Solyc02g087770.3	NIOBTv3_g36880
Solyc10g085400.2	NIOBTv3_g28904
Solyc01g068450.3	NIOBTv3_g32607
Solyc04g015520.3	NIOBTv3_g41209
Solyc08g005150.3	NIOBTv3_g41950
Solyc04g009030.3	NIOBTv3_g20350
Solyc10g084280.2	NIOBTv3_g25156
Solyc07g065735.1	NIOBTv3_g22577
Solyc07g054080.2	NIOBTv3_g38153
Solyc06g065920.3	NIOBTv3_g15265
Solyc04g005080.3	NIOBTv3_g58748
Solyc06g006090.1	NIOBTv3_g41256
Solyc02g089620.3	NIOBTv3_g27632
Solyc10g024420.2	NIOBTv3_g12370
Solyc01g096660.3	NIOBTv3_g37534
Solyc05g051220.3	NIOBTv3_g21080
Solyc01g008920.3	NIOBTv3_g00117
Solyc09g065260.2	NIOBTv3_g26088
Solyc06g071230.3	NIOBTv3_g04556
Solyc05g052970.3	NIOBTv3_g19572
Solyc11g066820.2	NIOBTv3_g12061
Solyc02g063420.3	NIOBTv3_g22387-D2
Solyc08g079180.3	NIOBTv3_g26760
Solyc04g045470.3	NIOBTv3_g00338
Solyc02g088240.3	NIOBTv3_g10793
Solyc11g011340.2	NIOBTv3_g19827-D2
Solyc09g015155.1	NIOBTv3_g16973
Solyc10g083700.3	NIOBTv3_g23771
Solyc07g007660.1	NIOBTv3_g13090
Solyc09g091470.3	NIOBTv3_g39566
Solyc01g049650.3	NIOBTv3_g37380
Solyc01g066020.2	NIOBTv3_g22884
Solyc03g078360.1	NIOBTv3_g25671
Solyc10g051340.2	NIOBTv3_g33642
Solyc03g020070.3	NIOBTv3_g08755
Solyc08g074960.3	NIOBTv3_g27334
Solyc01g102660.3	NIOBTv3_g29424
Solyc09g011590.3	NIOBTv3_g39301
Solyc05g008110.3	NIOBTv3_g13563
Solyc05g050010.3	NIOBTv3_g28180-D2
Solyc05g056030.3	NIOBTv3_g34662
Solyc01g111200.3	NIOBTv3_g20953
Solyc01g079780.3	NIOBTv3_g08393
Solyc07g041735.1	NIOBTv3_g62075
Solyc06g053960.3	NIOBTv3_g30961
Solyc08g078300.3	NIOBTv3_g32663
Solyc06g083070.3	NIOBTv3_g11337
Solyc08g081890.3	NIOBTv3_g19843
Solyc03g115640.3	NIOBTv3_g37899
Solyc02g066960.3	NIOBTv3_g19018
Solyc07g018250.1	NIOBTv3_g16184
Solyc08g080130.3	NIOBTv3_g02901
Solyc06g075080.3	NIOBTv3_g24150
Solyc07g066600.3	NIOBTv3_g18244
Solyc03g110930.3	NIOBTv3_g03267
Solyc08g044260.3	NIOBTv3_g25999
Solyc02g076670.3	NIOBTv3_g10597
Solyc04g080840.2	NIOBTv3_g23387
Solyc06g084045.1	NIOBTv3_g19163
Solyc06g083110.2	NIOBTv3_g17095
Solyc07g053130.3	NIOBTv3_g01158-D8
Solyc03g112500.3	NIOBTv3_g18287
Solyc06g050130.3	NIOBTv3_g16538
Solyc06g068900.3	NIOBTv3_g25715
Solyc01g088560.3	NIOBTv3_g59102
Solyc04g050170.3	NIOBTv3_g03182
Solyc06g011350.3	NIOBTv3_g64458
Solyc01g006170.3	NIOBTv3_g11508-D2
Solyc04g008960.3	NIOBTv3_g24704-D2
Solyc12g006490.2	NIOBTv3_g24233
Solyc08g082980.2	NIOBTv3_g29572
Solyc12g014570.2	NIOBTv3_g02097
Solyc11g017250.2	NIOBTv3_g10385
Solyc03g117300.3	NIOBTv3_g19036
Solyc04g071680.2	NIOBTv3_g23774-D4
Solyc04g071680.2	NIOBTv3_g23774-D4
Solyc12g042380.2	NIOBTv3_g18391
Solyc09g090970.3	NIOBTv3_g18781-D2
Solyc03g025830.3	NIOBTv3_g15947
Solyc03g093690.3	NIOBTv3_g36739-D2
Solyc10g081320.1	NIOBTv3_g29942
Solyc03g053060.2	NIOBTv3_g06452
Solyc01g095180.2	NIOBTv3_g16075
Solyc05g026550.3	NIOBTv3_g26275
Solyc04g050620.3	NIOBTv3_g30422
Solyc07g005895.1	NIOBTv3_g41882
Solyc02g088920.3	NIOBTv3_g10752
Solyc11g013830.2	NIOBTv3_g23121
Solyc06g008790.3	NIOBTv3_g07917-D2
Solyc02g078670.3	NIOBTv3_g27275
Solyc09g009670.3	NIOBTv3_g02198
Solyc05g050280.3	NIOBTv3_g35910
Solyc10g006230.3	NIOBTv3_g64051
Solyc01g094750.3	NIOBTv3_g09871
Solyc01g094720.3	NIOBTv3_g09872
Solyc11g042640.2	NIOBTv3_g37416
Solyc01g100850.3	NIOBTv3_g30901
Solyc12g010950.2	NIOBTv3_g07158
Solyc03g118850.3	NIOBTv3_g23703
Solyc11g010430.2	NIOBTv3_g05718
Solyc11g072710.2	NIOBTv3_g04594
Solyc03g096980.1	NIOBTv3_g24768
Solyc10g055390.2	NIOBTv3_g26380
Solyc12g096900.2	NIOBTv3_g33080
Solyc02g087830.3	NIOBTv3_g36876
Solyc09g092310.1	NIOBTv3_g04796
Solyc02g071160.3	NIOBTv3_g26702
Solyc12g009880.1	NIOBTv3_g01399
Solyc10g078160.2	NIOBTv3_g17879
Solyc05g005490.3	NIOBTv3_g06476
Solyc06g060530.1	NIOBTv3_g00496-D2
Solyc01g111620.3	NIOBTv3_g31392
Solyc01g094210.2	NIOBTv3_g35958-D2
Solyc02g079290.3	NIOBTv3_g16264
Solyc05g052600.3	NIOBTv3_g40254
Solyc04g074070.2	NIOBTv3_g30207
Solyc05g010140.3	NIOBTv3_g27900
Solyc09g075140.3	NIOBTv3_g18198
Solyc12g005350.2	NIOBTv3_g17203
Solyc08g061250.3	NIOBTv3_g33147
Solyc02g070790.3	NIOBTv3_g37837
Solyc02g088610.3	NIOBTv3_g19249
Solyc05g051960.1	NIOBTv3_g18842
Solyc04g007980.3	NIOBTv3_g34165
Solyc07g017510.3	NIOBTv3_g57247
Solyc04g058110.3	NIOBTv3_g07607
Solyc10g076360.1	NIOBTv3_g38927
Solyc10g084120.2	NIOBTv3_g01362
Solyc02g084970.3	NIOBTv3_g21381
Solyc03g120850.3	NIOBTv3_g34805
Solyc06g064480.3	NIOBTv3_g37262
Solyc04g025040.1	NIOBTv3_g32069
Solyc06g066310.3	NIOBTv3_g23349
Solyc01g006520.3	NIOBTv3_g35642
Solyc01g006790.2	NIOBTv3_g25814
Solyc09g090930.3	NIOBTv3_g26449
Solyc03g118130.3	NIOBTv3_g00492
Solyc02g079990.3	NIOBTv3_g61963
Solyc06g009110.3	NIOBTv3_g35598
Solyc09g092390.2	NIOBTv3_g40272-D2
Solyc08g076220.3	NIOBTv3_g25100
Solyc09g007860.3	NIOBTv3_g03771
Solyc09g011240.3	NIOBTv3_g05919
Solyc08g068690.1	NIOBTv3_g41278
Solyc09g083090.3	NIOBTv3_g32928
Solyc09g059030.3	NIOBTv3_g06353
Solyc02g087110.3	NIOBTv3_g30724
Solyc10g049620.2	NIOBTv3_g37009
Solyc09g011080.3	NIOBTv3_g01048
Solyc08g007250.2	NIOBTv3_g34115
Solyc02g062140.2	NIOBTv3_g17096
Solyc01g088310.3	NIOBTv3_g07651
Solyc03g114640.3	NIOBTv3_g13287
Solyc03g116710.3	NIOBTv3_g28254
Solyc10g006980.3	NIOBTv3_g14707
Solyc04g011440.4	NIOBTv3_g57849
Solyc04g011350.3	NIOBTv3_g27370
Solyc10g081920.2	NIOBTv3_g19463
Solyc10g083140.1	NIOBTv3_g22135
Solyc09g007410.3	NIOBTv3_g02545
Solyc06g069385.1	NIOBTv3_g23576
Solyc05g056120.3	NIOBTv3_g17145
Solyc08g008305.1	NIOBTv3_g34477
Solyc10g006850.3	NIOBTv3_g20343
Solyc11g070010.2	NIOBTv3_g34637
Solyc12g013610.2	NIOBTv3_g08724
Solyc02g091000.3	NIOBTv3_g39822
Solyc09g092380.3	NIOBTv3_g40272-D2
Solyc11g006750.1	NIOBTv3_g40217
Solyc05g013480.3	NIOBTv3_g39126
Solyc12g056830.1	NIOBTv3_g29836
Solyc06g048637.1	NIOBTv3_g34097
Solyc03g005770.3	NIOBTv3_g39876-D5
Solyc07g049300.3	NIOBTv3_g26909
Solyc02g081070.3	NIOBTv3_g05270
Solyc05g053990.3	NIOBTv3_g30401
Solyc11g011590.2	NIOBTv3_g24704-D2
Solyc11g006670.1	NIOBTv3_g02041
Solyc04g082250.3	NIOBTv3_g07335
Solyc03g114740.3	NIOBTv3_g19662
Solyc04g011450.2	NIOBTv3_g57849
Solyc01g097860.3	NIOBTv3_g63552
Solyc07g006300.3	NIOBTv3_g05651
Solyc08g016750.3	NIOBTv3_g00856
Solyc02g092760.3	NIOBTv3_g21279
Solyc06g035960.3	NIOBTv3_g36442
Solyc06g071690.3	NIOBTv3_g11057
Solyc03g116700.3	NIOBTv3_g24277
Solyc02g071000.1	NIOBTv3_g14363
Solyc07g045460.3	NIOBTv3_g39478
Solyc02g082400.3	NIOBTv3_g40953
Solyc10g006710.3	NIOBTv3_g27600
Solyc06g083310.3	NIOBTv3_g42244
Solyc02g088190.3	NIOBTv3_g28332
Solyc07g056150.3	NIOBTv3_g59752
Solyc09g092280.1	NIOBTv3_g04796
Solyc07g055100.3	NIOBTv3_g10115
Solyc03g120410.3	NIOBTv3_g29350
Solyc09g005180.3	NIOBTv3_g61647
Solyc06g060830.3	NIOBTv3_g35452
Solyc07g056420.4	NIOBTv3_g01060
Solyc01g081545.1	NIOBTv3_g31463
Solyc11g010450.2	NIOBTv3_g26787
Solyc06g036290.3	NIOBTv3_g36046
Solyc04g079310.3	NIOBTv3_g40758
Solyc01g010200.3	NIOBTv3_g57603
Solyc01g100900.3	NIOBTv3_g27792
Solyc03g007190.3	NIOBTv3_g28886-D6
Solyc01g104725.1	NIOBTv3_g32124
Solyc12g094730.2	NIOBTv3_g34910
Solyc04g082090.3	NIOBTv3_g05801
Solyc02g089840.3	NIOBTv3_g08809
Solyc11g056680.1	NIOBTv3_g10629
Solyc06g068270.3	NIOBTv3_g34823
Solyc10g048030.2	NIOBTv3_g19374
Solyc01g098570.2	NIOBTv3_g29473
Solyc02g092700.3	NIOBTv3_g00343
Solyc12g099100.2	NIOBTv3_g20721
Solyc02g082510.1	NIOBTv3_g30109
Solyc11g005150.2	NIOBTv3_g39130
Solyc08g067940.3	NIOBTv3_g03786
Solyc09g008920.3	NIOBTv3_g09152
Solyc03g019670.3	NIOBTv3_g18524
Solyc11g010370.1	NIOBTv3_g05713
Solyc06g075450.2	NIOBTv3_g16035
Solyc06g083810.3	NIOBTv3_g06172
Solyc08g076480.3	NIOBTv3_g35030
Solyc04g071360.3	NIOBTv3_g36246
Solyc09g010000.3	NIOBTv3_g09014-D4
Solyc02g087960.3	NIOBTv3_g12286
Solyc01g090560.3	NIOBTv3_g38093
Solyc09g009020.3	NIOBTv3_g60402-D2
Solyc09g066140.3	NIOBTv3_g09893
Solyc03g115990.2	NIOBTv3_g24636
Solyc02g082830.2	NIOBTv3_g29444
Solyc11g011750.1	NIOBTv3_g30642
Solyc07g045210.1	NIOBTv3_g28198
Solyc03g045070.1	NIOBTv3_g24037
Solyc06g068330.1	NIOBTv3_g19035-D2
Solyc03g071710.1	NIOBTv3_g15681
Solyc07g006855.1	NIOBTv3_g29865
Solyc07g055210.3	NIOBTv3_g02990
Solyc11g011740.1	NIOBTv3_g17268
Solyc04g063245.1	NIOBTv3_g17155
Solyc02g090680.3	NIOBTv3_g28814
Solyc11g066100.2	NIOBTv3_g19213
Solyc01g099190.3	NIOBTv3_g22832
Solyc06g008590.3	NIOBTv3_g33164
Solyc03g121600.3	NIOBTv3_g10611
Solyc07g054760.1	NIOBTv3_g05506
Solyc09g092300.3	NIOBTv3_g04796
Solyc01g097340.3	NIOBTv3_g58314
Solyc07g051820.3	NIOBTv3_g05739
Solyc11g011780.2	NIOBTv3_g09161
Solyc10g085920.2	NIOBTv3_g65675
Solyc10g055810.2	NIOBTv3_g31315
Solyc08g079090.3	NIOBTv3_g13752
Solyc12g099440.2	NIOBTv3_g00987
Solyc09g008320.3	NIOBTv3_g02128
Solyc01g095920.3	NIOBTv3_g41169
Solyc09g083100.1	NIOBTv3_g32928
Solyc07g062680.2	NIOBTv3_g22260
Solyc02g087240.3	NIOBTv3_g02515
Solyc03g082420.3	NIOBTv3_g00737
Solyc08g081910.3	NIOBTv3_g60809-D2
Solyc02g070980.1	NIOBTv3_g14363
Solyc05g010720.3	NIOBTv3_g38556
Solyc07g066610.3	NIOBTv3_g18644
Solyc09g011660.3	NIOBTv3_g28385-D2
Solyc03g083095.1	NIOBTv3_g02117
Solyc05g015480.3	NIOBTv3_g10901
Solyc02g080560.1	NIOBTv3_g14567
Solyc03g114040.3	NIOBTv3_g39683
Solyc12g015630.2	NIOBTv3_g09193
Solyc07g064950.3	NIOBTv3_g08489
Solyc12g010320.2	NIOBTv3_g27039
Solyc12g094640.2	NIOBTv3_g00365-D2
Solyc12g011320.2	NIOBTv3_g02073
Solyc03g123740.3	NIOBTv3_g02760
Solyc01g067510.3	NIOBTv3_g22767
Solyc03g098030.3	NIOBTv3_g12847
Solyc03g026260.3	NIOBTv3_g37827
Solyc08g077300.3	NIOBTv3_g33634
Solyc06g050800.3	NIOBTv3_g49651
Solyc11g010480.2	NIOBTv3_g33887
Solyc11g010480.2	NIOBTv3_g33887
Solyc08g082310.3	NIOBTv3_g41313
Solyc01g067340.2	NIOBTv3_g12319
Solyc12g044240.2	NIOBTv3_g20402
Solyc08g075940.3	NIOBTv3_g19438
Solyc05g054040.3	NIOBTv3_g12418-D2
Solyc08g006070.3	NIOBTv3_g39263
Solyc03g063030.3	NIOBTv3_g16990
Solyc09g090140.3	NIOBTv3_g10735
Solyc01g087800.2	NIOBTv3_g41509
Solyc01g008280.3	NIOBTv3_g38192
Solyc07g066230.3	NIOBTv3_g05411
Solyc02g070910.3	NIOBTv3_g14361
Solyc09g082730.4	NIOBTv3_g12823
Solyc09g075060.3	NIOBTv3_g16699
Solyc08g075280.3	NIOBTv3_g08617
Solyc10g081240.2	NIOBTv3_g17580
Solyc05g014470.3	NIOBTv3_g36266
Solyc01g005410.3	NIOBTv3_g62211
Solyc03g096850.3	NIOBTv3_g24779
Solyc08g013720.3	NIOBTv3_g27878
Solyc01g014320.3	NIOBTv3_g18754
Solyc04g008950.3	NIOBTv3_g24704-D2
Solyc01g087540.3	NIOBTv3_g38074
Solyc05g018880.1	NIOBTv3_g39006
Solyc04g051460.3	NIOBTv3_g65893-D2
Solyc05g012850.2	NIOBTv3_g29725
Solyc06g071070.1	NIOBTv3_g40762
Solyc06g009020.2	NIOBTv3_g41240
Solyc12g008650.2	NIOBTv3_g33903
Solyc05g009170.2	NIOBTv3_g39097
Solyc04g014600.3	NIOBTv3_g56476-D2
Solyc04g007460.3	NIOBTv3_g06372
Solyc06g036430.3	NIOBTv3_g03591
Solyc07g042130.3	NIOBTv3_g17244
Solyc08g082210.3	NIOBTv3_g16120
Solyc07g045160.3	NIOBTv3_g33905
Solyc02g083670.3	NIOBTv3_g35559
Solyc01g087680.3	NIOBTv3_g07980
Solyc00g156980.3	NIOBTv3_g10611
Solyc01g008230.3	NIOBTv3_g08795
Solyc03g078780.2	NIOBTv3_g38610-D2
Solyc04g064910.1	NIOBTv3_g24409
Solyc12g099700.2	NIOBTv3_g25914
Solyc10g009570.3	NIOBTv3_g14781
Solyc05g005280.3	NIOBTv3_g12980
Solyc09g007940.3	NIOBTv3_g22929-D2
Solyc08g079240.3	NIOBTv3_g39704
Solyc04g050930.3	NIOBTv3_g34181
Solyc10g050890.2	NIOBTv3_g23020
Solyc08g044265.1	NIOBTv3_g25999
Solyc01g086870.3	NIOBTv3_g15975
Solyc01g104060.3	NIOBTv3_g30988
Solyc10g079620.2	NIOBTv3_g12917
Solyc07g054290.1	NIOBTv3_g40350
Solyc09g075950.1	NIOBTv3_g01497
Solyc01g005370.3	NIOBTv3_g12487
Solyc12g006810.2	NIOBTv3_g35363
Solyc02g084005.1	NIOBTv3_g18239
Solyc12g070080.2	NIOBTv3_g23955
Solyc06g007320.3	NIOBTv3_g15078
Solyc12g005820.2	NIOBTv3_g40620
Solyc09g061250.3	NIOBTv3_g30200
Solyc04g049670.3	NIOBTv3_g22842
Solyc11g012880.2	NIOBTv3_g23509
Solyc02g091700.3	NIOBTv3_g37954
Solyc06g031710.3	NIOBTv3_g33063
Solyc06g066800.2	NIOBTv3_g23120
Solyc01g109340.3	NIOBTv3_g21634
Solyc05g043425.1	NIOBTv3_g13305
Solyc10g081530.2	NIOBTv3_g62858
Solyc12g095790.2	NIOBTv3_g05235
Solyc04g080260.3	NIOBTv3_g13669
Solyc10g006120.2	NIOBTv3_g28745
Solyc02g090930.3	NIOBTv3_g07177
Solyc05g006850.3	NIOBTv3_g40359
Solyc01g008070.3	NIOBTv3_g18479
Solyc05g046310.3	NIOBTv3_g10401
Solyc10g045580.1	NIOBTv3_g06411
Solyc09g074880.3	NIOBTv3_g01126
Solyc10g007420.4	NIOBTv3_g28166
Solyc04g007490.3	NIOBTv3_g05879
Solyc07g065480.3	NIOBTv3_g02363
Solyc01g087260.3	NIOBTv3_g18325
Solyc03g082660.3	NIOBTv3_g31293
Solyc05g054490.3	NIOBTv3_g16042
Solyc08g074270.3	NIOBTv3_g26993
Solyc03g033640.3	NIOBTv3_g34104
Solyc02g067350.3	NIOBTv3_g14986
Solyc11g065940.2	NIOBTv3_g08047
Solyc02g092180.1	NIOBTv3_g18526
Solyc03g097100.1	NIOBTv3_g18597
Solyc03g118120.3	NIOBTv3_g00491
Solyc01g108860.3	NIOBTv3_g06126
Solyc02g091860.3	NIOBTv3_g40009
Solyc03g097150.3	NIOBTv3_g39161
Solyc03g116270.3	NIOBTv3_g18674
Solyc02g087060.3	NIOBTv3_g33333
Solyc05g052680.1	NIOBTv3_g04674
Solyc04g056320.2	NIOBTv3_g33849
Solyc02g082150.1	NIOBTv3_g37658
Solyc10g084530.1	NIOBTv3_g38359
Solyc12g099110.2	NIOBTv3_g37817
Solyc02g055440.3	NIOBTv3_g25879
Solyc08g081530.3	NIOBTv3_g32971
Solyc01g103220.3	NIOBTv3_g01348
Solyc03g080110.3	NIOBTv3_g31615
Solyc04g012120.3	NIOBTv3_g22624-D2
Solyc04g007990.1	NIOBTv3_g34167
Solyc06g054090.1	NIOBTv3_g06905
Solyc01g095160.3	NIOBTv3_g26264
Solyc12g094460.2	NIOBTv3_g13772
Solyc03g093140.3	NIOBTv3_g10947
Solyc08g006980.3	NIOBTv3_g25563
Solyc07g052453.1	NIOBTv3_g10857
Solyc08g013800.3	NIOBTv3_g04130
Solyc02g089065.1	NIOBTv3_g13228
Solyc03g005480.3	NIOBTv3_g17513
Solyc04g074510.3	NIOBTv3_g27417
Solyc03g114350.1	NIOBTv3_g31596
Solyc04g081810.3	NIOBTv3_g12868
Solyc06g008450.3	NIOBTv3_g07917-D2
Solyc10g005960.1	NIOBTv3_g01102
Solyc04g007020.3	NIOBTv3_g22100
Solyc03g113060.3	NIOBTv3_g20027
Solyc08g080090.3	NIOBTv3_g30791
Solyc03g098010.3	NIOBTv3_g21792
Solyc09g008280.2	NIOBTv3_g44246
Solyc05g013240.3	NIOBTv3_g18891
Solyc09g097850.1	NIOBTv3_g24494
Solyc10g086150.2	NIOBTv3_g26863
Solyc09g090090.2	NIOBTv3_g10738
Solyc10g006150.3	NIOBTv3_g56349
Solyc03g006880.3	NIOBTv3_g00216
Solyc12g044200.2	NIOBTv3_g03573-D2
Solyc05g056050.3	NIOBTv3_g12650
Solyc01g106580.2	NIOBTv3_g13125
Solyc07g063180.3	NIOBTv3_g27999
Solyc03g115900.3	NIOBTv3_g33198
Solyc03g033730.1	NIOBTv3_g27893
Solyc09g090600.3	NIOBTv3_g01278
Solyc05g051660.1	NIOBTv3_g11346
Solyc12g010940.1	NIOBTv3_g43535
Solyc02g091050.3	NIOBTv3_g36559
Solyc01g058320.3	NIOBTv3_g41171
Solyc01g080900.3	NIOBTv3_g28733
Solyc12g096870.1	NIOBTv3_g12088
Solyc09g066290.3	NIOBTv3_g35757
Solyc11g020040.2	NIOBTv3_g23240
Solyc04g005550.2	NIOBTv3_g03573-D2
Solyc03g082640.2	NIOBTv3_g31295
Solyc10g076370.2	NIOBTv3_g38928
Solyc09g064480.1	NIOBTv3_g16149
Solyc01g068640.3	NIOBTv3_g06604
Solyc07g007110.3	NIOBTv3_g16089
Solyc01g109540.3	NIOBTv3_g00406
Solyc12g055855.1	NIOBTv3_g18797
Solyc06g050590.3	NIOBTv3_g24884-D2
Solyc06g053600.3	NIOBTv3_g10734
Solyc02g065800.2	NIOBTv3_g10756
Solyc12g042910.2	NIOBTv3_g13491
Solyc08g061010.3	NIOBTv3_g14419
Solyc11g005320.1	NIOBTv3_g21361
Solyc03g078380.1	NIOBTv3_g14082
Solyc05g012480.3	NIOBTv3_g10661
Solyc00g006820.3	NIOBTv3_g15617
Solyc03g082620.3	NIOBTv3_g13334
Solyc12g014470.2	NIOBTv3_g14865
Solyc02g079080.2	NIOBTv3_g32036
Solyc10g084630.2	NIOBTv3_g27149
Solyc12g044260.2	NIOBTv3_g60059
Solyc02g094470.3	NIOBTv3_g13592
Solyc05g050710.3	NIOBTv3_g11009
Solyc02g087720.1	NIOBTv3_g30800
Solyc03g005780.3	NIOBTv3_g39876-D5
Solyc06g060510.2	NIOBTv3_g14957-D2
Solyc11g069500.2	NIOBTv3_g34845
Solyc01g091530.3	NIOBTv3_g40191
Solyc11g068820.2	NIOBTv3_g35915
Solyc07g009180.1	NIOBTv3_g25689
Solyc03g112150.1	NIOBTv3_g14240
Solyc01g088590.4	NIOBTv3_g39166
Solyc12g089220.2	NIOBTv3_g05641
Solyc01g081320.3	NIOBTv3_g33458
Solyc10g085040.1	NIOBTv3_g18654
Solyc09g009985.1	NIOBTv3_g09014-D4
Solyc06g009400.3	NIOBTv3_g27725
Solyc03g119090.3	NIOBTv3_g12226
Solyc04g079040.3	NIOBTv3_g06656
Solyc01g099970.3	NIOBTv3_g38232
Solyc02g086740.1	NIOBTv3_g11444
Solyc12g088690.2	NIOBTv3_g18870
Solyc02g085950.3	NIOBTv3_g09526-D4
Solyc01g109390.3	NIOBTv3_g36580
Solyc12g014180.2	NIOBTv3_g13280
Solyc09g065070.2	NIOBTv3_g12821
Solyc11g005610.1	NIOBTv3_g02800
Solyc09g011170.3	NIOBTv3_g05914
Solyc04g040160.3	NIOBTv3_g35692
Solyc11g006060.1	NIOBTv3_g27143
Solyc01g008420.3	NIOBTv3_g11811
Solyc09g090960.3	NIOBTv3_g26451
Solyc01g011510.3	NIOBTv3_g04861
Solyc08g077240.3	NIOBTv3_g18254
Solyc09g092010.1	NIOBTv3_g20193
Solyc08g079020.3	NIOBTv3_g23542
Solyc10g007690.3	NIOBTv3_g09113-D2
Solyc11g069700.2	NIOBTv3_g03737
Solyc07g007760.3	NIOBTv3_g23561
Solyc01g106780.3	NIOBTv3_g19411
Solyc08g006160.3	NIOBTv3_g32431
Solyc09g009530.3	NIOBTv3_g04580
Solyc02g083810.3	NIOBTv3_g22408
Solyc03g006750.1	NIOBTv3_g26201
Solyc06g063050.3	NIOBTv3_g09727
Solyc03g043920.3	NIOBTv3_g39334
Solyc05g008120.3	NIOBTv3_g13564
Solyc08g005510.2	NIOBTv3_g22884
Solyc10g045560.2	NIOBTv3_g60935-D24
Solyc10g007560.2	NIOBTv3_g29083
Solyc01g102950.3	NIOBTv3_g32107
Solyc11g071940.1	NIOBTv3_g10764
Solyc01g096090.3	NIOBTv3_g09805
Solyc02g077560.3	NIOBTv3_g23134
Solyc01g104850.3	NIOBTv3_g64203
Solyc11g065490.2	NIOBTv3_g06328
Solyc01g108580.3	NIOBTv3_g08289
Solyc10g011940.1	NIOBTv3_g16182
Solyc10g011940.1	NIOBTv3_g16182
Solyc05g056070.3	NIOBTv3_g12650
Solyc12g009610.2	NIOBTv3_g01075
Solyc03g082890.3	NIOBTv3_g32796
Solyc11g069050.2	NIOBTv3_g18210
Solyc06g083730.3	NIOBTv3_g20486
Solyc08g075020.3	NIOBTv3_g17146
Solyc05g043320.2	NIOBTv3_g08850
Solyc09g010860.3	NIOBTv3_g26789
Solyc07g044960.1	NIOBTv3_g21452
Solyc09g092560.3	NIOBTv3_g34794
Solyc12g100190.2	NIOBTv3_g55604
Solyc04g009250.1	NIOBTv3_g23486
Solyc02g079960.3	NIOBTv3_g36596
Solyc08g008630.3	NIOBTv3_g27694
Solyc06g051250.1	NIOBTv3_g24308
Solyc03g034440.2	NIOBTv3_g22592
Solyc12g008660.1	NIOBTv3_g35385
Solyc03g053110.3	NIOBTv3_g08079
Solyc08g066620.3	NIOBTv3_g17859
Solyc02g091020.2	NIOBTv3_g21629
Solyc08g077880.3	NIOBTv3_g02477
Solyc10g087010.2	NIOBTv3_g23443
Solyc01g106210.3	NIOBTv3_g06786-D2
Solyc10g085050.2	NIOBTv3_g18655
Solyc01g098430.3	NIOBTv3_g00681
Solyc01g094237.1	NIOBTv3_g37556
Solyc05g051550.2	NIOBTv3_g00243
Solyc07g049350.3	NIOBTv3_g41838
Solyc06g008930.3	NIOBTv3_g10622
Solyc04g081250.1	NIOBTv3_g07735
Solyc03g031840.3	NIOBTv3_g30921
Solyc04g014570.3	NIOBTv3_g12418
Solyc05g055010.3	NIOBTv3_g25095
Solyc10g078190.2	NIOBTv3_g20242
Solyc11g066740.2	NIOBTv3_g04031
Solyc02g078540.3	NIOBTv3_g34116
Solyc03g113070.3	NIOBTv3_g20026
Solyc02g091240.1	NIOBTv3_g22594
Solyc09g092290.1	NIOBTv3_g04796
Solyc02g071770.3	NIOBTv3_g13626
Solyc10g024490.2	NIOBTv3_g22839
Solyc06g051560.3	NIOBTv3_g39247
Solyc09g092450.3	NIOBTv3_g03480
Solyc01g005130.2	NIOBTv3_g12907
Solyc02g088860.2	NIOBTv3_g10748
Solyc11g011790.2	NIOBTv3_g23205
Solyc11g069430.2	NIOBTv3_g27433
Solyc01g105040.3	NIOBTv3_g13435
Solyc05g015050.3	NIOBTv3_g11924
Solyc10g085870.1	NIOBTv3_g28309
Solyc09g005580.3	NIOBTv3_g38807
Solyc08g008210.3	NIOBTv3_g63706
Solyc03g007860.1	NIOBTv3_g57685
Solyc04g082290.3	NIOBTv3_g08056
Solyc07g022920.3	NIOBTv3_g07903
Solyc12g015910.1	NIOBTv3_g29283
Solyc01g094040.3	NIOBTv3_g26546
Solyc03g096070.3	NIOBTv3_g19210
Solyc12g005880.2	NIOBTv3_g28430
Solyc02g079280.3	NIOBTv3_g16262
Solyc09g075860.3	NIOBTv3_g37157
Solyc04g083010.3	NIOBTv3_g32867
Solyc01g089850.3	NIOBTv3_g38294
Solyc06g009970.3	NIOBTv3_g03737
Solyc09g091180.3	NIOBTv3_g30837
Solyc06g050570.2	NIOBTv3_g33853
Solyc07g053570.3	NIOBTv3_g04718
Solyc05g008780.3	NIOBTv3_g32251
Solyc10g006650.3	NIOBTv3_g16545
Solyc06g051940.3	NIOBTv3_g17365
Solyc02g014150.3	NIOBTv3_g11603
Solyc12g040640.2	NIOBTv3_g12224-D2
Solyc07g009500.2	NIOBTv3_g24051
Solyc08g065190.3	NIOBTv3_g30636
Solyc03g007470.3	NIOBTv3_g35999-D2
Solyc08g067540.1	NIOBTv3_g05549
Solyc11g007830.2	NIOBTv3_g36096
Solyc01g087840.3	NIOBTv3_g41509
Solyc12g056530.2	NIOBTv3_g57081-D2
Solyc02g063460.1	NIOBTv3_g31167
Solyc08g015960.3	NIOBTv3_g17729
Solyc02g092020.2	NIOBTv3_g05806-D2
Solyc09g011820.3	NIOBTv3_g34605
Solyc12g049270.2	NIOBTv3_g13882
Solyc12g006530.2	NIOBTv3_g56851
Solyc02g078665.1	NIOBTv3_g27276
Solyc04g008670.2	NIOBTv3_g20271
Solyc08g061510.2	NIOBTv3_g26142
Solyc12g006140.2	NIOBTv3_g03871
Solyc03g097020.3	NIOBTv3_g19356
Solyc02g064770.3	NIOBTv3_g33099
Solyc10g079810.1	NIOBTv3_g26677
Solyc05g007800.3	NIOBTv3_g35980
Solyc01g096420.3	NIOBTv3_g15832
Solyc04g082920.3	NIOBTv3_g35275
Solyc07g052740.3	NIOBTv3_g05787
Solyc07g008240.3	NIOBTv3_g32629
Solyc10g081700.2	NIOBTv3_g25814
Solyc12g011310.2	NIOBTv3_g35749
Solyc04g012160.3	NIOBTv3_g38120
Solyc12g006380.2	NIOBTv3_g30503
Solyc09g092520.3	NIOBTv3_g19342
Solyc04g054480.3	NIOBTv3_g17648
Solyc04g005340.2	NIOBTv3_g19650
Solyc05g011860.1	NIOBTv3_g00866
Solyc04g049677.1	NIOBTv3_g22842
Solyc02g089850.3	NIOBTv3_g08809
Solyc03g120320.1	NIOBTv3_g14915
Solyc02g094635.1	NIOBTv3_g21459
Solyc07g048030.3	NIOBTv3_g17195
Solyc03g043930.3	NIOBTv3_g63146
Solyc12g014600.2	NIOBTv3_g20462
Solyc02g069460.3	NIOBTv3_g36554
Solyc04g005060.3	NIOBTv3_g11041
Solyc05g009530.3	NIOBTv3_g04769
Solyc12g008590.2	NIOBTv3_g10976-D3
Solyc02g077670.3	NIOBTv3_g35851-D2
Solyc03g096770.1	NIOBTv3_g03397
Solyc07g063120.3	NIOBTv3_g27287
Solyc12g036793.1	NIOBTv3_g07882-D23
Solyc02g070070.1	NIOBTv3_g28689
Solyc10g006330.3	NIOBTv3_g32904
Solyc05g052150.3	NIOBTv3_g27666
Solyc08g061880.2	NIOBTv3_g22818
Solyc01g109590.3	NIOBTv3_g25362
Solyc02g083400.3	NIOBTv3_g36894
Solyc11g012910.2	NIOBTv3_g12880
Solyc01g097990.3	NIOBTv3_g27585
Solyc09g012000.1	NIOBTv3_g01044
Solyc12g098840.2	NIOBTv3_g00814
Solyc01g073690.2	NIOBTv3_g03884-D2
Solyc00g048510.3	NIOBTv3_g13893
Solyc09g064470.3	NIOBTv3_g16149
Solyc03g097410.1	NIOBTv3_g39789
Solyc08g077290.1	NIOBTv3_g18259
Solyc08g016160.3	NIOBTv3_g24153
Solyc11g017440.2	NIOBTv3_g16831
Solyc10g084180.2	NIOBTv3_g22472
Solyc06g075650.3	NIOBTv3_g39701
Solyc01g105350.2	NIOBTv3_g19190
Solyc07g063740.2	NIOBTv3_g20092
Solyc07g007350.1	NIOBTv3_g10455
Solyc02g085540.1	NIOBTv3_g14886
Solyc11g013890.1	NIOBTv3_g03369
Solyc05g013870.3	NIOBTv3_g03528
Solyc01g105540.3	NIOBTv3_g17251
Solyc01g109660.2	NIOBTv3_g27721
Solyc03g058190.3	NIOBTv3_g09762
Solyc03g093200.3	NIOBTv3_g17139
Solyc09g090300.3	NIOBTv3_g11566
Solyc03g094010.3	NIOBTv3_g28844
Solyc09g092320.3	NIOBTv3_g21370
Solyc08g005640.3	NIOBTv3_g29416
Solyc03g110980.3	NIOBTv3_g03263
Solyc06g036520.1	NIOBTv3_g05990
Solyc05g015390.3	NIOBTv3_g24979
Solyc06g063370.3	NIOBTv3_g25385
Solyc03g114730.3	NIOBTv3_g65173
Solyc02g081890.3	NIOBTv3_g29328
Solyc11g069770.2	NIOBTv3_g01953
Solyc12g008900.2	NIOBTv3_g40312
Solyc07g017860.3	NIOBTv3_g64765
Solyc12g009360.1	NIOBTv3_g04825
Solyc01g014140.3	NIOBTv3_g12857-D5
Solyc07g055550.2	NIOBTv3_g23631-D2
Solyc05g007690.2	NIOBTv3_g23320
Solyc02g063270.3	NIOBTv3_g16453
Solyc07g063160.2	NIOBTv3_g30696
Solyc08g075250.1	NIOBTv3_g04190
Solyc03g121230.3	NIOBTv3_g05125
Solyc01g080220.3	NIOBTv3_g26985
Solyc08g061630.3	NIOBTv3_g20088
Solyc04g049360.3	NIOBTv3_g30371
Solyc02g076710.3	NIOBTv3_g33694
Solyc00g024150.3	NIOBTv3_g36257
Solyc07g049230.1	NIOBTv3_g22316
Solyc07g052960.2	NIOBTv3_g37943
Solyc01g006870.3	NIOBTv3_g10958
Solyc06g065000.2	NIOBTv3_g30401-D4
Solyc03g116870.3	NIOBTv3_g19264
Solyc07g008900.3	NIOBTv3_g01863
Solyc03g096670.3	NIOBTv3_g37553
Solyc03g063040.3	NIOBTv3_g05485
Solyc06g071550.3	NIOBTv3_g13164
Solyc07g006730.3	NIOBTv3_g30567-D2
Solyc10g011680.3	NIOBTv3_g24620
Solyc08g067260.3	NIOBTv3_g29650
Solyc06g054260.1	NIOBTv3_g07455
Solyc07g008140.3	NIOBTv3_g41184
Solyc12g035470.2	NIOBTv3_g11896
Solyc02g093990.3	NIOBTv3_g23172-D4
Solyc07g052560.2	NIOBTv3_g27424
Solyc01g112120.3	NIOBTv3_g04799
Solyc07g043130.3	NIOBTv3_g05671
Solyc06g009960.2	NIOBTv3_g03737
Solyc04g007650.3	NIOBTv3_g10774
Solyc07g066150.1	NIOBTv3_g10782
Solyc04g074530.3	NIOBTv3_g57879
Solyc09g011600.3	NIOBTv3_g39301
Solyc09g009840.1	NIOBTv3_g02272
Solyc03g007180.1	NIOBTv3_g27948
Solyc07g006200.3	NIOBTv3_g37956
Solyc10g005210.3	NIOBTv3_g06823
Solyc08g081170.3	NIOBTv3_g28862
Solyc12g036470.2	NIOBTv3_g12805
Solyc02g071110.3	NIOBTv3_g17299-D4
Solyc01g080330.3	NIOBTv3_g13787
Solyc02g084740.3	NIOBTv3_g23389
Solyc04g008280.2	NIOBTv3_g32296
Solyc06g053490.3	NIOBTv3_g08877
Solyc11g011940.2	NIOBTv3_g00484
Solyc02g023990.3	NIOBTv3_g21902
Solyc05g050500.1	NIOBTv3_g24473
Solyc01g067840.2	NIOBTv3_g27965-D2
Solyc07g062460.3	NIOBTv3_g15278
Solyc01g008510.3	NIOBTv3_g32417
Solyc10g005120.2	NIOBTv3_g02245
Solyc05g007110.2	NIOBTv3_g32816
Solyc09g010280.3	NIOBTv3_g18917
Solyc06g060300.1	NIOBTv3_g30612
Solyc12g056950.2	NIOBTv3_g08001
Solyc01g111760.3	NIOBTv3_g59124
Solyc07g054560.1	NIOBTv3_g25141
Solyc06g084320.1	NIOBTv3_g21417
Solyc02g080800.3	NIOBTv3_g01560
Solyc08g082370.1	NIOBTv3_g40411
Solyc10g047040.3	NIOBTv3_g29425
Solyc02g089115.1	NIOBTv3_g17637
Solyc03g043640.3	NIOBTv3_g09019
Solyc09g097910.3	NIOBTv3_g09840
Solyc08g016670.3	NIOBTv3_g35929
Solyc12g097060.1	NIOBTv3_g06474
Solyc10g083860.2	NIOBTv3_g02093
Solyc01g006430.3	NIOBTv3_g30485
Solyc03g114160.1	NIOBTv3_g35106
Solyc10g079090.2	NIOBTv3_g12755
Solyc05g053965.1	NIOBTv3_g38983
Solyc06g084470.3	NIOBTv3_g33509
Solyc05g007780.3	NIOBTv3_g60301
Solyc07g044860.3	NIOBTv3_g25930
Solyc06g071920.3	NIOBTv3_g00178-D2
Solyc12g056250.2	NIOBTv3_g28854
Solyc01g080130.2	NIOBTv3_g22763
Solyc09g090330.3	NIOBTv3_g02418
Solyc07g064420.3	NIOBTv3_g21205
Solyc09g005620.3	NIOBTv3_g34535
Solyc07g047790.3	NIOBTv3_g37993
Solyc07g005210.3	NIOBTv3_g10076
Solyc01g098645.1	NIOBTv3_g29478
Solyc08g077050.3	NIOBTv3_g21783
Solyc04g077745.1	NIOBTv3_g11594
Solyc07g064800.3	NIOBTv3_g06281
Solyc07g056050.1	NIOBTv3_g23070
Solyc05g012670.1	NIOBTv3_g20123
Solyc02g077160.3	NIOBTv3_g42852
Solyc06g060340.3	NIOBTv3_g26955
Solyc05g054540.3	NIOBTv3_g04570
Solyc02g078620.1	NIOBTv3_g34579
Solyc06g076510.3	NIOBTv3_g04456
Solyc10g044880.1	NIOBTv3_g03883
Solyc09g065920.3	NIOBTv3_g05536
Solyc09g010800.4	NIOBTv3_g18581
Solyc09g011030.3	NIOBTv3_g35676
Solyc12g042170.2	NIOBTv3_g10144
Solyc08g066740.3	NIOBTv3_g39792
Solyc08g041870.3	NIOBTv3_g36593
Solyc08g075340.3	NIOBTv3_g18939
Solyc05g056580.3	NIOBTv3_g03139
Solyc03g097440.3	NIOBTv3_g43094
Solyc09g065300.3	NIOBTv3_g04295
Solyc05g051060.3	NIOBTv3_g16255
Solyc01g011390.2	NIOBTv3_g00936
Solyc07g007340.3	NIOBTv3_g10456
Solyc00g005040.3	NIOBTv3_g31719
Solyc11g018500.2	NIOBTv3_g36090
Solyc09g074930.3	NIOBTv3_g24092
Solyc12g096400.2	NIOBTv3_g03713
Solyc05g056390.2	NIOBTv3_g28539
Solyc11g069450.1	NIOBTv3_g38514
Solyc06g005960.3	NIOBTv3_g27082
Solyc12g011280.2	NIOBTv3_g09113-D2
Solyc07g053720.3	NIOBTv3_g00279
Solyc09g060090.3	NIOBTv3_g08842
Solyc01g088220.2	NIOBTv3_g31974
Solyc02g080480.3	NIOBTv3_g09978
Solyc06g073910.3	NIOBTv3_g42163
Solyc07g055990.3	NIOBTv3_g36014
Solyc01g104780.3	NIOBTv3_g05334
Solyc11g006740.2	NIOBTv3_g40198
Solyc10g054900.2	NIOBTv3_g31399
Solyc11g007940.2	NIOBTv3_g35988
Solyc07g008530.1	NIOBTv3_g06710-D2
Solyc01g087860.2	NIOBTv3_g17528
Solyc01g106177.1	NIOBTv3_g10082-D4
Solyc10g078320.2	NIOBTv3_g33950
Solyc08g015780.3	NIOBTv3_g11488
Solyc02g094120.3	NIOBTv3_g27911
Solyc10g054870.2	NIOBTv3_g29278-D2
Solyc01g095070.3	NIOBTv3_g38027
Solyc05g056055.1	NIOBTv3_g40148
Solyc12g010400.2	NIOBTv3_g13104
Solyc08g082170.3	NIOBTv3_g27803
Solyc01g112060.3	NIOBTv3_g23417
Solyc02g071010.1	NIOBTv3_g14363
Solyc02g065230.3	NIOBTv3_g24404
Solyc12g005980.2	NIOBTv3_g21330
Solyc01g009420.3	NIOBTv3_g02948
Solyc01g006550.3	NIOBTv3_g12857-D2
Solyc06g073900.3	NIOBTv3_g28027
Solyc07g006910.3	NIOBTv3_g27141
Solyc11g067160.2	NIOBTv3_g19908
Solyc07g022830.3	NIOBTv3_g15839
Solyc05g051210.3	NIOBTv3_g21079
Solyc08g076620.1	NIOBTv3_g41690-D4
Solyc10g051020.2	NIOBTv3_g14295-D2
Solyc11g013820.2	NIOBTv3_g23121
Solyc02g085000.3	NIOBTv3_g05627
Solyc02g021620.3	NIOBTv3_g15644
Solyc12g044760.2	NIOBTv3_g07419
Solyc12g056110.2	NIOBTv3_g63706
Solyc05g006440.3	NIOBTv3_g24490
Solyc12g006590.2	NIOBTv3_g32501
Solyc02g084360.3	NIOBTv3_g65487-D3
Solyc07g065410.1	NIOBTv3_g33072
Solyc06g084290.3	NIOBTv3_g56461
Solyc11g065610.1	NIOBTv3_g21115
Solyc10g081790.1	NIOBTv3_g07471
Solyc04g008980.3	NIOBTv3_g24706
Solyc06g006057.1	NIOBTv3_g36822-D5
Solyc02g071360.3	NIOBTv3_g25018
Solyc11g072700.1	NIOBTv3_g04595
Solyc06g071840.2	NIOBTv3_g16129
Solyc04g081230.3	NIOBTv3_g07737
Solyc08g005350.3	NIOBTv3_g39946-D4
Solyc09g007190.3	NIOBTv3_g19418
Solyc04g076780.3	NIOBTv3_g37825-D3
Solyc03g111010.3	NIOBTv3_g60405-D2
Solyc02g062340.3	NIOBTv3_g22365-D2
Solyc09g064940.2	NIOBTv3_g34841
Solyc02g079950.3	NIOBTv3_g38836
Solyc10g044510.2	NIOBTv3_g22494
Solyc04g081755.1	NIOBTv3_g26406
Solyc05g054640.3	NIOBTv3_g41842
Solyc06g066000.2	NIOBTv3_g01739
Solyc10g077120.2	NIOBTv3_g36701
Solyc05g006920.3	NIOBTv3_g33419
Solyc03g116780.3	NIOBTv3_g19275
Solyc10g079700.2	NIOBTv3_g17861-D2
Solyc04g071140.3	NIOBTv3_g02978
Solyc09g061310.3	NIOBTv3_g30076
Solyc08g066660.1	NIOBTv3_g03629
Solyc01g007920.2	NIOBTv3_g08799
Solyc02g089150.3	NIOBTv3_g41093
Solyc03g113330.3	NIOBTv3_g18187
Solyc02g079540.2	NIOBTv3_g06488-D2
Solyc05g013180.3	NIOBTv3_g07118
Solyc06g036350.3	NIOBTv3_g33739
Solyc06g009260.3	NIOBTv3_g35927
Solyc07g062580.3	NIOBTv3_g28166
Solyc09g089750.1	NIOBTv3_g30503
Solyc03g026370.1	NIOBTv3_g38566
Solyc03g098640.3	NIOBTv3_g10354
Solyc06g076300.3	NIOBTv3_g39749
Solyc03g019700.1	NIOBTv3_g65151
Solyc01g096240.3	NIOBTv3_g06973
Solyc01g110940.3	NIOBTv3_g40179-D2
Solyc02g070990.1	NIOBTv3_g14363
Solyc10g055550.2	NIOBTv3_g29031
Solyc09g014520.3	NIOBTv3_g23360
Solyc09g075650.3	NIOBTv3_g16673
Solyc01g111765.1	NIOBTv3_g29303
Solyc04g078920.3	NIOBTv3_g23309
Solyc12g089160.2	NIOBTv3_g35870
Solyc10g007570.3	NIOBTv3_g29083
Solyc01g109580.3	NIOBTv3_g33642-D2
Solyc09g092640.3	NIOBTv3_g03489
Solyc08g013805.1	NIOBTv3_g04130
Solyc04g054930.3	NIOBTv3_g37480-D2
Solyc10g081010.2	NIOBTv3_g17879
Solyc12g042570.2	NIOBTv3_g25567
Solyc09g066410.2	NIOBTv3_g08348
Solyc12g055760.2	NIOBTv3_g55752-D2
Solyc03g115020.3	NIOBTv3_g14460
Solyc08g075100.3	NIOBTv3_g14336
Solyc10g083650.1	NIOBTv3_g12120
Solyc05g006730.3	NIOBTv3_g21963
Solyc03g006740.2	NIOBTv3_g34434-D2
Solyc08g075690.3	NIOBTv3_g25371
Solyc05g005760.3	NIOBTv3_g03122
Solyc04g071990.3	NIOBTv3_g03185
Solyc11g021365.1	NIOBTv3_g02881
Solyc02g089090.3	NIOBTv3_g27921-D2
Solyc08g061060.2	NIOBTv3_g07432
Solyc11g069020.2	NIOBTv3_g25689
Solyc03g123710.3	NIOBTv3_g02756
Solyc09g075890.3	NIOBTv3_g01500
Solyc12g009470.2	NIOBTv3_g10057
Solyc08g067370.1	NIOBTv3_g10324
Solyc11g018550.3	NIOBTv3_g11315
Solyc12g009770.1	NIOBTv3_g27813-D3
Solyc12g017430.2	NIOBTv3_g10227
Solyc02g070430.3	NIOBTv3_g38756
Solyc02g061990.3	NIOBTv3_g40356
Solyc05g008280.1	NIOBTv3_g37257
Solyc08g079610.3	NIOBTv3_g19958
Solyc08g077870.3	NIOBTv3_g02478
Solyc03g116230.3	NIOBTv3_g31315
Solyc02g080810.3	NIOBTv3_g01559
Solyc04g076970.3	NIOBTv3_g06438
Solyc05g007170.3	NIOBTv3_g08134-D3
Solyc05g007170.3	NIOBTv3_g08134-D3
Solyc05g005290.3	NIOBTv3_g12980
Solyc04g082050.3	NIOBTv3_g05807
Solyc01g005270.3	NIOBTv3_g34619
Solyc11g071830.2	NIOBTv3_g25892
Solyc06g051800.3	NIOBTv3_g27627-D2
Solyc01g100890.3	NIOBTv3_g32014
Solyc12g013690.2	NIOBTv3_g00105
Solyc01g081480.3	NIOBTv3_g06859
Solyc03g026210.3	NIOBTv3_g37935
Solyc02g082200.3	NIOBTv3_g25312
Solyc02g092880.3	NIOBTv3_g22894
Solyc04g081020.3	NIOBTv3_g05781
Solyc05g041540.3	NIOBTv3_g29081
Solyc02g089493.1	NIOBTv3_g38110
Solyc02g089493.1	NIOBTv3_g38110
Solyc01g009150.3	NIOBTv3_g19976
Solyc02g089120.3	NIOBTv3_g17637
Solyc01g057830.3	NIOBTv3_g37817
Solyc11g005290.1	NIOBTv3_g18116-D2
Solyc11g006360.1	NIOBTv3_g28406
Solyc09g089610.3	NIOBTv3_g11268
Solyc03g115220.3	NIOBTv3_g26398
Solyc03g111820.3	NIOBTv3_g20366
Solyc09g011300.3	NIOBTv3_g08308
Solyc05g025890.2	NIOBTv3_g04020
Solyc05g013060.3	NIOBTv3_g23153
Solyc01g107800.3	NIOBTv3_g35051
Solyc04g049920.3	NIOBTv3_g00390
Solyc01g106480.3	NIOBTv3_g24062
Solyc04g051180.1	NIOBTv3_g37052
Solyc05g012600.3	NIOBTv3_g24297
Solyc04g072030.1	NIOBTv3_g34637
Solyc05g012510.3	NIOBTv3_g63416
Solyc11g044450.2	NIOBTv3_g00619
Solyc08g062220.3	NIOBTv3_g23032
Solyc12g013500.2	NIOBTv3_g05942
Solyc02g032930.3	NIOBTv3_g21760
Solyc09g008205.1	NIOBTv3_g18189
Solyc08g083370.3	NIOBTv3_g31579
Solyc10g086250.2	NIOBTv3_g28008
Solyc10g078390.2	NIOBTv3_g01729-D3
Solyc08g006820.3	NIOBTv3_g32780
Solyc04g007450.3	NIOBTv3_g38838
Solyc11g005990.2	NIOBTv3_g15866
Solyc05g012230.3	NIOBTv3_g02026
Solyc02g091640.3	NIOBTv3_g40141
Solyc04g009230.3	NIOBTv3_g23489
Solyc07g064690.1	NIOBTv3_g17801
Solyc05g054860.1	NIOBTv3_g12997
Solyc08g065220.3	NIOBTv3_g08119
Solyc10g083330.1	NIOBTv3_g20249
Solyc07g065790.2	NIOBTv3_g29393
Solyc08g079420.3	NIOBTv3_g03404
Solyc06g049080.3	NIOBTv3_g12972
Solyc05g053100.3	NIOBTv3_g28478
Solyc09g005810.3	NIOBTv3_g56609-D2
Solyc12g096310.2	NIOBTv3_g05513
Solyc06g048410.3	NIOBTv3_g18260
Solyc06g068050.3	NIOBTv3_g17020
Solyc06g076790.1	NIOBTv3_g24651
Solyc02g065555.1	NIOBTv3_g13056
Solyc10g085030.1	NIOBTv3_g18654
Solyc07g021710.3	NIOBTv3_g05262
Solyc02g093630.3	NIOBTv3_g28412
Solyc10g045480.1	NIOBTv3_g14232
Solyc04g079470.3	NIOBTv3_g36347
Solyc09g082065.1	NIOBTv3_g19730
Solyc08g015690.3	NIOBTv3_g14262
Solyc03g114970.3	NIOBTv3_g24307
Solyc04g082010.1	NIOBTv3_g10556
Solyc01g111750.3	NIOBTv3_g29305
Solyc03g120120.3	NIOBTv3_g08810
Solyc06g060130.3	NIOBTv3_g33094
Solyc01g066770.3	NIOBTv3_g00784
Solyc11g017010.2	NIOBTv3_g07351
Solyc01g110630.3	NIOBTv3_g40179-D2
Solyc01g087070.3	NIOBTv3_g30993
Solyc02g070630.3	NIOBTv3_g13052
Solyc01g099385.1	NIOBTv3_g32541
Solyc01g056830.3	NIOBTv3_g39924
Solyc04g050540.3	NIOBTv3_g01085
Solyc03g006610.3	NIOBTv3_g35825
Solyc06g051950.3	NIOBTv3_g19892
Solyc05g046140.3	NIOBTv3_g01128
Solyc02g084200.2	NIOBTv3_g05893
Solyc10g006400.3	NIOBTv3_g34080
Solyc06g048540.3	NIOBTv3_g33969
Solyc07g006070.1	NIOBTv3_g30831
Solyc02g086890.3	NIOBTv3_g03968
Solyc03g112995.1	NIOBTv3_g14995
Solyc05g024370.1	NIOBTv3_g16559
Solyc10g078410.2	NIOBTv3_g42904
Solyc12g008350.2	NIOBTv3_g34891
Solyc09g009190.3	NIOBTv3_g16893
Solyc02g065280.3	NIOBTv3_g06123
Solyc06g065825.1	NIOBTv3_g22711-D2
Solyc06g064750.1	NIOBTv3_g37015-D2
Solyc11g008620.2	NIOBTv3_g31354
Solyc07g052695.1	NIOBTv3_g21375
Solyc06g066600.3	NIOBTv3_g17008
Solyc10g006370.3	NIOBTv3_g07615
Solyc01g108570.3	NIOBTv3_g08289
Solyc09g005120.3	NIOBTv3_g41348
Solyc09g005840.1	NIOBTv3_g04901-D2
Solyc08g077530.3	NIOBTv3_g09216-D3
Solyc10g007200.3	NIOBTv3_g28165
Solyc09g007010.1	NIOBTv3_g35759
Solyc02g065400.3	NIOBTv3_g07505
Solyc03g111160.3	NIOBTv3_g36096
Solyc01g073710.2	NIOBTv3_g42242
Solyc07g008840.3	NIOBTv3_g09247
Solyc07g052690.3	NIOBTv3_g21375
Solyc01g079620.3	NIOBTv3_g11045
Solyc04g082140.3	NIOBTv3_g10416
Solyc11g070060.2	NIOBTv3_g06084
Solyc12g044900.2	NIOBTv3_g10612
Solyc00g007220.3	NIOBTv3_g24378
Solyc07g020860.3	NIOBTv3_g32950
Solyc06g054510.3	NIOBTv3_g14760-D2
Solyc06g005710.3	NIOBTv3_g19938
Solyc05g053250.3	NIOBTv3_g13330
Solyc09g011920.3	NIOBTv3_g25223
Solyc08g083505.1	NIOBTv3_g03404
Solyc03g123560.3	NIOBTv3_g13564
Solyc05g011850.1	NIOBTv3_g10181
Solyc01g111040.3	NIOBTv3_g38240
Solyc10g076930.2	NIOBTv3_g21533
Solyc01g090900.3	NIOBTv3_g24974
Solyc08g006510.3	NIOBTv3_g05000
Solyc01g007190.3	NIOBTv3_g08205
Solyc01g110913.1	NIOBTv3_g40182
Solyc11g068790.2	NIOBTv3_g01994
Solyc01g005770.3	NIOBTv3_g00935
