NIOBTv3_g01014	Solyc08g080630.3.1
NIOBTv3_g04844	Solyc07g055950.3.1
NIOBTv3_g04844	Solyc07g055950.3.1
NIOBTv3_g22536	Solyc04g008910.2.1
NIOBTv3_g03707	Solyc08g082670.3.1
NIOBTv3_g03707	Solyc08g082670.3.1
NIOBTv3_g03707	Solyc08g082670.3.1
NIOBTv3_g03707	Solyc08g082670.3.1
NIOBTv3_g13176-D3	Solyc08g079200.1.1
NIOBTv3_g58705	Solyc12g096800.1.1
NIOBTv3_g19880	Solyc09g010210.3.1
NIOBTv3_g60862	Solyc09g089505.1.1
NIOBTv3_g08271	Solyc01g066560.3.1
NIOBTv3_g05151	Solyc10g076250.2.1
NIOBTv3_g22020	Solyc04g078470.3.1
NIOBTv3_g34012	Solyc03g019690.1.1
NIOBTv3_g26115	Solyc05g051290.3.1
NIOBTv3_g10638	Solyc06g068650.3.1
NIOBTv3_g26409	Solyc08g074620.3.1
NIOBTv3_g58705	Solyc12g096800.1.1
NIOBTv3_g08676	Solyc10g086030.2.1
NIOBTv3_g20879	Solyc03g113540.3.1
NIOBTv3_g02471	Solyc11g071470.1.1
NIOBTv3_g62328-D2	Solyc10g075090.2.1
NIOBTv3_g09490	Solyc08g083240.3.1
NIOBTv3_g33736	Solyc03g007690.1.1
NIOBTv3_g04844	Solyc07g055950.3.1
NIOBTv3_g26864	Solyc10g086180.2.1
NIOBTv3_g35953	Solyc01g009040.3.1
NIOBTv3_g38524	Solyc02g093950.3.1
NIOBTv3_g28468	Solyc01g109150.4.1
NIOBTv3_g22188	Solyc07g066060.3.1
NIOBTv3_g31338	Solyc08g083230.2.1
NIOBTv3_g23721	Solyc10g080870.3.1
NIOBTv3_g08533	Solyc04g054950.3.1
NIOBTv3_g00171-D2	Solyc02g071700.3.1
NIOBTv3_g58705	Solyc12g096800.1.1
NIOBTv3_g20583-D2	Solyc09g075360.3.1
NIOBTv3_g40820	Solyc03g118780.3.1
NIOBTv3_g14370	Solyc02g071060.3.1
NIOBTv3_g14761	Solyc10g080930.2.1
NIOBTv3_g13424	Solyc03g005450.3.1
NIOBTv3_g16974	Solyc09g015170.3.1
NIOBTv3_g05809	Solyc04g082030.1.1
NIOBTv3_g41264	Solyc11g056650.2.1
NIOBTv3_g30509	Solyc04g074810.3.1
NIOBTv3_g19376	Solyc01g079150.3.1
NIOBTv3_g38884	Solyc08g005610.3.1
NIOBTv3_g01014	Solyc08g080630.3.1
NIOBTv3_g10220	Solyc10g047030.3.1
NIOBTv3_g01014	Solyc08g080630.3.1
NIOBTv3_g12303	Solyc06g005610.1.1
NIOBTv3_g12063-D2	Solyc01g006400.3.1
NIOBTv3_g07736	Solyc04g081235.1.1
NIOBTv3_g02685-D2	Solyc04g076630.3.1
NIOBTv3_g36057	Solyc11g072550.2.1
NIOBTv3_g30091	Solyc03g064010.3.1
NIOBTv3_g60060-D10	Solyc01g080600.3.1
NIOBTv3_g00800	Solyc02g090970.1.1
NIOBTv3_g06415	Solyc09g082500.3.1
NIOBTv3_g03979	Solyc11g012130.2.1
NIOBTv3_g07622	Solyc10g006290.3.1
NIOBTv3_g36697	Solyc07g049320.3.1
NIOBTv3_g30863	Solyc09g008060.3.1
NIOBTv3_g40662	Solyc03g006250.2.1
NIOBTv3_g35151	Solyc02g067320.2.1
NIOBTv3_g33970	Solyc02g089950.2.1
NIOBTv3_g02283	Solyc02g080260.3.1
NIOBTv3_g30727	Solyc07g063940.2.1
NIOBTv3_g13766	Solyc09g075350.3.1
NIOBTv3_g29807	Solyc10g009320.3.1
NIOBTv3_g38683	Solyc09g075750.1.1
NIOBTv3_g35344	Solyc03g044085.1.1
NIOBTv3_g25651	Solyc02g084910.3.1
NIOBTv3_g37301	Solyc08g077230.3.1
NIOBTv3_g38480-D27	Solyc04g015980.3.1
NIOBTv3_g20361	Solyc05g007950.3.1
NIOBTv3_g22006	Solyc07g007240.3.1
NIOBTv3_g27089	Solyc02g079180.1.1
NIOBTv3_g06270	Solyc02g087880.3.1
NIOBTv3_g29055	Solyc11g073250.2.1
NIOBTv3_g18086-D2	Solyc01g009020.3.1
NIOBTv3_g28544	Solyc09g009220.3.1
NIOBTv3_g01014	Solyc08g080630.3.1
NIOBTv3_g21459	Solyc07g054430.3.1
NIOBTv3_g05670	Solyc02g092590.3.1
NIOBTv3_g27953	Solyc10g009080.3.1
NIOBTv3_g02893	Solyc02g084240.3.1
NIOBTv3_g00693	Solyc02g072540.3.1
NIOBTv3_g00199	Solyc06g007610.2.1
NIOBTv3_g26972	Solyc07g056650.3.1
NIOBTv3_g27997-D2	Solyc01g111310.3.1
NIOBTv3_g05204	Solyc12g007160.2.1
NIOBTv3_g40324	Solyc07g043050.1.1
NIOBTv3_g26197	Solyc03g122190.3.1
NIOBTv3_g15192	Solyc02g081270.3.1
NIOBTv3_g01264	Solyc04g074740.3.1
NIOBTv3_g01060	Solyc07g056480.3.1
NIOBTv3_g10443	Solyc01g098740.3.1
NIOBTv3_g10173	Solyc01g110570.3.1
NIOBTv3_g34012	Solyc03g019690.1.1
NIOBTv3_g41393	Solyc07g063970.3.1
NIOBTv3_g22503	Solyc09g010850.3.1
NIOBTv3_g16286	Solyc11g020990.2.1
NIOBTv3_g26918	Solyc07g063930.3.1
NIOBTv3_g07158	Solyc06g063040.1.1
NIOBTv3_g04539	Solyc08g014080.3.1
NIOBTv3_g16663	Solyc02g072140.1.1
NIOBTv3_g32013	Solyc04g071400.3.1
NIOBTv3_g17840	Solyc07g065210.3.1
NIOBTv3_g31069	Solyc01g109460.3.1
NIOBTv3_g01156	Solyc05g008300.2.1
NIOBTv3_g30810	Solyc09g074300.1.1
NIOBTv3_g17588	Solyc02g083890.3.1
NIOBTv3_g10197	Solyc11g016970.2.1
NIOBTv3_g41575	Solyc02g077740.3.1
NIOBTv3_g18038-D2	Solyc07g049530.3.1
NIOBTv3_g08774	Solyc02g068600.3.1
NIOBTv3_g34012	Solyc03g019690.1.1
NIOBTv3_g34565	Solyc02g070280.3.1
NIOBTv3_g18010	Solyc12g005670.2.1
NIOBTv3_g23314	Solyc04g078940.3.1
NIOBTv3_g29011	Solyc10g055200.1.1
NIOBTv3_g30375-D3	Solyc10g052500.2.1
NIOBTv3_g39101	Solyc09g061840.3.1
NIOBTv3_g28236	Solyc11g073020.2.1
NIOBTv3_g25626	Solyc07g064590.3.1
NIOBTv3_g65092	Solyc03g121070.3.1
NIOBTv3_g05961	Solyc03g032190.3.1
NIOBTv3_g05578	Solyc02g070040.1.1
NIOBTv3_g33573	Solyc10g051140.2.1
NIOBTv3_g29606	Solyc10g007830.1.1
NIOBTv3_g39725	Solyc07g007860.1.1
NIOBTv3_g12047	Solyc05g052570.3.1
NIOBTv3_g30785	Solyc05g009520.1.1
NIOBTv3_g21129	Solyc07g065220.2.1
NIOBTv3_g17817	Solyc03g115380.2.1
NIOBTv3_g34046	Solyc06g060960.2.1
NIOBTv3_g06738	Solyc10g005300.3.1
NIOBTv3_g13936	Solyc12g010040.2.1
NIOBTv3_g17391	Solyc11g005070.2.1
NIOBTv3_g28643	Solyc01g094460.3.1
NIOBTv3_g05816	Solyc01g080100.3.1
NIOBTv3_g35028	Solyc12g007020.2.1
NIOBTv3_g28355	Solyc06g051010.1.1
NIOBTv3_g01386	Solyc07g006700.1.1
NIOBTv3_g31942	Solyc03g005420.2.1
NIOBTv3_g20339	Solyc10g006800.3.1
NIOBTv3_g27520	Solyc04g073960.3.1
NIOBTv3_g14041	Solyc01g087890.3.1
NIOBTv3_g06568	Solyc06g053760.3.1
NIOBTv3_g36261	Solyc07g053350.3.1
NIOBTv3_g00327	Solyc05g005170.3.1
NIOBTv3_g05500	Solyc01g079960.2.1
NIOBTv3_g32270	Solyc10g078340.2.1
NIOBTv3_g38551	Solyc08g079850.3.1
NIOBTv3_g22209	Solyc05g014150.3.1
NIOBTv3_g27466	Solyc08g016500.3.1
NIOBTv3_g31409	Solyc06g053810.3.1
NIOBTv3_g40281	Solyc07g063850.3.1
NIOBTv3_g08101	Solyc04g008500.3.1
NIOBTv3_g12892	Solyc09g065480.2.1
NIOBTv3_g32217	Solyc01g099360.3.1
NIOBTv3_g32217	Solyc01g099360.3.1
NIOBTv3_g23015	Solyc09g090070.1.1
NIOBTv3_g40931	Solyc10g080950.2.1
NIOBTv3_g41193	Solyc12g010700.2.1
NIOBTv3_g15123	Solyc12g013820.2.1
NIOBTv3_g23174	Solyc01g095630.3.1
NIOBTv3_g24919	Solyc09g009860.1.1
NIOBTv3_g42169	Solyc09g075550.3.1
NIOBTv3_g33431	Solyc10g008480.3.1
NIOBTv3_g07752-D2	Solyc09g010080.3.1
NIOBTv3_g33477	Solyc06g043150.3.1
NIOBTv3_g38666	Solyc03g119220.3.1
NIOBTv3_g56261	Solyc06g010250.3.1
NIOBTv3_g01833	Solyc04g082430.3.1
NIOBTv3_g39717	Solyc03g118810.1.1
NIOBTv3_g16751	Solyc05g009880.3.1
NIOBTv3_g08774	Solyc02g068600.3.1
NIOBTv3_g04089	Solyc10g078280.3.1
NIOBTv3_g35616	Solyc03g083440.3.1
NIOBTv3_g20296	Solyc09g082560.3.1
NIOBTv3_g29052	Solyc03g114240.3.1
NIOBTv3_g22208	Solyc05g014140.2.1
NIOBTv3_g09369	Solyc08g078640.2.1
NIOBTv3_g06255	Solyc01g066910.3.1
NIOBTv3_g36453	Solyc09g072800.3.1
NIOBTv3_g12783	Solyc04g080600.3.1
NIOBTv3_g31468	Solyc05g055680.3.1
NIOBTv3_g31477	Solyc05g006990.3.1
NIOBTv3_g25215	Solyc03g114380.3.1
NIOBTv3_g21485	Solyc03g121900.1.1
NIOBTv3_g10534	Solyc11g071290.2.1
NIOBTv3_g22107	Solyc08g066420.1.1
NIOBTv3_g11169-D2	Solyc05g054190.3.1
NIOBTv3_g12003	Solyc07g005010.3.1
NIOBTv3_g23607	Solyc01g067600.3.1
NIOBTv3_g23607	Solyc01g067600.3.1
NIOBTv3_g39920	Solyc06g008890.3.1
NIOBTv3_g30802	Solyc02g087740.3.1
NIOBTv3_g14055-D3	Solyc01g006390.2.1
NIOBTv3_g21791	Solyc03g031920.3.1
NIOBTv3_g14005	Solyc11g069850.2.1
NIOBTv3_g03502	Solyc05g009100.3.1
NIOBTv3_g25158	Solyc04g063350.3.1
NIOBTv3_g04844	Solyc07g055950.3.1
NIOBTv3_g36704	Solyc02g092160.3.1
NIOBTv3_g18898	Solyc02g084950.3.1
NIOBTv3_g23682	Solyc03g096870.3.1
NIOBTv3_g36262	Solyc11g011160.1.1
NIOBTv3_g17365	Solyc03g007230.3.1
NIOBTv3_g24732	Solyc11g064800.2.1
NIOBTv3_g12047	Solyc05g052570.3.1
NIOBTv3_g26219	Solyc05g010590.3.1
NIOBTv3_g08153	Solyc12g049500.2.1
NIOBTv3_g26356	Solyc02g067760.3.1
NIOBTv3_g11113	Solyc07g056410.3.1
NIOBTv3_g16134	Solyc03g098720.3.1
NIOBTv3_g02512	Solyc02g085490.2.1
NIOBTv3_g28566	Solyc00g052940.3.1
NIOBTv3_g15333	Solyc05g054750.3.1
NIOBTv3_g06835	Solyc02g085870.3.1
NIOBTv3_g02841	Solyc12g096780.2.1
NIOBTv3_g37630	Solyc01g095960.3.1
NIOBTv3_g23496	Solyc09g065800.3.1
NIOBTv3_g40092	Solyc08g081960.2.1
NIOBTv3_g38027	Solyc03g007870.3.1
NIOBTv3_g29254	Solyc02g063430.3.1
NIOBTv3_g37566	Solyc08g082770.3.1
NIOBTv3_g41442	Solyc01g091050.3.1
NIOBTv3_g01060	Solyc07g056480.3.1
NIOBTv3_g11970	Solyc12g009310.2.1
NIOBTv3_g14887	Solyc03g118740.3.1
NIOBTv3_g18009	Solyc07g053410.3.1
NIOBTv3_g21425	Solyc02g070210.3.1
NIOBTv3_g22726	Solyc03g007130.3.1
NIOBTv3_g65249-D5	Solyc12g011455.1.1
NIOBTv3_g08177	Solyc11g011310.2.1
NIOBTv3_g37284	Solyc07g005540.1.1
NIOBTv3_g38899	Solyc12g008580.2.1
NIOBTv3_g03686	Solyc12g008520.2.1
NIOBTv3_g06429	Solyc06g008360.3.1
NIOBTv3_g19852	Solyc03g006800.1.1
NIOBTv3_g02835	Solyc09g007060.2.1
NIOBTv3_g03604	Solyc05g012050.3.1
NIOBTv3_g26590	Solyc04g063210.3.1
NIOBTv3_g30883	Solyc02g068060.3.1
NIOBTv3_g42594	Solyc09g091550.3.1
NIOBTv3_g13699	Solyc10g018640.2.1
NIOBTv3_g37544	Solyc07g056400.1.1
NIOBTv3_g04857-D2	Solyc12g087940.2.1
NIOBTv3_g35271	Solyc02g085580.3.1
NIOBTv3_g15377	Solyc06g083470.3.1
NIOBTv3_g08718	Solyc05g014260.3.1
NIOBTv3_g18686-D2	Solyc01g096730.2.1
NIOBTv3_g02796	Solyc03g112460.3.1
NIOBTv3_g18149	Solyc03g031980.3.1
NIOBTv3_g10009	Solyc00g009090.3.1
NIOBTv3_g35114	Solyc02g084570.3.1
NIOBTv3_g33216	Solyc02g067750.3.1
NIOBTv3_g26409	Solyc08g074620.3.1
NIOBTv3_g29049	Solyc01g106540.3.1
NIOBTv3_g12591	Solyc04g025880.3.1
NIOBTv3_g13936	Solyc12g010040.2.1
NIOBTv3_g09769	Solyc03g115560.3.1
NIOBTv3_g05187	Solyc05g056470.1.1
NIOBTv3_g22536	Solyc04g008910.2.1
NIOBTv3_g37858	Solyc06g062880.2.1
NIOBTv3_g32241	Solyc09g014940.2.1
NIOBTv3_g53662	Solyc09g082620.3.1
NIOBTv3_g22536	Solyc04g008910.2.1
NIOBTv3_g08928	Solyc04g076220.3.1
NIOBTv3_g04487	Solyc01g005470.3.1
NIOBTv3_g23500	Solyc11g044840.2.1
NIOBTv3_g11413	Solyc08g067180.3.1
NIOBTv3_g19683	Solyc07g064050.3.1
NIOBTv3_g24839	Solyc06g073640.3.1
NIOBTv3_g40848	Solyc08g079100.3.1
NIOBTv3_g26483	Solyc03g006780.2.1
NIOBTv3_g25183	Solyc08g077690.3.1
NIOBTv3_g36575	Solyc07g007190.3.1
NIOBTv3_g27329	Solyc02g024070.3.1
NIOBTv3_g15963	Solyc08g022240.1.1
NIOBTv3_g18686	Solyc01g096730.2.1
NIOBTv3_g02263	Solyc01g104230.3.1
NIOBTv3_g05486	Solyc09g011960.2.1
NIOBTv3_g04936	Solyc03g083720.1.1
NIOBTv3_g30420	Solyc05g005580.3.1
NIOBTv3_g16095	Solyc10g078490.2.1
NIOBTv3_g08698	Solyc03g118425.1.1
NIOBTv3_g30165	Solyc05g016320.2.1
NIOBTv3_g16359	Solyc06g068870.3.1
NIOBTv3_g14415	Solyc10g052470.1.1
NIOBTv3_g13086	Solyc07g007620.3.1
NIOBTv3_g13769	Solyc03g118770.3.1
NIOBTv3_g00174	Solyc06g073760.3.1
NIOBTv3_g17900	Solyc03g093460.3.1
NIOBTv3_g13883	Solyc03g121970.1.1
NIOBTv3_g15744	Solyc01g007810.1.1
NIOBTv3_g03882	Solyc08g078520.3.1
NIOBTv3_g60862	Solyc09g089505.1.1
NIOBTv3_g00534	Solyc11g010920.2.1
NIOBTv3_g16459	Solyc08g008360.2.1
NIOBTv3_g01014	Solyc08g080630.3.1
NIOBTv3_g35607	Solyc05g005150.1.1
NIOBTv3_g09640	Solyc06g008980.3.1
NIOBTv3_g07518	Solyc02g080330.3.1
NIOBTv3_g34987	Solyc04g077490.3.1
NIOBTv3_g22333	Solyc08g006790.3.1
NIOBTv3_g42117	Solyc05g006160.3.1
NIOBTv3_g37797	Solyc01g006320.3.1
NIOBTv3_g16267	Solyc02g079330.3.1
NIOBTv3_g04727	Solyc08g082070.3.1
NIOBTv3_g29376	Solyc03g119590.1.1
NIOBTv3_g31405	Solyc06g007170.3.1
NIOBTv3_g21568	Solyc04g072310.3.1
NIOBTv3_g05123	Solyc09g007260.3.1
NIOBTv3_g56767	Solyc12g005400.2.1
NIOBTv3_g00994	Solyc12g099400.2.1
NIOBTv3_g21191	Solyc01g111980.3.1
NIOBTv3_g13068	Solyc06g054310.1.1
NIOBTv3_g65274	Solyc03g117560.3.1
NIOBTv3_g28032	Solyc12g044320.2.1
NIOBTv3_g15109	Solyc09g011860.3.1
NIOBTv3_g23691	Solyc07g006170.3.1
NIOBTv3_g05628	Solyc02g084990.3.1
NIOBTv3_g03202	Solyc07g054220.1.1
NIOBTv3_g37339	Solyc08g081453.1.1
NIOBTv3_g07686	Solyc10g005360.3.1
NIOBTv3_g19850	Solyc05g015840.3.1
NIOBTv3_g15269	Solyc04g016430.3.1
NIOBTv3_g16075-D2	Solyc01g095180.2.1
NIOBTv3_g27559	Solyc09g007920.3.1
NIOBTv3_g61325	Solyc06g007180.3.1
NIOBTv3_g03685	Solyc12g008530.2.1
NIOBTv3_g00102	Solyc02g093180.3.1
NIOBTv3_g31305-D2	Solyc03g111300.1.1
NIOBTv3_g10738	Solyc09g090090.2.1
NIOBTv3_g60060-D10	Solyc01g080600.3.1
NIOBTv3_g37940	Solyc07g052980.3.1
NIOBTv3_g28282	Solyc10g012080.3.1
NIOBTv3_g06578	Solyc07g014620.1.1
NIOBTv3_g14971	Solyc09g074470.3.1
NIOBTv3_g26583	Solyc03g097920.1.1
NIOBTv3_g10293	Solyc09g075420.3.1
NIOBTv3_g03751	Solyc02g067680.1.1
NIOBTv3_g30679	Solyc03g113720.3.1
NIOBTv3_g26736	Solyc07g056000.2.1
NIOBTv3_g12317-D2	Solyc01g067360.3.1
NIOBTv3_g04522	Solyc02g064980.1.1
NIOBTv3_g25875	Solyc08g036660.3.1
NIOBTv3_g58705	Solyc12g096800.1.1
NIOBTv3_g37174	Solyc05g008370.1.1
NIOBTv3_g39997	Solyc05g007180.3.1
NIOBTv3_g25875	Solyc08g036660.3.1
NIOBTv3_g12793	Solyc06g072810.3.1
NIOBTv3_g03165	Solyc11g010620.2.1
NIOBTv3_g17366	Solyc03g007240.3.1
NIOBTv3_g29370	Solyc01g097070.3.1
NIOBTv3_g16641	Solyc01g010970.3.1
NIOBTv3_g38808	Solyc02g078040.3.1
NIOBTv3_g12383	Solyc02g069210.3.1
NIOBTv3_g30397	Solyc07g040960.1.1
NIOBTv3_g20630	Solyc06g073540.3.1
NIOBTv3_g28701	Solyc05g011970.3.1
NIOBTv3_g27652	Solyc06g076930.2.1
NIOBTv3_g22809	Solyc00g009040.3.1
NIOBTv3_g23290	Solyc04g058170.1.1
NIOBTv3_g14876	Solyc07g053330.2.1
NIOBTv3_g38808-D2	Solyc02g078040.3.1
NIOBTv3_g18992	Solyc01g096810.3.1
NIOBTv3_g26465	Solyc12g013960.2.1
NIOBTv3_g29141	Solyc01g086810.2.1
NIOBTv3_g14428	Solyc04g054800.3.1
NIOBTv3_g29593	Solyc09g091700.3.1
NIOBTv3_g35151	Solyc02g067320.2.1
NIOBTv3_g10710	Solyc02g063350.1.1
NIOBTv3_g13660	Solyc02g081190.3.1
NIOBTv3_g21564	Solyc12g056820.2.1
NIOBTv3_g10272	Solyc02g069090.2.1
NIOBTv3_g40245-D5	Solyc07g006380.3.1
NIOBTv3_g32709	Solyc01g073910.3.1
NIOBTv3_g60862	Solyc09g089505.1.1
NIOBTv3_g38968	Solyc04g082840.3.1
NIOBTv3_g07434	Solyc08g060970.3.1
NIOBTv3_g33968	Solyc06g075780.2.1
NIOBTv3_g11968	Solyc07g042580.3.1
NIOBTv3_g10090	Solyc12g009220.2.1
NIOBTv3_g05336	Solyc00g050430.3.1
NIOBTv3_g15361	Solyc04g064760.3.1
NIOBTv3_g08097	Solyc01g109120.3.1
NIOBTv3_g23176	Solyc01g095620.3.1
NIOBTv3_g38108	Solyc02g089550.3.1
NIOBTv3_g11799	Solyc09g072700.3.1
NIOBTv3_g30375	Solyc04g080550.3.1
NIOBTv3_g31908	Solyc02g068400.3.1
NIOBTv3_g38992	Solyc03g121060.3.1
NIOBTv3_g11985	Solyc12g096710.2.1
NIOBTv3_g38833	Solyc02g079920.3.1
NIOBTv3_g64990	Solyc11g066160.1.1
NIOBTv3_g09951	Solyc11g071730.2.1
NIOBTv3_g01090	Solyc09g083080.3.1
NIOBTv3_g64990	Solyc11g066160.1.1
NIOBTv3_g04606	Solyc10g008210.3.1
NIOBTv3_g00744	Solyc10g078370.2.1
NIOBTv3_g07537	Solyc11g071640.2.1
NIOBTv3_g06469	Solyc03g093310.3.1
NIOBTv3_g23443	Solyc04g083140.2.1
NIOBTv3_g11818	Solyc01g106750.2.1
NIOBTv3_g16252	Solyc10g083510.2.1
NIOBTv3_g20840	Solyc03g120980.3.1
NIOBTv3_g30585	Solyc12g019320.2.1
NIOBTv3_g16471	Solyc09g057680.3.1
NIOBTv3_g23211-D2	Solyc08g082890.3.1
NIOBTv3_g23482	Solyc06g068460.3.1
NIOBTv3_g40823-D7	Solyc03g071620.1.1
NIOBTv3_g32174	Solyc03g122340.3.1
NIOBTv3_g14361	Solyc02g070890.3.1
NIOBTv3_g32144	Solyc04g008850.1.1
NIOBTv3_g17218	Solyc04g078140.3.1
NIOBTv3_g04390	Solyc02g071930.1.1
NIOBTv3_g37738	Solyc02g014740.2.1
NIOBTv3_g10035	Solyc06g076850.3.1
NIOBTv3_g28262	Solyc08g078340.3.1
NIOBTv3_g19200	Solyc02g085430.3.1
NIOBTv3_g04905	Solyc01g110370.3.1
NIOBTv3_g10359	Solyc03g098730.1.1
NIOBTv3_g25968	Solyc11g006040.2.1
NIOBTv3_g25266	Solyc10g084970.2.1
NIOBTv3_g14436	Solyc06g064840.3.1
NIOBTv3_g26231	Solyc07g062070.3.1
NIOBTv3_g37011	Solyc04g064550.1.1
NIOBTv3_g40482	Solyc03g117870.3.1
NIOBTv3_g17411	Solyc02g085500.3.1
NIOBTv3_g03225	Solyc06g007770.3.1
NIOBTv3_g14765-D3	Solyc10g078360.2.1
NIOBTv3_g22277	Solyc09g015770.3.1
NIOBTv3_g40779	Solyc06g051960.3.1
NIOBTv3_g00174	Solyc06g073760.3.1
NIOBTv3_g41461	Solyc04g077980.1.1
NIOBTv3_g18736	Solyc06g066170.3.1
NIOBTv3_g15853	Solyc01g091920.2.1
NIOBTv3_g33607	Solyc01g105500.3.1
NIOBTv3_g40745	Solyc05g006220.3.1
NIOBTv3_g07553	Solyc04g040220.3.1
NIOBTv3_g28747	Solyc04g080790.3.1
NIOBTv3_g24186	Solyc08g083210.3.1
NIOBTv3_g00277	Solyc07g053700.3.1
NIOBTv3_g35766	Solyc09g065100.2.1
NIOBTv3_g24411	Solyc03g063650.1.1
NIOBTv3_g10445	Solyc01g098720.3.1
NIOBTv3_g19551	Solyc10g085670.2.1
NIOBTv3_g01824	Solyc09g082860.3.1
NIOBTv3_g09169	Solyc06g048930.3.1
NIOBTv3_g07627	Solyc02g087980.3.1
NIOBTv3_g60060-D10	Solyc01g080600.3.1
NIOBTv3_g43176	Solyc02g080400.2.1
NIOBTv3_g21160	Solyc02g065180.3.1
NIOBTv3_g12440	Solyc07g005840.2.1
NIOBTv3_g06513	Solyc03g123590.3.1
NIOBTv3_g31854	Solyc07g053550.2.1
NIOBTv3_g00099	Solyc02g093150.3.1
NIOBTv3_g31308	Solyc04g007620.1.1
NIOBTv3_g39411	Solyc02g081250.2.1
NIOBTv3_g01014	Solyc08g080630.3.1
NIOBTv3_g18029	Solyc07g040960.1.1
NIOBTv3_g37228	Solyc02g062690.3.1
NIOBTv3_g28544	Solyc09g009220.3.1
NIOBTv3_g25649	Solyc02g084890.2.1
NIOBTv3_g32979	Solyc04g050440.3.1
NIOBTv3_g04602	Solyc02g093270.3.1
NIOBTv3_g27780	Solyc01g007260.3.1
NIOBTv3_g06415	Solyc09g082500.3.1
NIOBTv3_g21799	Solyc02g085140.3.1
NIOBTv3_g13034	Solyc04g083160.2.1
NIOBTv3_g23602	Solyc11g010250.1.1
NIOBTv3_g39725	Solyc07g007860.1.1
NIOBTv3_g22037	Solyc07g045350.3.1
NIOBTv3_g13025	Solyc02g062100.3.1
NIOBTv3_g10978	Solyc08g066050.3.1
NIOBTv3_g11379	Solyc07g041900.3.1
NIOBTv3_g17181	Solyc06g084820.2.1
NIOBTv3_g02893	Solyc02g084240.3.1
NIOBTv3_g08832	Solyc02g084590.3.1
NIOBTv3_g27117	Solyc11g008830.2.1
NIOBTv3_g10152	Solyc09g075020.3.1
NIOBTv3_g24590	Solyc01g101130.3.1
NIOBTv3_g20134-D2	Solyc07g054300.3.1
NIOBTv3_g16288	Solyc02g081690.1.1
NIOBTv3_g31763	Solyc12g056450.2.1
NIOBTv3_g29055	Solyc11g073250.2.1
NIOBTv3_g37738	Solyc02g014740.2.1
NIOBTv3_g35888	Solyc01g081600.3.1
NIOBTv3_g14135	Solyc06g071150.3.1
NIOBTv3_g12764	Solyc01g111220.3.1
NIOBTv3_g01499	Solyc09g075900.3.1
NIOBTv3_g23966	Solyc02g069560.3.1
NIOBTv3_g09679	Solyc07g017220.3.1
NIOBTv3_g07230	Solyc04g008290.3.1
NIOBTv3_g34012	Solyc03g019690.1.1
NIOBTv3_g07905	Solyc08g077020.1.1
NIOBTv3_g02870	Solyc09g098440.3.1
NIOBTv3_g28129	Solyc10g084950.2.1
NIOBTv3_g11556	Solyc12g098630.2.1
NIOBTv3_g28758	Solyc04g079250.3.1
NIOBTv3_g26300	Solyc04g074990.3.1
NIOBTv3_g33480	Solyc01g096840.3.1
NIOBTv3_g32071	Solyc04g074950.3.1
NIOBTv3_g33078	Solyc07g052770.2.1
NIOBTv3_g01329	Solyc05g009650.3.1
NIOBTv3_g25875	Solyc08g036660.3.1
NIOBTv3_g12089	Solyc02g090430.3.1
NIOBTv3_g01753	Solyc10g006430.2.1
NIOBTv3_g18952	Solyc02g090400.3.1
NIOBTv3_g40617	Solyc02g024050.3.1
NIOBTv3_g24239	Solyc08g014280.3.1
NIOBTv3_g12612	Solyc02g087440.3.1
NIOBTv3_g11023	Solyc04g079125.1.1
NIOBTv3_g01601	Solyc05g005710.3.1
NIOBTv3_g34824	Solyc07g007590.1.1
NIOBTv3_g42166	Solyc03g119980.3.1
NIOBTv3_g03930	Solyc09g008530.2.1
NIOBTv3_g15849	Solyc01g093965.1.1
NIOBTv3_g08770	Solyc01g009340.3.1
NIOBTv3_g41379	Solyc04g078190.3.1
NIOBTv3_g26804	Solyc10g050470.2.1
NIOBTv3_g15377	Solyc06g083470.3.1
NIOBTv3_g27260	Solyc05g056140.3.1
NIOBTv3_g38001	Solyc02g093090.1.1
NIOBTv3_g10746	Solyc02g088830.3.1
NIOBTv3_g31285	Solyc04g074770.2.1
NIOBTv3_g08553	Solyc11g066350.2.1
NIOBTv3_g28053	Solyc07g062810.3.1
NIOBTv3_g20341	Solyc10g006820.3.1
NIOBTv3_g01729	Solyc01g108400.3.1
NIOBTv3_g04621	Solyc04g016180.3.1
NIOBTv3_g19654	Solyc04g071500.3.1
NIOBTv3_g21656-D2	Solyc03g093080.3.1
NIOBTv3_g01107	Solyc07g065490.3.1
NIOBTv3_g01107	Solyc07g065490.3.1
NIOBTv3_g62615	Solyc09g059240.3.1
NIOBTv3_g31305-D2	Solyc03g111300.1.1
NIOBTv3_g62359	Solyc05g009480.1.1
NIOBTv3_g14827	Solyc04g078310.3.1
NIOBTv3_g31417	Solyc07g055730.3.1
NIOBTv3_g04158	Solyc09g098340.3.1
NIOBTv3_g27696	Solyc08g008610.3.1
NIOBTv3_g00529	Solyc11g010850.2.1
NIOBTv3_g40029	Solyc11g061960.2.1
NIOBTv3_g21656-D2	Solyc03g093080.3.1
NIOBTv3_g60060-D10	Solyc01g080600.3.1
NIOBTv3_g20195	Solyc09g091880.3.1
NIOBTv3_g27005	Solyc03g117010.3.1
NIOBTv3_g41445	Solyc08g081480.3.1
NIOBTv3_g06622	Solyc01g107260.3.1
NIOBTv3_g28660	Solyc08g059710.3.1
NIOBTv3_g19887	Solyc09g010230.2.1
NIOBTv3_g10848	Solyc11g072600.2.1
NIOBTv3_g28740	Solyc12g088040.2.1
NIOBTv3_g09088	Solyc11g066500.2.1
NIOBTv3_g04341	Solyc05g006550.3.1
NIOBTv3_g31421	Solyc09g010060.3.1
NIOBTv3_g26254	Solyc05g051500.3.1
NIOBTv3_g28149	Solyc11g012060.1.1
NIOBTv3_g10261	Solyc06g061010.3.1
NIOBTv3_g03659	Solyc11g065770.1.1
NIOBTv3_g32894	Solyc12g014010.2.1
NIOBTv3_g05697	Solyc03g096050.3.1
NIOBTv3_g07451	Solyc08g007790.3.1
NIOBTv3_g02008-D2	Solyc12g015800.2.1
NIOBTv3_g17411	Solyc02g085500.3.1
NIOBTv3_g15981	Solyc04g015580.3.1
NIOBTv3_g28774	Solyc12g049300.2.1
NIOBTv3_g05661	Solyc08g006240.2.1
NIOBTv3_g16367	Solyc04g077690.2.1
NIOBTv3_g14175	Solyc08g007570.3.1
NIOBTv3_g39253	Solyc06g082080.3.1
NIOBTv3_g12660	Solyc05g007760.1.1
NIOBTv3_g12844	Solyc03g098060.2.1
NIOBTv3_g16267	Solyc02g079330.3.1
NIOBTv3_g10130	Solyc09g014990.3.1
NIOBTv3_g22050	Solyc10g084150.2.1
NIOBTv3_g08704	Solyc03g118450.1.1
NIOBTv3_g03342	Solyc02g091370.2.1
NIOBTv3_g37829	Solyc03g061620.1.1
NIOBTv3_g25298	Solyc10g085740.2.1
NIOBTv3_g11537	Solyc04g077830.2.1
NIOBTv3_g35596	Solyc01g098140.3.1
NIOBTv3_g17950	Solyc07g045010.3.1
NIOBTv3_g26733	Solyc06g072830.3.1
NIOBTv3_g30136	Solyc03g096800.3.1
NIOBTv3_g23510	Solyc06g060360.3.1
NIOBTv3_g23705	Solyc03g118870.3.1
NIOBTv3_g38663	Solyc10g085070.2.1
NIOBTv3_g15358	Solyc04g064740.3.1
NIOBTv3_g08218	Solyc11g065190.2.1
NIOBTv3_g63260	Solyc08g078190.1.1
NIOBTv3_g32343	Solyc12g010730.2.1
NIOBTv3_g08717	Solyc05g014270.3.1
NIOBTv3_g01507	Solyc04g080490.3.1
NIOBTv3_g20520	Solyc05g005060.3.1
NIOBTv3_g25977	Solyc03g058910.3.1
NIOBTv3_g23730	Solyc07g006110.3.1
NIOBTv3_g04750	Solyc06g074040.1.1
NIOBTv3_g16286	Solyc11g020990.2.1
NIOBTv3_g36951	Solyc10g076660.2.1
NIOBTv3_g27947	Solyc06g067980.3.1
NIOBTv3_g60442	Solyc10g078990.1.1
NIOBTv3_g34792	Solyc01g099270.2.1
NIOBTv3_g08364	Solyc07g041660.3.1
NIOBTv3_g27800-D2	Solyc08g082160.3.1
NIOBTv3_g26409	Solyc08g074620.3.1
NIOBTv3_g35748	Solyc07g042560.3.1
NIOBTv3_g19781	Solyc06g049020.1.1
NIOBTv3_g31246	Solyc09g008380.3.1
NIOBTv3_g27380	Solyc05g005000.3.1
NIOBTv3_g00510	Solyc11g006950.2.1
NIOBTv3_g32085	Solyc04g078690.3.1
NIOBTv3_g06196	Solyc01g017600.3.1
NIOBTv3_g36599	Solyc01g087200.3.1
NIOBTv3_g14858	Solyc11g017130.2.1
NIOBTv3_g16083	Solyc01g095240.3.1
NIOBTv3_g02771	Solyc09g008080.3.1
NIOBTv3_g07218	Solyc02g079870.3.1
NIOBTv3_g33535	Solyc03g121680.2.1
NIOBTv3_g21555	Solyc01g080380.3.1
NIOBTv3_g04270	Solyc08g066840.3.1
NIOBTv3_g08832	Solyc02g084590.3.1
NIOBTv3_g19523	Solyc03g070440.3.1
NIOBTv3_g30081	Solyc03g113860.2.1
NIOBTv3_g10671	Solyc04g071030.1.1
NIOBTv3_g21144	Solyc06g075640.2.1
NIOBTv3_g10329	Solyc04g079730.1.1
NIOBTv3_g08046	Solyc11g065920.2.1
NIOBTv3_g32562-D2	Solyc06g084090.3.1
NIOBTv3_g13414	Solyc03g006490.3.1
NIOBTv3_g25829	Solyc03g025790.3.1
NIOBTv3_g05888-D3	Solyc10g085020.2.1
NIOBTv3_g26197	Solyc03g122190.3.1
NIOBTv3_g30936	Solyc03g120470.3.1
NIOBTv3_g23179	Solyc08g078650.3.1
NIOBTv3_g04059	Solyc07g038160.3.1
NIOBTv3_g28610	Solyc07g055180.3.1
NIOBTv3_g06631	Solyc03g121760.3.1
NIOBTv3_g28159	Solyc01g105435.1.1
NIOBTv3_g06523-D2	Solyc02g077000.3.1
NIOBTv3_g20686	Solyc12g096820.1.1
NIOBTv3_g18664	Solyc09g014380.3.1
NIOBTv3_g29774	Solyc01g112000.3.1
NIOBTv3_g63317	Solyc01g109430.3.1
NIOBTv3_g22536	Solyc04g008910.2.1
NIOBTv3_g33949	Solyc10g078330.2.1
NIOBTv3_g11507	Solyc01g006100.3.1
NIOBTv3_g24145	Solyc05g009230.2.1
NIOBTv3_g36055	Solyc03g097820.2.1
NIOBTv3_g02685	Solyc12g088050.2.1
NIOBTv3_g22076	Solyc08g075030.3.1
NIOBTv3_g11570	Solyc02g083310.3.1
NIOBTv3_g08609	Solyc02g069630.3.1
NIOBTv3_g24404	Solyc02g065220.3.1
NIOBTv3_g30436	Solyc03g117270.1.1
NIOBTv3_g18582	Solyc09g010810.3.1
NIOBTv3_g02590	Solyc09g083360.3.1
NIOBTv3_g36962	Solyc06g068360.3.1
NIOBTv3_g31174	Solyc02g079220.3.1
NIOBTv3_g61331	Solyc02g077250.2.1
NIOBTv3_g25360	Solyc01g109610.3.1
NIOBTv3_g07336	Solyc07g020800.3.1
NIOBTv3_g37597	Solyc02g036370.3.1
NIOBTv3_g02499	Solyc07g053820.3.1
NIOBTv3_g02420	Solyc09g090350.3.1
NIOBTv3_g14463	Solyc03g115050.3.1
NIOBTv3_g10155	Solyc07g066540.1.1
NIOBTv3_g16156	Solyc12g088220.2.1
NIOBTv3_g41560-D2	Solyc10g005480.3.1
NIOBTv3_g03126	Solyc02g090490.3.1
NIOBTv3_g13685	Solyc03g082470.3.1
NIOBTv3_g36359	Solyc12g088890.2.1
NIOBTv3_g09323	Solyc09g090730.2.1
NIOBTv3_g36897	Solyc02g093430.3.1
NIOBTv3_g07000	Solyc02g093860.3.1
NIOBTv3_g26356	Solyc02g067760.3.1
NIOBTv3_g32572	Solyc03g117730.3.1
NIOBTv3_g35288	Solyc02g071520.3.1
NIOBTv3_g06606	Solyc06g072730.3.1
NIOBTv3_g37168	Solyc01g008530.3.1
NIOBTv3_g15925	Solyc02g077090.3.1
NIOBTv3_g11151	Solyc08g006550.3.1
NIOBTv3_g38969	Solyc04g082830.3.1
NIOBTv3_g41631	Solyc09g009540.3.1
NIOBTv3_g12686	Solyc12g049350.2.1
NIOBTv3_g10384	Solyc02g088460.3.1
NIOBTv3_g14433	Solyc06g064820.3.1
NIOBTv3_g12228	Solyc03g119110.3.1
NIOBTv3_g15003	Solyc03g025470.3.1
NIOBTv3_g14564	Solyc01g066430.3.1
NIOBTv3_g38013	Solyc07g008600.1.1
NIOBTv3_g31408	Solyc07g056160.3.1
NIOBTv3_g60360	Solyc11g056370.1.1
NIOBTv3_g04007	Solyc04g071770.3.1
NIOBTv3_g19190	Solyc12g057080.2.1
NIOBTv3_g18781-D2	Solyc09g090980.3.1
NIOBTv3_g01053	Solyc02g069630.3.1
NIOBTv3_g03003	Solyc09g090680.3.1
NIOBTv3_g16270	Solyc02g079360.2.1
NIOBTv3_g38776	Solyc08g075710.3.1
NIOBTv3_g13325	Solyc02g071740.3.1
NIOBTv3_g09694	Solyc10g084290.2.1
NIOBTv3_g39562	Solyc05g015800.3.1
NIOBTv3_g38598	Solyc12g096250.2.1
NIOBTv3_g14164	Solyc05g005240.2.1
NIOBTv3_g06498	Solyc06g070960.2.1
NIOBTv3_g41425	Solyc10g008930.1.1
NIOBTv3_g56711	Solyc06g074390.3.1
NIOBTv3_g15720	Solyc01g102980.3.1
NIOBTv3_g38724	Solyc03g120450.3.1
NIOBTv3_g23823	Solyc08g063040.3.1
NIOBTv3_g40080	Solyc02g069910.2.1
NIOBTv3_g31802	Solyc03g080180.3.1
NIOBTv3_g19840	Solyc11g010710.2.1
NIOBTv3_g03495	Solyc05g007230.3.1
NIOBTv3_g22784	Solyc02g082120.3.1
NIOBTv3_g01827	Solyc06g005500.3.1
NIOBTv3_g39186	Solyc11g008200.1.1
NIOBTv3_g00193	Solyc01g095640.2.1
NIOBTv3_g06119	Solyc01g108670.3.1
NIOBTv3_g19368	Solyc11g006430.1.1
NIOBTv3_g40108	Solyc04g072070.3.1
NIOBTv3_g36482	Solyc03g118480.3.1
NIOBTv3_g10900	Solyc05g015490.3.1
NIOBTv3_g28164	Solyc10g007190.2.1
NIOBTv3_g33068	Solyc06g066750.3.1
NIOBTv3_g26482	Solyc03g006770.3.1
NIOBTv3_g01370	Solyc01g094840.3.1
NIOBTv3_g23398	Solyc01g107590.3.1
NIOBTv3_g22050	Solyc10g084150.2.1
NIOBTv3_g23404	Solyc01g107650.3.1
NIOBTv3_g13318	Solyc11g013220.2.1
NIOBTv3_g24278	Solyc06g005850.3.1
NIOBTv3_g15342	Solyc07g006500.3.1
NIOBTv3_g10218	Solyc10g047050.2.1
NIOBTv3_g31013	Solyc02g032550.2.1
NIOBTv3_g29247	Solyc12g010420.1.1
NIOBTv3_g14882	Solyc10g080420.2.1
NIOBTv3_g07643	Solyc01g068250.2.1
NIOBTv3_g25535	Solyc05g052280.3.1
NIOBTv3_g15209	Solyc10g076830.2.1
NIOBTv3_g38029	Solyc05g008860.3.1
NIOBTv3_g30086	Solyc03g113870.1.1
NIOBTv3_g60352-D2	Solyc03g115920.3.1
NIOBTv3_g33006	Solyc08g079600.3.1
NIOBTv3_g07974	Solyc11g069430.2.1
NIOBTv3_g01359	Solyc05g009610.1.1
NIOBTv3_g37560	Solyc05g005810.3.1
NIOBTv3_g08622	Solyc04g078770.3.1
NIOBTv3_g27496	Solyc03g032110.2.1
NIOBTv3_g04260	Solyc06g084450.3.1
NIOBTv3_g31994-D2	Solyc04g011400.3.1
NIOBTv3_g42295	Solyc05g055960.1.1
NIOBTv3_g16111	Solyc06g062800.3.1
NIOBTv3_g25318	Solyc12g006050.2.1
NIOBTv3_g12623	Solyc07g054850.3.1
NIOBTv3_g12851	Solyc05g023680.3.1
NIOBTv3_g01209	Solyc09g098030.3.1
NIOBTv3_g01791	Solyc08g065870.3.1
NIOBTv3_g03302	Solyc09g011330.2.1
NIOBTv3_g26409	Solyc08g074620.3.1
NIOBTv3_g03347	Solyc03g025460.3.1
NIOBTv3_g20578	Solyc01g109750.2.1
NIOBTv3_g32319	Solyc08g006100.3.1
NIOBTv3_g38972	Solyc12g056300.2.1
NIOBTv3_g30421	Solyc07g045450.1.1
NIOBTv3_g00741	Solyc10g078380.2.1
NIOBTv3_g19373	Solyc06g075510.3.1
NIOBTv3_g35403	Solyc04g071660.3.1
NIOBTv3_g14057	Solyc01g006380.2.1
NIOBTv3_g01583	Solyc12g008740.1.1
NIOBTv3_g39450	Solyc02g077390.2.1
NIOBTv3_g01875	Solyc09g011690.3.1
NIOBTv3_g02269	Solyc09g009580.3.1
NIOBTv3_g19820	Solyc08g076350.3.1
NIOBTv3_g15741	Solyc01g007800.3.1
NIOBTv3_g03524	Solyc05g013810.3.1
NIOBTv3_g00963	Solyc08g042010.3.1
NIOBTv3_g56195	Solyc04g015030.3.1
NIOBTv3_g21943	Solyc03g033540.3.1
NIOBTv3_g15849	Solyc01g093965.1.1
NIOBTv3_g19050	Solyc04g025650.3.1
NIOBTv3_g08106	Solyc01g108240.3.1
NIOBTv3_g10745	Solyc02g088820.3.1
NIOBTv3_g20134-D2	Solyc07g054300.3.1
NIOBTv3_g05733	Solyc03g043870.3.1
NIOBTv3_g33609	Solyc02g062800.2.1
NIOBTv3_g38983	Solyc03g013160.3.1
NIOBTv3_g28705	Solyc01g091000.3.1
NIOBTv3_g22884	Solyc04g007320.2.1
NIOBTv3_g64990	Solyc11g066160.1.1
NIOBTv3_g27880	Solyc11g040330.2.1
NIOBTv3_g22443	Solyc02g072240.3.1
NIOBTv3_g03029	Solyc11g073200.2.1
NIOBTv3_g01792	Solyc08g065880.3.1
NIOBTv3_g13622	Solyc02g071880.3.1
NIOBTv3_g31156	Solyc12g042760.1.1
NIOBTv3_g01769	Solyc06g061230.3.1
NIOBTv3_g25543	Solyc07g063560.3.1
NIOBTv3_g40190	Solyc01g091540.2.1
NIOBTv3_g06483	Solyc06g073037.1.1
NIOBTv3_g38151	Solyc07g042520.3.1
NIOBTv3_g57231	Solyc00g023470.1.1
NIOBTv3_g38873	Solyc06g063085.1.1
NIOBTv3_g41574	Solyc10g007103.1.1
NIOBTv3_g02056	Solyc01g007170.3.1
NIOBTv3_g08101	Solyc04g008500.3.1
NIOBTv3_g22921	Solyc02g081120.3.1
NIOBTv3_g10974	Solyc03g120480.3.1
NIOBTv3_g17817	Solyc03g115380.2.1
NIOBTv3_g25692	Solyc06g074030.1.1
NIOBTv3_g20478	Solyc05g007980.3.1
NIOBTv3_g34058	Solyc11g007330.2.1
NIOBTv3_g36018	Solyc04g050730.3.1
NIOBTv3_g11365	Solyc08g076390.3.1
NIOBTv3_g22307	Solyc01g010150.3.1
NIOBTv3_g23079	Solyc01g091840.3.1
NIOBTv3_g10785	Solyc10g005700.3.1
NIOBTv3_g62584-D2	Solyc08g078070.3.1
NIOBTv3_g05008	Solyc07g045190.2.1
NIOBTv3_g00102	Solyc02g093180.3.1
NIOBTv3_g36367	Solyc11g067180.2.1
NIOBTv3_g00293	Solyc02g030460.2.1
NIOBTv3_g28718	Solyc07g054270.3.1
NIOBTv3_g04981	Solyc12g006790.2.1
NIOBTv3_g42295	Solyc05g055960.1.1
NIOBTv3_g12273	Solyc09g082550.3.1
NIOBTv3_g23774	Solyc04g074020.2.1
NIOBTv3_g22639	Solyc03g080075.1.1
NIOBTv3_g37302	Solyc01g091230.3.1
NIOBTv3_g06499	Solyc06g070950.2.1
NIOBTv3_g23395	Solyc06g050560.3.1
NIOBTv3_g04626	Solyc04g016080.2.1
NIOBTv3_g08755	Solyc03g020050.3.1
NIOBTv3_g16654	Solyc06g065630.3.1
NIOBTv3_g17867	Solyc11g008440.2.1
NIOBTv3_g07555	Solyc11g069540.2.1
NIOBTv3_g11448	Solyc11g066580.2.1
NIOBTv3_g25058	Solyc06g061080.3.1
NIOBTv3_g32491	Solyc05g013690.3.1
NIOBTv3_g31985	Solyc06g005000.3.1
NIOBTv3_g22480	Solyc01g105370.3.1
NIOBTv3_g07241	Solyc04g080710.3.1
NIOBTv3_g34080	Solyc10g006400.3.1
NIOBTv3_g26376	Solyc04g072920.3.1
NIOBTv3_g17858	Solyc10g079730.2.1
NIOBTv3_g40172	Solyc11g008700.2.1
NIOBTv3_g35939	Solyc01g109270.3.1
NIOBTv3_g00293	Solyc02g030460.2.1
NIOBTv3_g14229	Solyc07g008560.3.1
NIOBTv3_g38100	Solyc06g075610.1.1
NIOBTv3_g03646	Solyc02g067040.3.1
NIOBTv3_g05486-D2	Solyc09g011960.2.1
NIOBTv3_g36128	Solyc09g072820.3.1
NIOBTv3_g32848	Solyc03g120910.3.1
NIOBTv3_g16726	Solyc05g014710.3.1
NIOBTv3_g12042	Solyc05g052530.2.1
NIOBTv3_g08263	Solyc08g081810.3.1
NIOBTv3_g00228	Solyc06g082830.3.1
NIOBTv3_g28632	Solyc11g069250.2.1
NIOBTv3_g04572	Solyc09g009700.3.1
NIOBTv3_g20104	Solyc10g007100.3.1
NIOBTv3_g09431	Solyc10g008450.1.1
NIOBTv3_g06416	Solyc09g082490.3.1
NIOBTv3_g22192	Solyc07g066010.3.1
NIOBTv3_g33903	Solyc12g008650.2.1
NIOBTv3_g12872	Solyc12g005640.2.1
NIOBTv3_g06226	Solyc01g098985.1.1
NIOBTv3_g64990	Solyc11g066160.1.1
NIOBTv3_g29046	Solyc01g106500.3.1
NIOBTv3_g12100	Solyc11g042880.2.1
NIOBTv3_g30422	Solyc04g054250.3.1
NIOBTv3_g06505	Solyc06g070900.3.1
NIOBTv3_g31691	Solyc02g072170.3.1
NIOBTv3_g31874	Solyc03g083010.3.1
NIOBTv3_g43217	Solyc04g074400.1.1
NIOBTv3_g29061	Solyc11g012290.2.1
NIOBTv3_g06312	Solyc01g009860.3.1
NIOBTv3_g21141	Solyc04g074830.1.1
NIOBTv3_g02780	Solyc09g008000.3.1
NIOBTv3_g15650	Solyc09g072610.3.1
NIOBTv3_g58705	Solyc12g096800.1.1
NIOBTv3_g63164	Solyc10g006480.2.1
NIOBTv3_g24269	Solyc03g005620.3.1
NIOBTv3_g35122	Solyc05g005010.3.1
NIOBTv3_g41278	Solyc08g068710.1.1
NIOBTv3_g25875	Solyc08g036660.3.1
NIOBTv3_g05721	Solyc05g009420.1.1
NIOBTv3_g20777	Solyc07g049680.3.1
NIOBTv3_g38307	Solyc04g074820.2.1
NIOBTv3_g06998	Solyc02g093870.3.1
NIOBTv3_g33797	Solyc02g085600.1.1
NIOBTv3_g23684	Solyc03g096890.2.1
NIOBTv3_g23823	Solyc08g063040.3.1
NIOBTv3_g35201	Solyc01g109700.3.1
NIOBTv3_g06461	Solyc06g075020.3.1
NIOBTv3_g28952	Solyc03g083900.3.1
NIOBTv3_g11012	Solyc12g007100.2.1
NIOBTv3_g09303	Solyc07g049370.2.1
NIOBTv3_g25442	Solyc02g071610.3.1
NIOBTv3_g34413	Solyc08g077450.3.1
NIOBTv3_g20322	Solyc02g072500.3.1
NIOBTv3_g15377	Solyc06g083470.3.1
NIOBTv3_g26956	Solyc06g060320.3.1
NIOBTv3_g16699	Solyc09g075060.3.1
NIOBTv3_g24728	Solyc07g063030.2.1
NIOBTv3_g40045	Solyc09g074550.3.1
NIOBTv3_g28700	Solyc05g011930.3.1
NIOBTv3_g19190	Solyc12g057080.2.1
NIOBTv3_g23211	Solyc08g008480.3.1
NIOBTv3_g24204	Solyc03g121870.3.1
NIOBTv3_g64813-D2	Solyc07g009020.2.1
NIOBTv3_g40661	Solyc04g007500.1.1
NIOBTv3_g24009	Solyc02g067700.1.1
NIOBTv3_g12675	Solyc02g093760.3.1
NIOBTv3_g25271	Solyc03g044090.3.1
NIOBTv3_g03126	Solyc02g090490.3.1
NIOBTv3_g02869	Solyc09g098420.2.1
NIOBTv3_g37045	Solyc08g043140.3.1
NIOBTv3_g41853	Solyc01g058720.3.1
NIOBTv3_g26876	Solyc11g072280.2.1
NIOBTv3_g31344	Solyc12g098200.2.1
NIOBTv3_g36739	Solyc03g093690.3.1
NIOBTv3_g13624	Solyc02g071820.3.1
NIOBTv3_g27627-D2	Solyc06g005560.3.1
NIOBTv3_g23344	Solyc06g071480.3.1
NIOBTv3_g40398-D2	Solyc08g080090.3.1
NIOBTv3_g22291	Solyc04g051820.3.1
NIOBTv3_g58705	Solyc12g096800.1.1
NIOBTv3_g27985	Solyc02g090390.3.1
NIOBTv3_g28744	Solyc10g006130.1.1
NIOBTv3_g35800	Solyc10g006440.3.1
NIOBTv3_g07415	Solyc07g053300.1.1
NIOBTv3_g16173	Solyc02g063330.3.1
NIOBTv3_g24883	Solyc06g048850.3.1
NIOBTv3_g17085	Solyc06g083030.3.1
NIOBTv3_g09829	Solyc04g082900.3.1
NIOBTv3_g29125	Solyc01g080790.3.1
NIOBTv3_g04644	Solyc02g081150.1.1
NIOBTv3_g13148	Solyc11g065360.2.1
NIOBTv3_g08357	Solyc07g041770.1.1
NIOBTv3_g23184	Solyc01g007200.2.1
NIOBTv3_g26356	Solyc02g067760.3.1
NIOBTv3_g08445	Solyc08g076370.3.1
NIOBTv3_g28238	Solyc11g073010.1.1
NIOBTv3_g28823	Solyc04g014690.3.1
NIOBTv3_g25123	Solyc05g055280.2.1
NIOBTv3_g26801	Solyc08g005870.2.1
NIOBTv3_g15525	Solyc01g105650.3.1
NIOBTv3_g19260	Solyc10g079910.2.1
NIOBTv3_g18410	Solyc09g015450.3.1
NIOBTv3_g23215	Solyc08g008410.3.1
NIOBTv3_g32459	Solyc08g048290.3.1
NIOBTv3_g15384	Solyc10g080540.2.1
NIOBTv3_g05934	Solyc01g110440.4.1
NIOBTv3_g31335	Solyc09g056360.3.1
NIOBTv3_g03023	Solyc11g073130.2.1
NIOBTv3_g18142	Solyc08g080180.1.1
NIOBTv3_g20893	Solyc02g090450.3.1
NIOBTv3_g31218	Solyc09g090630.2.1
NIOBTv3_g10199	Solyc08g067000.3.1
NIOBTv3_g34023	Solyc02g078130.3.1
NIOBTv3_g16863	Solyc07g055640.1.1
NIOBTv3_g33938	Solyc01g010250.3.1
NIOBTv3_g05891	Solyc06g006000.3.1
NIOBTv3_g05883	Solyc11g069210.2.1
NIOBTv3_g16394	Solyc01g087740.1.1
NIOBTv3_g17638	Solyc07g062120.3.1
NIOBTv3_g29632	Solyc01g096050.3.1
NIOBTv3_g33206	Solyc07g008100.3.1
NIOBTv3_g32703	Solyc07g008620.1.1
NIOBTv3_g25749	Solyc10g049600.2.1
NIOBTv3_g04190	Solyc08g075240.3.1
NIOBTv3_g30577-D3	Solyc10g079350.2.1
NIOBTv3_g16891	Solyc09g009210.3.1
NIOBTv3_g34847	Solyc11g065220.2.1
NIOBTv3_g04753	Solyc06g074040.1.1
NIOBTv3_g16394	Solyc01g087740.1.1
NIOBTv3_g13085	Solyc07g007610.2.1
NIOBTv3_g06907	Solyc01g106060.3.1
NIOBTv3_g29356	Solyc02g067850.2.1
NIOBTv3_g16956	Solyc10g081980.2.1
NIOBTv3_g08585	Solyc09g008200.3.1
NIOBTv3_g04928	Solyc10g078440.1.1
NIOBTv3_g27897	Solyc04g074320.2.1
NIOBTv3_g00201	Solyc06g007580.1.1
NIOBTv3_g11519	Solyc10g083220.2.1
NIOBTv3_g36636	Solyc01g098240.2.1
NIOBTv3_g27754	Solyc08g078180.1.1
NIOBTv3_g01686	Solyc02g068680.1.1
NIOBTv3_g12613	Solyc02g087450.3.1
NIOBTv3_g00688	Solyc09g091260.3.1
NIOBTv3_g60730	Solyc06g082420.3.1
NIOBTv3_g05007	Solyc12g006240.2.1
NIOBTv3_g40783	Solyc01g006680.3.1
NIOBTv3_g31391	Solyc10g055560.2.1
NIOBTv3_g19016	Solyc02g066980.1.1
NIOBTv3_g03121	Solyc05g005770.3.1
NIOBTv3_g38855	Solyc04g016200.1.1
NIOBTv3_g23634	Solyc10g086680.1.1
NIOBTv3_g18847	Solyc12g055970.2.1
NIOBTv3_g42212-D3	Solyc04g074410.2.1
NIOBTv3_g15961	Solyc04g080970.3.1
NIOBTv3_g19997	Solyc01g068500.3.1
NIOBTv3_g63234	Solyc01g068040.1.1
NIOBTv3_g04198	Solyc03g098450.3.1
NIOBTv3_g39488	Solyc11g011050.2.1
NIOBTv3_g13269	Solyc12g005250.2.1
NIOBTv3_g04658	Solyc12g057030.2.1
NIOBTv3_g13013	Solyc04g079930.3.1
NIOBTv3_g06123	Solyc01g108745.1.1
NIOBTv3_g20038	Solyc02g067970.3.1
NIOBTv3_g14017	Solyc03g115870.3.1
NIOBTv3_g28932	Solyc10g045380.2.1
NIOBTv3_g24986	Solyc02g089320.3.1
NIOBTv3_g16828	Solyc03g113880.3.1
NIOBTv3_g15198	Solyc04g077000.3.1
NIOBTv3_g23478	Solyc06g068500.3.1
NIOBTv3_g34542	Solyc12g088670.2.1
NIOBTv3_g37668	Solyc04g045650.3.1
NIOBTv3_g23480	Solyc06g068480.3.1
NIOBTv3_g24341	Solyc04g071890.3.1
NIOBTv3_g14557	Solyc06g062380.3.1
NIOBTv3_g37779	Solyc07g054580.3.1
NIOBTv3_g30540	Solyc09g009150.1.1
NIOBTv3_g15849	Solyc01g093965.1.1
NIOBTv3_g38493	Solyc03g116510.1.1
NIOBTv3_g34121	Solyc06g062670.3.1
NIOBTv3_g64001	Solyc12g062875.1.1
NIOBTv3_g03060	Solyc06g082390.3.1
NIOBTv3_g34126	Solyc07g063820.3.1
NIOBTv3_g19105	Solyc12g056010.2.1
NIOBTv3_g60935-D118	Solyc08g048470.2.1
NIOBTv3_g16286-D2	Solyc11g020990.2.1
NIOBTv3_g32660	Solyc02g080410.3.1
NIOBTv3_g06131	Solyc01g108910.3.1
NIOBTv3_g10019	Solyc03g113920.3.1
NIOBTv3_g33257-D2	Solyc02g069200.3.1
NIOBTv3_g22277	Solyc09g015770.3.1
NIOBTv3_g35014	Solyc09g074430.3.1
NIOBTv3_g10988	Solyc06g035700.1.1
NIOBTv3_g24032	Solyc03g113920.3.1
NIOBTv3_g12227	Solyc03g119100.2.1
NIOBTv3_g17004	Solyc06g083850.3.1
NIOBTv3_g40188	Solyc10g084770.2.1
NIOBTv3_g22076	Solyc08g075030.3.1
NIOBTv3_g23143-D3	Solyc00g179240.2.1
NIOBTv3_g19992	Solyc01g110310.3.1
NIOBTv3_g02603	Solyc09g083280.3.1
NIOBTv3_g02460	Solyc02g085630.3.1
NIOBTv3_g25372	Solyc08g075680.3.1
NIOBTv3_g07762	Solyc01g111590.3.1
NIOBTv3_g21000	Solyc02g062030.1.1
NIOBTv3_g42212-D2	Solyc04g074450.1.1
NIOBTv3_g35337	Solyc01g087060.3.1
NIOBTv3_g21794	Solyc03g031940.3.1
NIOBTv3_g16982	Solyc07g056570.1.1
NIOBTv3_g39590	Solyc06g065640.3.1
NIOBTv3_g19504	Solyc04g078210.2.1
NIOBTv3_g27813-D12	Solyc12g100010.1.1
NIOBTv3_g11408	Solyc09g076050.3.1
NIOBTv3_g18380	Solyc09g075480.3.1
NIOBTv3_g09592	Solyc04g040110.3.1
NIOBTv3_g07349	Solyc05g007870.2.1
NIOBTv3_g22477	Solyc01g105410.3.1
NIOBTv3_g34624	Solyc07g053400.1.1
NIOBTv3_g30114	Solyc09g064230.2.1
NIOBTv3_g21808	Solyc06g076710.2.1
NIOBTv3_g17101	Solyc08g078950.3.1
NIOBTv3_g12720	Solyc08g066880.3.1
NIOBTv3_g38968	Solyc04g082840.3.1
NIOBTv3_g25857	Solyc01g060415.1.1
NIOBTv3_g17971	Solyc06g007970.3.1
NIOBTv3_g34912	Solyc05g008250.2.1
NIOBTv3_g37458	Solyc06g009540.1.1
NIOBTv3_g02975	Solyc03g007775.1.1
NIOBTv3_g00520	Solyc04g005520.3.1
NIOBTv3_g01833	Solyc04g082430.3.1
NIOBTv3_g28474	Solyc04g064763.1.1
NIOBTv3_g26592	Solyc11g066520.2.1
NIOBTv3_g15019	Solyc10g076400.2.1
NIOBTv3_g40939	Solyc11g045230.2.1
NIOBTv3_g09955	Solyc03g119840.3.1
NIOBTv3_g41249	Solyc10g008780.1.1
NIOBTv3_g60862	Solyc09g089505.1.1
NIOBTv3_g00976-D2	Solyc06g069820.3.1
NIOBTv3_g08340	Solyc06g071280.3.1
NIOBTv3_g23486	Solyc04g009110.1.1
NIOBTv3_g37584	Solyc10g006660.3.1
NIOBTv3_g28985	Solyc01g111500.3.1
NIOBTv3_g10117	Solyc07g055110.3.1
NIOBTv3_g01213	Solyc07g065090.2.1
NIOBTv3_g26357	Solyc02g093590.3.1
NIOBTv3_g09700	Solyc02g064680.3.1
NIOBTv3_g25134	Solyc09g089930.2.1
NIOBTv3_g41582	Solyc06g006110.3.1
NIOBTv3_g25402-D14	Solyc10g009150.3.1
NIOBTv3_g15204	Solyc09g011820.3.1
NIOBTv3_g21774	Solyc12g088650.2.1
NIOBTv3_g30653	Solyc11g012240.1.1
NIOBTv3_g29570	Solyc08g082990.3.1
NIOBTv3_g60060	Solyc04g074580.1.1
NIOBTv3_g13110	Solyc10g079480.1.1
NIOBTv3_g21295	Solyc03g110900.3.1
NIOBTv3_g25248	Solyc03g006910.3.1
NIOBTv3_g32328	Solyc12g009590.2.1
NIOBTv3_g18148	Solyc07g053050.1.1
NIOBTv3_g35704	Solyc02g065340.2.1
NIOBTv3_g11567	Solyc09g090310.2.1
NIOBTv3_g34306	Solyc03g123890.3.1
NIOBTv3_g10073	Solyc07g005190.3.1
NIOBTv3_g57231	Solyc00g023470.1.1
NIOBTv3_g06196	Solyc01g017600.3.1
NIOBTv3_g26409	Solyc08g074620.3.1
NIOBTv3_g21743	Solyc03g081240.3.1
NIOBTv3_g29006	Solyc10g055370.2.1
NIOBTv3_g42295	Solyc05g055960.1.1
NIOBTv3_g27880	Solyc11g040330.2.1
NIOBTv3_g10185	Solyc10g049640.2.1
NIOBTv3_g30790	Solyc08g080080.3.1
NIOBTv3_g10258	Solyc00g100880.3.1
NIOBTv3_g20349	Solyc04g009040.3.1
NIOBTv3_g02788	Solyc03g112540.3.1
NIOBTv3_g38890	Solyc01g079530.3.1
NIOBTv3_g30532	Solyc05g008400.3.1
NIOBTv3_g03708	Solyc07g007290.1.1
NIOBTv3_g31897	Solyc06g082980.3.1
NIOBTv3_g14657	Solyc04g077740.1.1
NIOBTv3_g15658	Solyc09g072720.2.1
NIOBTv3_g19591	Solyc09g090130.3.1
NIOBTv3_g15232-D3	Solyc09g048990.3.1
NIOBTv3_g28564	Solyc10g005330.3.1
NIOBTv3_g31104	Solyc05g056230.3.1
NIOBTv3_g06383	Solyc02g078690.2.1
NIOBTv3_g18318	Solyc03g120950.3.1
NIOBTv3_g04970	Solyc11g032090.2.1
NIOBTv3_g03876	Solyc08g078460.3.1
NIOBTv3_g32016	Solyc04g074390.3.1
NIOBTv3_g29083	Solyc07g061720.3.1
NIOBTv3_g26576-D2	Solyc09g011740.3.1
NIOBTv3_g04424	Solyc07g054950.2.1
NIOBTv3_g24601	Solyc02g082260.3.1
NIOBTv3_g01509	Solyc12g089190.1.1
NIOBTv3_g41919	Solyc06g083900.3.1
NIOBTv3_g30959	Solyc01g102400.3.1
NIOBTv3_g43119	Solyc10g078370.2.1
NIOBTv3_g05189	Solyc05g056450.3.1
NIOBTv3_g26389	Solyc09g089590.1.1
NIOBTv3_g24774	Solyc08g081540.3.1
NIOBTv3_g28726	Solyc08g005240.2.1
NIOBTv3_g01248	Solyc03g113940.3.1
NIOBTv3_g40797	Solyc05g018230.3.1
NIOBTv3_g11076	Solyc05g014370.3.1
NIOBTv3_g00377	Solyc10g006310.3.1
NIOBTv3_g00536	Solyc11g010940.2.1
NIOBTv3_g27559	Solyc09g007920.3.1
NIOBTv3_g28552	Solyc01g079740.3.1
NIOBTv3_g30430	Solyc05g041910.3.1
NIOBTv3_g38762	Solyc11g007600.2.1
NIOBTv3_g12965	Solyc11g071760.3.1
NIOBTv3_g32126	Solyc07g005330.3.1
NIOBTv3_g20520	Solyc05g005060.3.1
NIOBTv3_g39300-D9	Solyc09g011640.4.1
NIOBTv3_g20605	Solyc10g005000.3.1
NIOBTv3_g23486	Solyc04g009110.1.1
NIOBTv3_g37208	Solyc12g094540.1.1
NIOBTv3_g15776	Solyc10g076180.1.1
NIOBTv3_g39264	Solyc09g092480.1.1
NIOBTv3_g02972	Solyc03g007790.3.1
NIOBTv3_g55534	Solyc03g058160.3.1
NIOBTv3_g20459	Solyc02g082430.3.1
NIOBTv3_g14151	Solyc04g054340.1.1
NIOBTv3_g22857	Solyc01g102840.3.1
NIOBTv3_g18415	Solyc03g006590.3.1
NIOBTv3_g14315	Solyc04g008230.3.1
NIOBTv3_g19062	Solyc01g079850.3.1
NIOBTv3_g13687	Solyc03g082480.3.1
NIOBTv3_g33245	Solyc12g088360.2.1
NIOBTv3_g58900-D13	Solyc07g066080.3.1
NIOBTv3_g08944	Solyc03g033610.1.1
NIOBTv3_g02542	Solyc09g007420.3.1
NIOBTv3_g29058	Solyc03g071620.1.1
NIOBTv3_g29666	Solyc02g021260.2.1
NIOBTv3_g39507	Solyc03g114500.3.1
NIOBTv3_g38865	Solyc03g112030.2.1
NIOBTv3_g04802	Solyc07g066350.1.1
NIOBTv3_g12880	Solyc08g006150.3.1
NIOBTv3_g41297	Solyc04g073940.3.1
NIOBTv3_g28726	Solyc08g005240.2.1
NIOBTv3_g20104	Solyc10g007100.3.1
NIOBTv3_g07621	Solyc10g006300.3.1
NIOBTv3_g24272	Solyc08g081790.2.1
NIOBTv3_g57887-D2	Solyc10g050160.2.1
NIOBTv3_g14428	Solyc04g054800.3.1
NIOBTv3_g05486	Solyc09g011960.2.1
NIOBTv3_g32746	Solyc05g055020.3.1
NIOBTv3_g18924-D2	Solyc01g108470.2.1
NIOBTv3_g09747	Solyc01g105180.3.1
NIOBTv3_g40740	Solyc02g092110.3.1
NIOBTv3_g16298	Solyc05g010710.2.1
NIOBTv3_g27184	Solyc04g050790.3.1
NIOBTv3_g32040	Solyc12g014110.2.1
NIOBTv3_g31626	Solyc01g087950.3.1
NIOBTv3_g13242	Solyc03g114210.3.1
NIOBTv3_g60060-D10	Solyc01g080600.3.1
NIOBTv3_g32181-D2	Solyc01g008610.3.1
NIOBTv3_g13622	Solyc02g071880.3.1
NIOBTv3_g06342-D2	Solyc08g081360.3.1
NIOBTv3_g41770	Solyc10g009290.1.1
NIOBTv3_g18102	Solyc05g050380.3.1
NIOBTv3_g02728	Solyc08g077200.3.1
NIOBTv3_g42212	Solyc04g074450.1.1
NIOBTv3_g00112	Solyc06g075690.3.1
NIOBTv3_g27997	Solyc10g055260.2.1
NIOBTv3_g32016	Solyc04g074390.3.1
NIOBTv3_g24905	Solyc10g087040.2.1
NIOBTv3_g04613	Solyc01g087850.2.1
NIOBTv3_g33354	Solyc06g065100.3.1
NIOBTv3_g31948	Solyc01g007870.3.1
NIOBTv3_g20949	Solyc10g084010.1.1
NIOBTv3_g34098	Solyc02g082450.3.1
NIOBTv3_g03690	Solyc05g013930.2.1
NIOBTv3_g08609	Solyc02g069630.3.1
NIOBTv3_g64990	Solyc11g066160.1.1
NIOBTv3_g12720	Solyc08g066880.3.1
NIOBTv3_g10518	Solyc02g084370.1.1
NIOBTv3_g14524	Solyc03g123390.3.1
NIOBTv3_g26816	Solyc01g103670.3.1
NIOBTv3_g30970	Solyc09g011290.1.1
NIOBTv3_g28142	Solyc11g012020.2.1
NIOBTv3_g23226	Solyc01g009440.2.1
NIOBTv3_g03577	Solyc06g074110.3.1
NIOBTv3_g36164	Solyc07g064030.3.1
NIOBTv3_g38329	Solyc09g061230.3.1
NIOBTv3_g23991	Solyc10g049280.2.1
NIOBTv3_g00719	Solyc11g008260.2.1
NIOBTv3_g33339	Solyc04g076610.2.1
NIOBTv3_g18869-D2	Solyc04g078620.3.1
NIOBTv3_g28658	Solyc08g059700.2.1
NIOBTv3_g32977	Solyc03g097720.3.1
NIOBTv3_g33628	Solyc07g053750.1.1
NIOBTv3_g51831	Solyc04g013200.1.1
NIOBTv3_g07425	Solyc11g013450.2.1
NIOBTv3_g33573	Solyc10g051140.2.1
NIOBTv3_g25060	Solyc06g061100.3.1
NIOBTv3_g40867	Solyc02g080670.3.1
NIOBTv3_g21398	Solyc03g096300.3.1
NIOBTv3_g27684	Solyc12g096460.2.1
NIOBTv3_g22064	Solyc02g068510.2.1
NIOBTv3_g22392	Solyc08g079760.3.1
NIOBTv3_g12677	Solyc02g093740.3.1
NIOBTv3_g40676	Solyc01g096670.3.1
NIOBTv3_g39762	Solyc01g073770.2.1
NIOBTv3_g02893	Solyc02g084240.3.1
NIOBTv3_g05680	Solyc04g056270.3.1
NIOBTv3_g28008	Solyc08g082890.3.1
NIOBTv3_g19085	Solyc12g062840.1.1
NIOBTv3_g42567	Solyc06g082850.3.1
NIOBTv3_g37986	Solyc06g034340.2.1
NIOBTv3_g06471	Solyc03g093250.2.1
NIOBTv3_g00638	Solyc02g092570.1.1
NIOBTv3_g01783	Solyc03g044020.3.1
NIOBTv3_g02596-D2	Solyc09g083330.3.1
NIOBTv3_g01275-D2	Solyc06g066440.3.1
NIOBTv3_g19066	Solyc01g079830.3.1
NIOBTv3_g15529	Solyc01g105630.3.1
NIOBTv3_g29939	Solyc12g019890.2.1
NIOBTv3_g07095	Solyc01g100270.3.1
NIOBTv3_g35168	Solyc07g054980.2.1
NIOBTv3_g25653	Solyc06g054630.2.1
NIOBTv3_g53662	Solyc09g082620.3.1
NIOBTv3_g30730	Solyc07g063950.3.1
NIOBTv3_g21503	Solyc11g073080.2.1
NIOBTv3_g28848	Solyc04g007300.3.1
NIOBTv3_g27609	Solyc09g018850.3.1
NIOBTv3_g29055	Solyc11g073250.2.1
NIOBTv3_g16852	Solyc10g084020.1.1
NIOBTv3_g18399	Solyc01g107090.2.1
NIOBTv3_g63374	Solyc09g065140.1.1
NIOBTv3_g26844	Solyc01g008180.3.1
NIOBTv3_g56106	Solyc05g039970.1.1
NIOBTv3_g02269	Solyc09g009580.3.1
NIOBTv3_g16151	Solyc06g065970.1.1
NIOBTv3_g12738	Solyc02g089990.1.1
NIOBTv3_g15806	Solyc03g114840.3.1
NIOBTv3_g01653	Solyc02g080620.3.1
NIOBTv3_g63374	Solyc09g065140.1.1
NIOBTv3_g31363	Solyc12g005410.2.1
NIOBTv3_g14959	Solyc06g060520.1.1
NIOBTv3_g65144	Solyc04g007330.2.1
NIOBTv3_g29922	Solyc06g007640.3.1
NIOBTv3_g38513	Solyc04g055160.3.1
NIOBTv3_g16031	Solyc06g075420.1.1
NIOBTv3_g55561	Solyc12g040790.2.1
NIOBTv3_g14003	Solyc11g069840.2.1
NIOBTv3_g05911	Solyc09g011120.1.1
NIOBTv3_g39236	Solyc01g098710.3.1
NIOBTv3_g37819	Solyc10g085730.2.1
NIOBTv3_g13130	Solyc09g074270.3.1
NIOBTv3_g39115	Solyc04g078990.3.1
NIOBTv3_g01122-D3	Solyc00g231680.2.1
NIOBTv3_g20178	Solyc05g005980.3.1
NIOBTv3_g34680	Solyc07g052390.3.1
NIOBTv3_g31904-D2	Solyc08g080470.3.1
NIOBTv3_g29678	Solyc06g066430.3.1
NIOBTv3_g58240	Solyc02g069330.1.1
NIOBTv3_g31421	Solyc09g010060.3.1
NIOBTv3_g16929	Solyc02g091930.3.1
NIOBTv3_g32724	Solyc01g111660.3.1
NIOBTv3_g10780	Solyc10g005750.3.1
NIOBTv3_g14651	Solyc08g005790.3.1
NIOBTv3_g58705	Solyc12g096800.1.1
NIOBTv3_g34274	Solyc01g005120.3.1
NIOBTv3_g35252	Solyc08g013690.1.1
NIOBTv3_g31324	Solyc03g083560.1.1
NIOBTv3_g05073	Solyc11g011500.2.1
NIOBTv3_g38856	Solyc03g112920.1.1
NIOBTv3_g32878	Solyc06g064660.3.1
NIOBTv3_g37942	Solyc07g052970.3.1
NIOBTv3_g60643-D2	Solyc12g017700.2.1
NIOBTv3_g28566	Solyc00g052940.3.1
NIOBTv3_g03256	Solyc06g069300.1.1
NIOBTv3_g17705	Solyc10g007150.3.1
NIOBTv3_g02513	Solyc01g103390.3.1
NIOBTv3_g17723	Solyc05g052050.1.1
NIOBTv3_g08015	Solyc11g066890.1.1
NIOBTv3_g18894	Solyc02g084930.3.1
NIOBTv3_g21678	Solyc02g027080.2.1
NIOBTv3_g64001	Solyc12g062875.1.1
NIOBTv3_g11953	Solyc02g086430.3.1
NIOBTv3_g00028	Solyc04g007470.3.1
NIOBTv3_g04912	Solyc01g110440.4.1
NIOBTv3_g60060-D10	Solyc01g080600.3.1
NIOBTv3_g26494	Solyc11g005420.2.1
NIOBTv3_g31565	Solyc02g091180.1.1
NIOBTv3_g20459	Solyc02g082430.3.1
NIOBTv3_g00433	Solyc10g084160.2.1
NIOBTv3_g19758	Solyc07g052620.1.1
NIOBTv3_g42290	Solyc04g072900.1.1
NIOBTv3_g10956	Solyc05g005260.2.1
NIOBTv3_g13011	Solyc04g079950.3.1
NIOBTv3_g25578	Solyc06g034340.2.1
NIOBTv3_g33117	Solyc10g085290.2.1
NIOBTv3_g20555-D4	Solyc06g005130.3.1
NIOBTv3_g04198	Solyc03g098450.3.1
NIOBTv3_g26409	Solyc08g074620.3.1
NIOBTv3_g35029	Solyc12g007030.2.1
NIOBTv3_g12931	Solyc10g009350.3.1
NIOBTv3_g00022	Solyc05g048830.3.1
NIOBTv3_g24057	Solyc01g006930.3.1
NIOBTv3_g20769	Solyc01g087990.3.1
NIOBTv3_g24178	Solyc10g009410.1.1
NIOBTv3_g32912	Solyc11g005120.2.1
NIOBTv3_g02620	Solyc08g080470.3.1
NIOBTv3_g27722	Solyc01g109650.3.1
NIOBTv3_g16751	Solyc05g009880.3.1
NIOBTv3_g02294	Solyc12g094700.2.1
NIOBTv3_g27021-D2	Solyc02g092820.3.1
NIOBTv3_g10485	Solyc03g005020.3.1
NIOBTv3_g43267	Solyc04g055260.3.1
NIOBTv3_g02471	Solyc11g071470.1.1
NIOBTv3_g08587	Solyc12g009630.2.1
NIOBTv3_g20178	Solyc05g005980.3.1
NIOBTv3_g15427-D3	Solyc09g014720.2.1
NIOBTv3_g14607	Solyc12g013700.2.1
NIOBTv3_g21733-D2	Solyc06g064880.3.1
NIOBTv3_g21564	Solyc12g056820.2.1
NIOBTv3_g60730	Solyc06g082420.3.1
NIOBTv3_g16135	Solyc06g082030.3.1
NIOBTv3_g17585	Solyc09g059510.3.1
NIOBTv3_g04694	Solyc02g067950.3.1
NIOBTv3_g59878	Solyc06g063110.2.1
NIOBTv3_g14368	Solyc02g071050.3.1
NIOBTv3_g28816	Solyc02g090690.2.1
NIOBTv3_g38918	Solyc06g053440.3.1
NIOBTv3_g56133	Solyc10g050690.2.1
NIOBTv3_g11473	Solyc12g094520.2.1
NIOBTv3_g06322	Solyc05g048740.3.1
NIOBTv3_g03387	Solyc01g099110.3.1
NIOBTv3_g34491	Solyc02g085710.3.1
NIOBTv3_g25269	Solyc09g007550.3.1
NIOBTv3_g37563	Solyc08g077560.3.1
NIOBTv3_g05274	Solyc02g081040.3.1
NIOBTv3_g29058	Solyc03g071620.1.1
NIOBTv3_g10739	Solyc02g088740.1.1
NIOBTv3_g28915	Solyc01g107190.3.1
NIOBTv3_g38342	Solyc03g119910.3.1
NIOBTv3_g26461	Solyc01g100010.3.1
NIOBTv3_g14262	Solyc08g015690.3.1
NIOBTv3_g42021	Solyc07g042170.3.1
NIOBTv3_g20906	Solyc03g113560.3.1
NIOBTv3_g32036	Solyc02g079080.2.1
NIOBTv3_g40301	Solyc08g081780.1.1
NIOBTv3_g35789	Solyc10g017960.2.1
NIOBTv3_g04125	Solyc03g031780.3.1
NIOBTv3_g41165	Solyc04g071520.3.1
NIOBTv3_g17642	Solyc07g062090.2.1
NIOBTv3_g17457	Solyc11g044910.2.1
NIOBTv3_g39036	Solyc02g077260.3.1
NIOBTv3_g40919	Solyc02g083640.3.1
NIOBTv3_g34082	Solyc10g006423.1.1
NIOBTv3_g26058	Solyc10g009360.3.1
NIOBTv3_g17595	Solyc02g083950.3.1
NIOBTv3_g21505	Solyc06g075690.3.1
NIOBTv3_g17209	Solyc06g076200.1.1
NIOBTv3_g62212	Solyc05g012660.2.1
NIOBTv3_g22317	Solyc07g047740.3.1
NIOBTv3_g19374	Solyc04g007790.3.1
NIOBTv3_g26214	Solyc12g014310.2.1
NIOBTv3_g24850	Solyc04g078000.3.1
NIOBTv3_g44291	Solyc02g063380.1.1
NIOBTv3_g39188	Solyc12g006860.2.1
NIOBTv3_g30507	Solyc12g006430.2.1
NIOBTv3_g56127	Solyc05g013470.3.1
NIOBTv3_g26822	Solyc08g042030.2.1
NIOBTv3_g12509	Solyc09g031790.3.1
NIOBTv3_g21732	Solyc08g062180.2.1
NIOBTv3_g34306	Solyc03g123890.3.1
NIOBTv3_g34306	Solyc03g123890.3.1
NIOBTv3_g25263	Solyc01g110060.3.1
NIOBTv3_g18399	Solyc01g107090.2.1
NIOBTv3_g06497	Solyc03g033460.3.1
NIOBTv3_g17854	Solyc11g009080.2.1
NIOBTv3_g32016	Solyc04g074390.3.1
NIOBTv3_g06725	Solyc08g080960.3.1
NIOBTv3_g64584	Solyc02g085020.3.1
NIOBTv3_g32320	Solyc08g006110.3.1
NIOBTv3_g60060-D10	Solyc01g080600.3.1
NIOBTv3_g31153	Solyc09g065570.3.1
NIOBTv3_g09703	Solyc02g064690.3.1
NIOBTv3_g36966	Solyc08g008600.3.1
NIOBTv3_g41828	Solyc03g093560.1.1
NIOBTv3_g10572	Solyc02g089920.1.1
NIOBTv3_g24728	Solyc07g063030.2.1
NIOBTv3_g27195	Solyc04g014470.3.1
NIOBTv3_g15465	Solyc07g053740.1.1
NIOBTv3_g20369	Solyc03g083510.3.1
NIOBTv3_g26117	Solyc12g017920.2.1
NIOBTv3_g03727	Solyc04g016190.1.1
NIOBTv3_g23790-D2	Solyc11g072830.1.1
NIOBTv3_g39157	Solyc02g067800.3.1
NIOBTv3_g17769	Solyc04g014790.1.1
NIOBTv3_g06278	Solyc06g048950.3.1
NIOBTv3_g05061	Solyc10g079990.2.1
NIOBTv3_g27603	Solyc08g068600.3.1
NIOBTv3_g27621	Solyc05g015750.3.1
NIOBTv3_g20098	Solyc10g083180.2.1
NIOBTv3_g17043	Solyc11g069095.1.1
NIOBTv3_g03518	Solyc11g042810.2.1
NIOBTv3_g56405	Solyc09g091330.1.1
NIOBTv3_g20104-D2	Solyc10g007360.3.1
NIOBTv3_g34082	Solyc10g006423.1.1
NIOBTv3_g26856	Solyc07g063000.3.1
NIOBTv3_g10816	Solyc06g050920.3.1
NIOBTv3_g33377	Solyc10g084290.2.1
NIOBTv3_g32641	Solyc08g081650.2.1
NIOBTv3_g09110	Solyc10g007710.3.1
NIOBTv3_g07418	Solyc11g064840.1.1
NIOBTv3_g13176	Solyc08g079200.1.1
NIOBTv3_g37448	Solyc06g084380.3.1
NIOBTv3_g37077	Solyc03g115850.3.1
NIOBTv3_g27498-D3	Solyc02g082700.3.1
NIOBTv3_g64990	Solyc11g066160.1.1
NIOBTv3_g34082	Solyc10g006423.1.1
NIOBTv3_g37563	Solyc08g077560.3.1
NIOBTv3_g41184	Solyc07g008107.1.1
NIOBTv3_g62548	Solyc02g080490.3.1
NIOBTv3_g13473	Solyc02g079520.2.1
NIOBTv3_g02858	Solyc09g008830.3.1
NIOBTv3_g35386	Solyc12g008670.2.1
NIOBTv3_g00333	Solyc12g009060.2.1
NIOBTv3_g01825	Solyc06g005530.1.1
NIOBTv3_g04486	Solyc01g005460.3.1
NIOBTv3_g31803	Solyc03g080190.3.1
NIOBTv3_g20183	Solyc02g092240.3.1
NIOBTv3_g29112	Solyc03g114180.3.1
NIOBTv3_g27434	Solyc11g069420.1.1
NIOBTv3_g34787	Solyc12g006997.1.1
NIOBTv3_g34781	Solyc09g091450.3.1
NIOBTv3_g26510	Solyc06g082530.2.1
NIOBTv3_g38560	Solyc11g066970.2.1
NIOBTv3_g16367	Solyc04g077690.2.1
NIOBTv3_g21543	Solyc02g089730.1.1
NIOBTv3_g10535	Solyc11g071300.2.1
NIOBTv3_g01694	Solyc03g123670.3.1
NIOBTv3_g06155-D2	Solyc04g009110.1.1
NIOBTv3_g08264	Solyc02g020890.3.1
NIOBTv3_g17129	Solyc02g065020.2.1
NIOBTv3_g21398	Solyc03g096300.3.1
NIOBTv3_g41791	Solyc09g011380.3.1
NIOBTv3_g10688	Solyc06g066830.3.1
NIOBTv3_g08574	Solyc10g078650.2.1
NIOBTv3_g20699	Solyc12g098910.2.1
NIOBTv3_g36142	Solyc06g068700.3.1
NIOBTv3_g12814	Solyc03g005140.2.1
NIOBTv3_g11907	Solyc01g108100.3.1
NIOBTv3_g17536	Solyc02g091360.1.1
NIOBTv3_g23016	Solyc10g050970.1.1
NIOBTv3_g27697	Solyc08g008600.3.1
NIOBTv3_g07777	Solyc09g065140.1.1
NIOBTv3_g30863	Solyc09g008060.3.1
NIOBTv3_g19016	Solyc02g066980.1.1
NIOBTv3_g15285	Solyc06g005170.3.1
NIOBTv3_g14820	Solyc03g063680.2.1
NIOBTv3_g17559	Solyc08g014010.3.1
NIOBTv3_g40848	Solyc08g079100.3.1
NIOBTv3_g17440	Solyc01g106920.3.1
NIOBTv3_g31384	Solyc08g008280.3.1
NIOBTv3_g27005	Solyc03g117010.3.1
NIOBTv3_g27005	Solyc03g117010.3.1
NIOBTv3_g27005	Solyc03g117010.3.1
NIOBTv3_g38480-D27	Solyc04g015980.3.1
NIOBTv3_g08087	Solyc01g106230.3.1
NIOBTv3_g06130	Solyc01g108900.3.1
NIOBTv3_g61398-D2	Solyc07g055780.3.1
NIOBTv3_g14995	Solyc02g087860.3.1
NIOBTv3_g18808	Solyc06g072160.3.1
NIOBTv3_g04289	Solyc03g121080.3.1
NIOBTv3_g02429-D2	Solyc05g054130.3.1
NIOBTv3_g27406	Solyc02g030300.3.1
NIOBTv3_g05440	Solyc03g117070.1.1
NIOBTv3_g03446	Solyc12g017960.1.1
NIOBTv3_g04606-D2	Solyc07g053790.2.1
NIOBTv3_g26825	Solyc02g078810.3.1
NIOBTv3_g39929	Solyc04g079720.3.1
NIOBTv3_g16096	Solyc10g078470.2.1
NIOBTv3_g05894	Solyc09g074040.1.1
NIOBTv3_g14754	Solyc07g062730.1.1
NIOBTv3_g03152	Solyc11g008880.2.1
NIOBTv3_g22639	Solyc03g080075.1.1
NIOBTv3_g29619	Solyc04g014510.3.1
NIOBTv3_g60089	Solyc00g013160.2.1
NIOBTv3_g24036	Solyc01g079880.3.1
NIOBTv3_g27903	Solyc04g006940.3.1
NIOBTv3_g19996	Solyc01g068490.3.1
NIOBTv3_g12232	Solyc03g116610.3.1
NIOBTv3_g12100	Solyc11g042880.2.1
NIOBTv3_g14063	Solyc08g014330.3.1
NIOBTv3_g22044	Solyc02g088180.3.1
NIOBTv3_g34124	Solyc09g005630.3.1
NIOBTv3_g12312	Solyc06g075370.3.1
NIOBTv3_g19777	Solyc11g012510.2.1
NIOBTv3_g07100	Solyc01g100240.3.1
NIOBTv3_g01128	Solyc00g322635.1.1
NIOBTv3_g09592	Solyc04g040110.3.1
NIOBTv3_g36485	Solyc03g118470.3.1
NIOBTv3_g08168	Solyc11g020100.2.1
NIOBTv3_g04280	Solyc03g121180.3.1
NIOBTv3_g41488	Solyc12g008440.1.1
NIOBTv3_g29323	Solyc08g014030.1.1
NIOBTv3_g10068	Solyc08g074980.3.1
NIOBTv3_g41120	Solyc10g079930.1.1
NIOBTv3_g36471-D2	Solyc04g051247.1.1
NIOBTv3_g41495	Solyc02g081180.2.1
NIOBTv3_g05411	Solyc07g066230.3.1
NIOBTv3_g03112	Solyc06g051840.1.1
NIOBTv3_g04996	Solyc08g076470.3.1
NIOBTv3_g10571	Solyc02g089900.1.1
NIOBTv3_g10737	Solyc06g053610.3.1
NIOBTv3_g40540	Solyc07g054690.1.1
NIOBTv3_g03021	Solyc11g073120.2.1
NIOBTv3_g17295	Solyc11g007040.2.1
NIOBTv3_g19048-D2	Solyc10g011660.3.1
NIOBTv3_g20483	Solyc05g008020.3.1
NIOBTv3_g27498-D3	Solyc02g082700.3.1
NIOBTv3_g21292	Solyc03g110890.1.1
NIOBTv3_g33824	Solyc10g074800.2.1
NIOBTv3_g04653	Solyc08g066960.3.1
NIOBTv3_g19370	Solyc11g006450.2.1
NIOBTv3_g34719	Solyc02g092580.3.1
NIOBTv3_g31305-D2	Solyc03g111300.1.1
NIOBTv3_g56436	Solyc03g013440.3.1
NIOBTv3_g01425	Solyc11g066900.2.1
NIOBTv3_g40832	Solyc02g062780.3.1
NIOBTv3_g11576	Solyc02g083380.3.1
NIOBTv3_g13705	Solyc01g100750.2.1
NIOBTv3_g37584	Solyc10g006660.3.1
NIOBTv3_g03337	Solyc05g054350.3.1
NIOBTv3_g08243	Solyc08g080890.3.1
NIOBTv3_g33396	Solyc01g096940.3.1
NIOBTv3_g05963-D3	Solyc07g043640.3.1
NIOBTv3_g15163	Solyc04g072860.3.1
NIOBTv3_g06725	Solyc08g080960.3.1
NIOBTv3_g02547	Solyc09g007380.3.1
NIOBTv3_g36347	Solyc04g079470.3.1
NIOBTv3_g08723	Solyc03g121090.3.1
NIOBTv3_g11423	Solyc04g054260.3.1
NIOBTv3_g02990-D2	Solyc07g055210.3.1
NIOBTv3_g62240-D2	Solyc12g095910.2.1
NIOBTv3_g27559	Solyc09g007920.3.1
NIOBTv3_g33799	Solyc02g085620.3.1
NIOBTv3_g60154	Solyc07g047940.3.1
NIOBTv3_g30653	Solyc11g012240.1.1
NIOBTv3_g10650	Solyc04g005440.1.1
NIOBTv3_g09827	Solyc04g082910.1.1
NIOBTv3_g62167	Solyc03g119250.3.1
NIOBTv3_g32770	Solyc10g077130.1.1
NIOBTv3_g27410	Solyc02g005340.3.1
NIOBTv3_g21656-D2	Solyc03g093080.3.1
NIOBTv3_g42212-D2	Solyc04g074450.1.1
NIOBTv3_g31320	Solyc01g087130.3.1
NIOBTv3_g18124	Solyc07g065600.3.1
NIOBTv3_g63563	Solyc09g065560.3.1
NIOBTv3_g05240	Solyc09g082190.1.1
NIOBTv3_g25017	Solyc02g071350.3.1
NIOBTv3_g57809	Solyc03g005160.3.1
NIOBTv3_g27413	Solyc05g009790.1.1
NIOBTv3_g11075	Solyc05g014390.3.1
NIOBTv3_g19085	Solyc12g062840.1.1
NIOBTv3_g27329	Solyc02g024070.3.1
NIOBTv3_g41961	Solyc12g011290.2.1
NIOBTv3_g22458	Solyc02g082690.3.1
NIOBTv3_g16426	Solyc02g063000.3.1
NIOBTv3_g05088	Solyc10g078920.2.1
NIOBTv3_g20961	Solyc01g096510.2.1
NIOBTv3_g26487	Solyc07g055280.3.1
NIOBTv3_g37784	Solyc12g011040.2.1
NIOBTv3_g05009	Solyc12g006225.1.1
NIOBTv3_g30652	Solyc11g012210.1.1
NIOBTv3_g39376	Solyc00g014830.3.1
NIOBTv3_g23336	Solyc01g091180.3.1
NIOBTv3_g05948	Solyc06g068310.1.1
NIOBTv3_g11833	Solyc05g018500.3.1
NIOBTv3_g24474	Solyc05g050490.3.1
NIOBTv3_g53331-D2	Solyc07g017930.1.1
NIOBTv3_g22133	Solyc01g103530.3.1
NIOBTv3_g17951	Solyc07g045000.3.1
NIOBTv3_g29252	Solyc12g010440.2.1
NIOBTv3_g04729	Solyc08g082040.3.1
NIOBTv3_g26459	Solyc02g092890.1.1
NIOBTv3_g57548	Solyc12g056800.2.1
NIOBTv3_g05063	Solyc10g080010.2.1
NIOBTv3_g28497	Solyc04g007070.3.1
NIOBTv3_g04875	Solyc08g068120.2.1
NIOBTv3_g15668	Solyc03g123500.4.1
NIOBTv3_g00304	Solyc06g071810.1.1
NIOBTv3_g36761	Solyc10g005060.3.1
NIOBTv3_g22810	Solyc00g009050.2.1
NIOBTv3_g38999	Solyc12g006690.2.1
NIOBTv3_g56734	Solyc12g014200.2.1
NIOBTv3_g40356	Solyc02g083520.2.1
NIOBTv3_g15244-D6	Solyc02g079600.3.1
NIOBTv3_g24648	Solyc03g113760.3.1
NIOBTv3_g15727	Solyc04g076860.3.1
NIOBTv3_g41688	Solyc06g007440.3.1
NIOBTv3_g29725-D3	Solyc05g012820.1.1
NIOBTv3_g27603	Solyc08g068600.3.1
NIOBTv3_g22780	Solyc09g014280.1.1
NIOBTv3_g62937-D2	Solyc12g044600.3.1
NIOBTv3_g34124	Solyc09g005630.3.1
NIOBTv3_g08281	Solyc01g005440.3.1
NIOBTv3_g01571	Solyc02g077880.3.1
NIOBTv3_g09547	Solyc06g076350.3.1
NIOBTv3_g32862	Solyc04g008100.2.1
NIOBTv3_g20521	Solyc05g005070.2.1
NIOBTv3_g20546	Solyc03g063550.1.1
NIOBTv3_g17751	Solyc09g010980.1.1
NIOBTv3_g10683	Solyc06g067890.3.1
NIOBTv3_g11521-D2	Solyc08g006330.3.1
NIOBTv3_g01560	Solyc02g080790.3.1
NIOBTv3_g07196	Solyc10g008520.3.1
NIOBTv3_g16932	Solyc02g091970.3.1
NIOBTv3_g27559	Solyc09g007920.3.1
NIOBTv3_g11478	Solyc05g005090.3.1
NIOBTv3_g23871	Solyc02g090170.3.1
NIOBTv3_g25933	Solyc06g006110.3.1
NIOBTv3_g02135	Solyc12g096920.1.1
NIOBTv3_g06269	Solyc02g087890.3.1
NIOBTv3_g35542	Solyc02g079740.1.1
NIOBTv3_g01010	Solyc08g080560.2.1
NIOBTv3_g35073	Solyc02g094010.2.1
NIOBTv3_g27251	Solyc10g074570.2.1
NIOBTv3_g20515	Solyc10g045240.2.1
NIOBTv3_g65249-D3	Solyc03g071620.1.1
NIOBTv3_g03401	Solyc08g079300.3.1
NIOBTv3_g09525-D2	Solyc03g034230.3.1
NIOBTv3_g05979-D2	Solyc09g011500.3.1
NIOBTv3_g19266	Solyc03g116850.3.1
NIOBTv3_g32629	Solyc03g071690.3.1
NIOBTv3_g20182-D5	Solyc05g006020.3.1
NIOBTv3_g04602	Solyc02g093270.3.1
NIOBTv3_g42491	Solyc06g083920.3.1
NIOBTv3_g32206	Solyc10g086090.2.1
NIOBTv3_g15426	Solyc09g014710.3.1
NIOBTv3_g08905	Solyc01g091490.3.1
NIOBTv3_g01973	Solyc04g077140.3.1
NIOBTv3_g24535	Solyc07g065970.1.1
NIOBTv3_g24052	Solyc01g087570.2.1
NIOBTv3_g29294	Solyc05g007880.3.1
NIOBTv3_g01628	Solyc08g015870.3.1
NIOBTv3_g00986	Solyc12g099450.2.1
NIOBTv3_g38961	Solyc03g111100.1.1
NIOBTv3_g13394	Solyc12g013900.2.1
NIOBTv3_g13394	Solyc12g013900.2.1
NIOBTv3_g13394	Solyc12g013900.2.1
NIOBTv3_g13394	Solyc12g013900.2.1
NIOBTv3_g15375	Solyc03g115750.1.1
NIOBTv3_g12685	Solyc06g009680.3.1
NIOBTv3_g09950	Solyc11g071760.3.1
NIOBTv3_g38551	Solyc08g079850.3.1
NIOBTv3_g02918	Solyc07g054080.2.1
NIOBTv3_g10707	Solyc02g091470.3.1
NIOBTv3_g15852	Solyc01g091930.3.1
NIOBTv3_g13866	Solyc10g086500.1.1
NIOBTv3_g56688	Solyc12g007150.2.1
NIOBTv3_g17719-D3	Solyc03g094010.3.1
NIOBTv3_g09123	Solyc10g006500.3.1
NIOBTv3_g00539	Solyc02g087620.3.1
NIOBTv3_g12859	Solyc01g112090.3.1
NIOBTv3_g37764	Solyc03g081330.1.1
NIOBTv3_g10729	Solyc02g070440.3.1
NIOBTv3_g36654	Solyc05g055810.3.1
NIOBTv3_g30461	Solyc10g083760.2.1
NIOBTv3_g26176	Solyc07g062950.3.1
NIOBTv3_g21191-D4	Solyc10g055740.2.1
NIOBTv3_g21769	Solyc08g061930.3.1
NIOBTv3_g29032	Solyc10g055560.2.1
NIOBTv3_g05717	Solyc11g010410.2.1
NIOBTv3_g13858	Solyc07g066160.1.1
NIOBTv3_g22449-D2	Solyc01g103590.3.1
NIOBTv3_g37427	Solyc11g006650.2.1
NIOBTv3_g39547	Solyc01g109250.2.1
NIOBTv3_g07603	Solyc12g098630.2.1
NIOBTv3_g22261	Solyc12g014130.2.1
NIOBTv3_g36177	Solyc03g034057.1.1
NIOBTv3_g27603	Solyc08g068600.3.1
NIOBTv3_g24905	Solyc10g087040.2.1
NIOBTv3_g26060	Solyc01g096080.3.1
NIOBTv3_g28852	Solyc12g056240.2.1
NIOBTv3_g27425	Solyc07g048050.2.1
NIOBTv3_g41231	Solyc02g091300.3.1
NIOBTv3_g07465	Solyc09g007660.1.1
NIOBTv3_g21012	Solyc10g080960.1.1
NIOBTv3_g04359	Solyc01g057220.3.1
NIOBTv3_g04720	Solyc07g053590.3.1
NIOBTv3_g24357	Solyc09g091780.3.1
NIOBTv3_g11740	Solyc01g068280.3.1
NIOBTv3_g01935	Solyc09g074340.3.1
NIOBTv3_g36682	Solyc04g007360.1.1
NIOBTv3_g29125	Solyc01g080790.3.1
NIOBTv3_g60060-D10	Solyc01g080600.3.1
NIOBTv3_g17210	Solyc06g076220.3.1
NIOBTv3_g30108	Solyc02g082510.1.1
NIOBTv3_g21622	Solyc01g105230.3.1
NIOBTv3_g23862	Solyc03g033860.1.1
NIOBTv3_g02503	Solyc07g053800.3.1
NIOBTv3_g11955	Solyc09g009250.3.1
NIOBTv3_g14283	Solyc06g072230.1.1
NIOBTv3_g18589	Solyc01g080500.2.1
NIOBTv3_g10739	Solyc02g088740.1.1
NIOBTv3_g15806	Solyc03g114840.3.1
NIOBTv3_g15096	Solyc06g065420.2.1
NIOBTv3_g16852	Solyc10g084020.1.1
NIOBTv3_g24202	Solyc03g121340.1.1
NIOBTv3_g01164	Solyc05g008350.3.1
NIOBTv3_g39342	Solyc02g062330.2.1
NIOBTv3_g29664	Solyc03g115860.3.1
NIOBTv3_g53035	Solyc00g025290.1.1
NIOBTv3_g04379	Solyc02g072040.3.1
NIOBTv3_g14858	Solyc11g017130.2.1
NIOBTv3_g41537	Solyc06g054030.2.1
NIOBTv3_g40817	Solyc06g052060.3.1
NIOBTv3_g29377	Solyc11g013490.2.1
NIOBTv3_g22589	Solyc04g076100.3.1
NIOBTv3_g20577	Solyc01g109740.3.1
NIOBTv3_g17159	Solyc03g118540.3.1
NIOBTv3_g01285	Solyc02g067230.3.1
NIOBTv3_g29739	Solyc06g072360.3.1
NIOBTv3_g33202	Solyc06g074930.2.1
NIOBTv3_g21564	Solyc12g056820.2.1
NIOBTv3_g29298	Solyc01g009400.3.1
NIOBTv3_g09950	Solyc11g071760.3.1
NIOBTv3_g02229	Solyc10g012430.3.1
NIOBTv3_g13479	Solyc02g087480.3.1
NIOBTv3_g28410	Solyc02g093610.3.1
NIOBTv3_g17834	Solyc05g012040.3.1
NIOBTv3_g40032	Solyc04g082110.3.1
NIOBTv3_g40662-D2	Solyc03g006250.2.1
NIOBTv3_g24113	Solyc11g063610.2.1
NIOBTv3_g11556	Solyc12g098630.2.1
NIOBTv3_g27094	Solyc09g098070.3.1
NIOBTv3_g03401	Solyc08g079300.3.1
NIOBTv3_g02309	Solyc08g062490.3.1
NIOBTv3_g16544	Solyc10g005440.2.1
NIOBTv3_g28632-D2	Solyc06g075220.1.1
NIOBTv3_g07666	Solyc08g006730.1.1
NIOBTv3_g14502	Solyc02g082290.3.1
NIOBTv3_g21471	Solyc12g044270.2.1
NIOBTv3_g31595	Solyc03g093330.3.1
NIOBTv3_g27194	Solyc10g074680.2.1
NIOBTv3_g29126	Solyc01g080160.3.1
NIOBTv3_g28335	Solyc03g115160.3.1
NIOBTv3_g03935	Solyc01g079100.3.1
NIOBTv3_g38114	Solyc04g079360.1.1
NIOBTv3_g09950	Solyc11g071760.3.1
NIOBTv3_g21295	Solyc03g110900.3.1
NIOBTv3_g34255	Solyc02g087540.2.1
NIOBTv3_g40447	Solyc02g085110.3.1
NIOBTv3_g27737	Solyc11g005860.2.1
NIOBTv3_g04447	Solyc02g070620.3.1
NIOBTv3_g24839	Solyc06g073640.3.1
NIOBTv3_g34162	Solyc02g077220.3.1
NIOBTv3_g31614	Solyc06g076820.1.1
NIOBTv3_g33738	Solyc03g007670.3.1
NIOBTv3_g31317	Solyc10g055760.2.1
NIOBTv3_g08691	Solyc10g076410.1.1
NIOBTv3_g59423	Solyc04g076700.3.1
NIOBTv3_g19622	Solyc09g090530.3.1
NIOBTv3_g35618	Solyc03g032190.3.1
NIOBTv3_g29877	Solyc04g080370.3.1
NIOBTv3_g02132	Solyc09g008370.1.1
NIOBTv3_g34939	Solyc02g080230.3.1
NIOBTv3_g11164	Solyc01g057910.3.1
NIOBTv3_g13919	Solyc04g081080.1.1
NIOBTv3_g32491	Solyc05g013690.3.1
NIOBTv3_g59958	Solyc09g008840.3.1
NIOBTv3_g26786-D2	Solyc05g011920.3.1
NIOBTv3_g24201	Solyc03g121350.3.1
NIOBTv3_g10032	Solyc06g076870.3.1
NIOBTv3_g27807	Solyc01g102420.1.1
NIOBTv3_g29833	Solyc04g078060.1.1
NIOBTv3_g17971	Solyc06g007970.3.1
NIOBTv3_g14737	Solyc07g040960.1.1
NIOBTv3_g24696	Solyc02g067870.3.1
NIOBTv3_g01213	Solyc07g065090.2.1
NIOBTv3_g36766	Solyc01g009160.2.1
NIOBTv3_g16831	Solyc03g113910.3.1
NIOBTv3_g29008	Solyc10g055250.1.1
NIOBTv3_g29008	Solyc10g055250.1.1
NIOBTv3_g09400	Solyc02g082230.3.1
NIOBTv3_g01233	Solyc05g044480.3.1
NIOBTv3_g02452	Solyc10g085200.2.1
NIOBTv3_g37324	Solyc07g053030.3.1
NIOBTv3_g13452	Solyc08g069040.3.1
NIOBTv3_g39637	Solyc11g062390.2.1
NIOBTv3_g31404	Solyc02g078900.3.1
NIOBTv3_g08493	Solyc07g064910.3.1
NIOBTv3_g04606	Solyc10g008210.3.1
NIOBTv3_g07985	Solyc09g009250.3.1
NIOBTv3_g55604	Solyc12g100190.2.1
NIOBTv3_g15909	Solyc07g043310.3.1
NIOBTv3_g40675	Solyc01g096680.3.1
NIOBTv3_g14756-D2	Solyc03g034375.1.1
NIOBTv3_g36222	Solyc01g088400.3.1
NIOBTv3_g43535	Solyc02g072220.1.1
NIOBTv3_g15843	Solyc12g089090.2.1
NIOBTv3_g60600	Solyc11g039980.2.1
NIOBTv3_g22455	Solyc03g007700.1.1
NIOBTv3_g41047	Solyc12g089250.1.1
NIOBTv3_g05500	Solyc01g079960.2.1
NIOBTv3_g05949-D2	Solyc06g068320.3.1
NIOBTv3_g19828	Solyc11g010980.2.1
NIOBTv3_g21531	Solyc09g011190.1.1
NIOBTv3_g20086	Solyc06g060110.3.1
NIOBTv3_g08928	Solyc04g076220.3.1
NIOBTv3_g18588	Solyc01g080490.2.1
NIOBTv3_g38689	Solyc07g026650.3.1
NIOBTv3_g31202	Solyc10g079840.2.1
NIOBTv3_g05606	Solyc01g010910.2.1
NIOBTv3_g39852	Solyc11g010625.1.1
NIOBTv3_g38473	Solyc00g160780.2.1
NIOBTv3_g19342	Solyc09g092520.3.1
NIOBTv3_g21959	Solyc05g006690.3.1
NIOBTv3_g31644	Solyc10g083890.2.1
NIOBTv3_g27990	Solyc12g099560.2.1
NIOBTv3_g19444-D2	Solyc09g014230.2.1
NIOBTv3_g19798	Solyc01g105010.3.1
NIOBTv3_g43067	Solyc02g079440.2.1
NIOBTv3_g41867-D3	Solyc04g079440.3.1
NIOBTv3_g00168	Solyc04g049140.3.1
NIOBTv3_g27226-D2	Solyc07g053840.1.1
NIOBTv3_g09470	Solyc07g065290.3.1
NIOBTv3_g27088	Solyc02g079190.3.1
NIOBTv3_g16400	Solyc11g072990.1.1
NIOBTv3_g41509	Solyc01g087820.2.1
NIOBTv3_g04698	Solyc11g007730.2.1
NIOBTv3_g62935	Solyc01g103360.3.1
NIOBTv3_g64965	Solyc12g005450.1.1
NIOBTv3_g18712	Solyc01g095150.3.1
NIOBTv3_g25593	Solyc03g120060.2.1
NIOBTv3_g20323	Solyc02g072490.3.1
NIOBTv3_g40237	Solyc09g098115.1.1
NIOBTv3_g10994	Solyc03g112620.4.1
NIOBTv3_g35234	Solyc03g082700.3.1
NIOBTv3_g19649	Solyc05g012060.3.1
NIOBTv3_g23048	Solyc02g092420.3.1
NIOBTv3_g25611	Solyc06g075000.3.1
NIOBTv3_g18102	Solyc05g050380.3.1
NIOBTv3_g39641	Solyc10g083290.4.1
NIOBTv3_g05218	Solyc11g010730.2.1
NIOBTv3_g33830	Solyc10g080500.2.1
NIOBTv3_g23105	Solyc02g078210.3.1
NIOBTv3_g11521-D2	Solyc08g006330.3.1
NIOBTv3_g14765-D2	Solyc10g078360.2.1
NIOBTv3_g23110	Solyc03g083130.2.1
NIOBTv3_g18426	Solyc03g062710.3.1
NIOBTv3_g37890	Solyc04g081530.1.1
NIOBTv3_g20806	Solyc03g117130.3.1
NIOBTv3_g25095	Solyc04g010010.2.1
NIOBTv3_g00337	Solyc03g063730.3.1
NIOBTv3_g36822-D3	Solyc06g006040.2.1
NIOBTv3_g21972	Solyc01g090760.3.1
NIOBTv3_g22126	Solyc05g005873.1.1
NIOBTv3_g40312	Solyc12g008900.2.1
NIOBTv3_g26783	Solyc07g008930.1.1
NIOBTv3_g18117	Solyc11g013240.2.1
NIOBTv3_g01978	Solyc04g077170.3.1
NIOBTv3_g22884	Solyc04g007320.2.1
NIOBTv3_g25301	Solyc10g085750.2.1
NIOBTv3_g01643	Solyc10g007960.1.1
NIOBTv3_g31639	Solyc03g006980.3.1
NIOBTv3_g18034	Solyc05g051450.2.1
NIOBTv3_g03053	Solyc04g051860.3.1
NIOBTv3_g34070	Solyc10g079590.1.1
NIOBTv3_g30630	Solyc12g088140.2.1
NIOBTv3_g29459	Solyc10g009290.1.1
NIOBTv3_g08864	Solyc09g008260.3.1
NIOBTv3_g28850	Solyc04g007260.3.1
NIOBTv3_g18566	Solyc10g084820.2.1
NIOBTv3_g24674	Solyc08g078590.1.1
NIOBTv3_g10514	Solyc02g084350.3.1
NIOBTv3_g30064	Solyc08g007200.3.1
NIOBTv3_g00245	Solyc11g009040.2.1
NIOBTv3_g28643	Solyc01g094460.3.1
NIOBTv3_g39268	Solyc09g082830.3.1
NIOBTv3_g38528	Solyc02g083290.3.1
NIOBTv3_g03206	Solyc09g007090.3.1
NIOBTv3_g30382-D2	Solyc08g066530.3.1
NIOBTv3_g19779	Solyc11g012500.2.1
NIOBTv3_g11351	Solyc12g099540.2.1
NIOBTv3_g23888	Solyc08g067630.3.1
NIOBTv3_g16266	Solyc02g079320.3.1
NIOBTv3_g12317	Solyc01g067360.3.1
NIOBTv3_g29745	Solyc05g012370.3.1
NIOBTv3_g00771	Solyc01g109780.3.1
NIOBTv3_g17020	Solyc06g065980.3.1
NIOBTv3_g21925	Solyc08g080070.1.1
NIOBTv3_g11568	Solyc09g090320.2.1
NIOBTv3_g24898	Solyc09g061290.3.1
NIOBTv3_g24113	Solyc11g063610.2.1
NIOBTv3_g20025	Solyc03g113090.3.1
NIOBTv3_g22621	Solyc11g010170.2.1
NIOBTv3_g00785	Solyc12g099515.1.1
NIOBTv3_g41278	Solyc08g068710.1.1
NIOBTv3_g22927	Solyc02g092040.1.1
NIOBTv3_g30862	Solyc08g007820.1.1
NIOBTv3_g39598-D2	Solyc03g058330.3.1
NIOBTv3_g15244-D6	Solyc02g079600.3.1
NIOBTv3_g56195	Solyc04g015030.3.1
NIOBTv3_g10778	Solyc03g064020.3.1
NIOBTv3_g36572-D2	Solyc11g072920.2.1
NIOBTv3_g29998	Solyc04g040180.3.1
NIOBTv3_g38633	Solyc10g081520.1.1
NIOBTv3_g09078	Solyc11g011370.2.1
NIOBTv3_g23774	Solyc04g074020.2.1
NIOBTv3_g11052	Solyc01g079660.2.1
NIOBTv3_g22269	Solyc06g007790.1.1
NIOBTv3_g34496	Solyc06g060690.2.1
NIOBTv3_g21146	Solyc06g075630.3.1
NIOBTv3_g08407	Solyc04g024520.3.1
NIOBTv3_g02889	Solyc12g007100.2.1
NIOBTv3_g18380	Solyc09g075480.3.1
NIOBTv3_g23460	Solyc05g005670.1.1
NIOBTv3_g20902	Solyc03g113610.3.1
NIOBTv3_g07882	Solyc12g099950.2.1
NIOBTv3_g11985	Solyc12g096710.2.1
NIOBTv3_g07068	Solyc01g100460.3.1
NIOBTv3_g27905	Solyc06g065680.3.1
NIOBTv3_g18790	Solyc09g015350.3.1
NIOBTv3_g21607	Solyc08g081260.1.1
NIOBTv3_g25637	Solyc06g071750.3.1
NIOBTv3_g33078	Solyc07g052770.2.1
NIOBTv3_g30919	Solyc04g072900.1.1
NIOBTv3_g16759	Solyc11g012980.1.1
NIOBTv3_g29050	Solyc03g114280.3.1
NIOBTv3_g09758	Solyc03g115870.3.1
NIOBTv3_g25276	Solyc01g087580.3.1
NIOBTv3_g33170	Solyc01g110100.3.1
NIOBTv3_g26140	Solyc07g041290.2.1
NIOBTv3_g28921	Solyc10g019260.2.1
NIOBTv3_g00319	Solyc06g051130.1.1
NIOBTv3_g30322	Solyc03g096190.2.1
NIOBTv3_g33530	Solyc02g082040.3.1
NIOBTv3_g15688	Solyc09g074760.1.1
NIOBTv3_g14229	Solyc07g008560.3.1
NIOBTv3_g17085	Solyc06g083030.3.1
NIOBTv3_g19118	Solyc09g007730.3.1
NIOBTv3_g10130	Solyc09g014990.3.1
NIOBTv3_g28710	Solyc01g091030.3.1
NIOBTv3_g12016	Solyc01g087500.3.1
NIOBTv3_g32479	Solyc02g092940.3.1
NIOBTv3_g01030	Solyc04g080190.3.1
NIOBTv3_g32521	Solyc01g107350.3.1
NIOBTv3_g41299	Solyc02g062160.1.1
NIOBTv3_g15773	Solyc01g091420.2.1
NIOBTv3_g03796	Solyc04g049840.3.1
NIOBTv3_g01546	Solyc02g014730.3.1
NIOBTv3_g05197	Solyc07g055270.1.1
NIOBTv3_g33780	Solyc01g007000.3.1
NIOBTv3_g03501	Solyc05g009120.3.1
NIOBTv3_g33351	Solyc09g091710.2.1
NIOBTv3_g24774	Solyc08g081540.3.1
NIOBTv3_g23443	Solyc04g083140.2.1
NIOBTv3_g22700	Solyc12g009560.2.1
NIOBTv3_g30807	Solyc09g074290.1.1
NIOBTv3_g06527	Solyc09g011870.2.1
NIOBTv3_g07604	Solyc12g098640.2.1
NIOBTv3_g07158	Solyc06g063040.1.1
NIOBTv3_g40636	Solyc06g083130.3.1
NIOBTv3_g41726	Solyc02g070660.3.1
NIOBTv3_g19255	Solyc03g114100.1.1
NIOBTv3_g25149	Solyc03g033590.1.1
NIOBTv3_g34333	Solyc01g094510.2.1
NIOBTv3_g03818	Solyc12g044230.2.1
NIOBTv3_g32869	Solyc11g010570.2.1
NIOBTv3_g09097	Solyc01g080760.3.1
NIOBTv3_g17176	Solyc03g019830.3.1
NIOBTv3_g28968	Solyc06g063200.2.1
NIOBTv3_g32797	Solyc03g082900.3.1
NIOBTv3_g26519-D2	Solyc04g072760.3.1
NIOBTv3_g34308	Solyc01g097390.3.1
NIOBTv3_g11387	Solyc07g042010.3.1
NIOBTv3_g19278	Solyc06g074530.1.1
NIOBTv3_g40572	Solyc02g087950.3.1
NIOBTv3_g32944	Solyc11g066320.2.1
NIOBTv3_g09519	Solyc11g044560.2.1
NIOBTv3_g23858	Solyc07g007050.1.1
NIOBTv3_g27560	Solyc09g025310.3.1
NIOBTv3_g03401	Solyc08g079300.3.1
NIOBTv3_g30077	Solyc06g070970.3.1
NIOBTv3_g33200	Solyc11g069095.1.1
NIOBTv3_g08255	Solyc07g017990.3.1
NIOBTv3_g10801	Solyc12g010570.1.1
NIOBTv3_g41656	Solyc01g096070.3.1
NIOBTv3_g01661	Solyc04g077980.1.1
NIOBTv3_g39273	Solyc02g068320.2.1
NIOBTv3_g34306	Solyc03g123890.3.1
NIOBTv3_g37149	Solyc04g063390.2.1
NIOBTv3_g29802-D5	Solyc01g098060.1.1
NIOBTv3_g05106	Solyc05g013750.3.1
NIOBTv3_g00738	Solyc03g082430.1.1
NIOBTv3_g21016-D2	Solyc10g080990.2.1
NIOBTv3_g00342	Solyc02g092670.1.1
NIOBTv3_g25412	Solyc07g042905.1.1
NIOBTv3_g19800	Solyc01g104990.3.1
NIOBTv3_g65249-D5	Solyc12g011455.1.1
NIOBTv3_g16852	Solyc10g084020.1.1
NIOBTv3_g32292	Solyc04g008260.3.1
NIOBTv3_g33421	Solyc05g006930.3.1
NIOBTv3_g00763	Solyc08g066180.3.1
NIOBTv3_g01965	Solyc09g091400.3.1
NIOBTv3_g18159	Solyc08g060860.3.1
NIOBTv3_g10347	Solyc09g091660.3.1
NIOBTv3_g30895	Solyc07g043390.3.1
NIOBTv3_g32819	Solyc02g032950.3.1
NIOBTv3_g08416	Solyc03g098200.3.1
NIOBTv3_g20779	Solyc05g054260.3.1
NIOBTv3_g13647-D2	Solyc01g091570.3.1
NIOBTv3_g15280	Solyc07g020960.3.1
NIOBTv3_g13567	Solyc05g008140.3.1
NIOBTv3_g16184	Solyc07g018240.1.1
NIOBTv3_g10791	Solyc02g088210.3.1
NIOBTv3_g23010	Solyc05g052050.1.1
NIOBTv3_g24772	Solyc09g014160.2.1
NIOBTv3_g40123	Solyc04g077810.1.1
NIOBTv3_g08956	Solyc03g005860.3.1
NIOBTv3_g07196	Solyc10g008520.3.1
NIOBTv3_g12190	Solyc08g076850.3.1
NIOBTv3_g17713	Solyc11g012870.2.1
NIOBTv3_g30648	Solyc11g012160.2.1
NIOBTv3_g33350	Solyc01g067010.3.1
NIOBTv3_g28508	Solyc05g053180.3.1
NIOBTv3_g04288	Solyc06g062380.3.1
NIOBTv3_g11849	Solyc01g094990.2.1
NIOBTv3_g61049	Solyc05g007050.3.1
NIOBTv3_g14066	Solyc02g083550.2.1
NIOBTv3_g34640	Solyc11g065840.2.1
NIOBTv3_g14397	Solyc03g006630.3.1
NIOBTv3_g40494	Solyc12g008420.2.1
NIOBTv3_g40652	Solyc12g011360.2.1
NIOBTv3_g08883	Solyc06g053455.1.1
NIOBTv3_g09994	Solyc12g005020.2.1
NIOBTv3_g37999	Solyc04g009900.3.1
NIOBTv3_g08164	Solyc05g008210.3.1
NIOBTv3_g10154	Solyc07g066550.3.1
NIOBTv3_g01014	Solyc08g080630.3.1
NIOBTv3_g26952	Solyc05g006490.3.1
NIOBTv3_g40349	Solyc01g106253.1.1
NIOBTv3_g05800	Solyc04g079880.3.1
NIOBTv3_g39483	Solyc04g079400.3.1
NIOBTv3_g23697	Solyc03g118820.3.1
NIOBTv3_g35754	Solyc01g108330.2.1
NIOBTv3_g03048	Solyc08g080540.3.1
NIOBTv3_g01331	Solyc05g009630.3.1
NIOBTv3_g28606	Solyc01g099400.3.1
NIOBTv3_g16346	Solyc07g063670.2.1
NIOBTv3_g30501	Solyc07g056600.1.1
NIOBTv3_g23335	Solyc01g091160.4.1
NIOBTv3_g31080	Solyc04g054710.3.1
NIOBTv3_g25642	Solyc01g008960.3.1
NIOBTv3_g31851	Solyc12g087960.2.1
NIOBTv3_g07701	Solyc11g005780.2.1
NIOBTv3_g23318	Solyc08g076990.3.1
NIOBTv3_g40889-D2	Solyc04g016230.3.1
NIOBTv3_g00971	Solyc12g010745.1.1
NIOBTv3_g17215	Solyc02g077230.3.1
NIOBTv3_g32631	Solyc11g012720.2.1
NIOBTv3_g05661	Solyc08g006240.2.1
NIOBTv3_g14547	Solyc07g062730.1.1
NIOBTv3_g23847	Solyc08g076610.3.1
NIOBTv3_g21603	Solyc02g091710.3.1
NIOBTv3_g36121	Solyc09g064160.3.1
NIOBTv3_g00966	Solyc02g086770.3.1
NIOBTv3_g14883	Solyc10g078670.2.1
NIOBTv3_g37163	Solyc03g114310.3.1
NIOBTv3_g37287	Solyc02g090110.3.1
NIOBTv3_g00219	Solyc06g082780.3.1
NIOBTv3_g16266	Solyc02g079320.3.1
NIOBTv3_g31302	Solyc11g066130.1.1
NIOBTv3_g12720	Solyc08g066880.3.1
NIOBTv3_g31977	Solyc05g054530.1.1
NIOBTv3_g28486	Solyc07g066250.1.1
NIOBTv3_g12020	Solyc07g006280.3.1
NIOBTv3_g32951	Solyc08g041860.1.1
NIOBTv3_g10689	Solyc06g066820.3.1
NIOBTv3_g18057	Solyc06g071540.3.1
NIOBTv3_g32165	Solyc11g012120.2.1
NIOBTv3_g39992	Solyc06g065040.3.1
NIOBTv3_g39464	Solyc03g114830.3.1
NIOBTv3_g07336	Solyc07g020800.3.1
NIOBTv3_g05471	Solyc01g079130.2.1
NIOBTv3_g12479	Solyc07g064820.1.1
NIOBTv3_g15373	Solyc03g115770.3.1
NIOBTv3_g36835	Solyc05g052040.1.1
NIOBTv3_g07865	Solyc01g079370.3.1
NIOBTv3_g25640-D2	Solyc10g079870.2.1
NIOBTv3_g02954	Solyc07g005650.3.1
NIOBTv3_g15467-D4	Solyc08g078900.1.1
NIOBTv3_g09799	Solyc04g054490.3.1
NIOBTv3_g11901	Solyc01g108140.3.1
NIOBTv3_g28159	Solyc01g105435.1.1
NIOBTv3_g64845	Solyc00g019950.1.1
NIOBTv3_g05564	Solyc02g069925.1.1
NIOBTv3_g37460-D2	Solyc08g006740.3.1
NIOBTv3_g30323	Solyc03g096090.3.1
NIOBTv3_g14055-D3	Solyc01g006390.2.1
NIOBTv3_g17299	Solyc02g071090.3.1
NIOBTv3_g62774-D4	Solyc07g049360.3.1
NIOBTv3_g07331	Solyc05g007140.3.1
NIOBTv3_g27509	Solyc01g079550.2.1
NIOBTv3_g26822	Solyc08g042030.2.1
NIOBTv3_g10250	Solyc06g072550.3.1
NIOBTv3_g28162	Solyc01g099330.3.1
NIOBTv3_g38473	Solyc00g160780.2.1
NIOBTv3_g41703	Solyc04g078540.3.1
NIOBTv3_g15729	Solyc06g005330.3.1
NIOBTv3_g32754	Solyc05g009310.3.1
NIOBTv3_g17420	Solyc05g052450.3.1
NIOBTv3_g05963-D3	Solyc07g043640.3.1
NIOBTv3_g08909	Solyc01g091465.1.1
NIOBTv3_g45817	Solyc02g084700.3.1
NIOBTv3_g08912	Solyc01g068410.3.1
NIOBTv3_g28201	Solyc10g047530.2.1
NIOBTv3_g14229	Solyc07g008560.3.1
NIOBTv3_g26498	Solyc12g008460.2.1
NIOBTv3_g06273	Solyc11g005770.2.1
NIOBTv3_g31549	Solyc01g073890.3.1
NIOBTv3_g27021-D2	Solyc02g092820.3.1
NIOBTv3_g40371	Solyc01g106060.3.1
NIOBTv3_g17399	Solyc09g065840.3.1
NIOBTv3_g31435	Solyc01g066450.3.1
NIOBTv3_g13325	Solyc02g071740.3.1
NIOBTv3_g04330	Solyc10g079460.1.1
NIOBTv3_g13115	Solyc06g065410.3.1
NIOBTv3_g03707	Solyc08g082670.3.1
NIOBTv3_g03707	Solyc08g082670.3.1
NIOBTv3_g35715	Solyc00g014850.1.1
NIOBTv3_g18235	Solyc08g066490.3.1
NIOBTv3_g28100	Solyc12g009240.1.1
NIOBTv3_g01355	Solyc05g009580.3.1
NIOBTv3_g20277	Solyc02g085110.3.1
NIOBTv3_g35323	Solyc05g007650.1.1
NIOBTv3_g18525	Solyc02g092490.3.1
NIOBTv3_g04186	Solyc09g019980.3.1
NIOBTv3_g38493	Solyc03g116510.1.1
NIOBTv3_g08602	Solyc03g117640.1.1
NIOBTv3_g10765	Solyc12g013560.2.1
NIOBTv3_g11884	Solyc01g098770.1.1
NIOBTv3_g22884	Solyc04g007320.2.1
NIOBTv3_g36659	Solyc07g065660.3.1
NIOBTv3_g16324	Solyc01g103470.2.1
NIOBTv3_g02279	Solyc02g080290.3.1
NIOBTv3_g00699	Solyc10g076910.2.1
NIOBTv3_g27858	Solyc03g119140.3.1
NIOBTv3_g34912	Solyc05g008250.2.1
NIOBTv3_g24481	Solyc05g006390.1.1
NIOBTv3_g16194	Solyc08g081590.2.1
NIOBTv3_g02684	Solyc04g076670.3.1
NIOBTv3_g15581	Solyc06g062660.3.1
NIOBTv3_g21519-D2	Solyc02g071710.2.1
NIOBTv3_g27290	Solyc02g080880.3.1
NIOBTv3_g59916	Solyc12g055710.1.1
NIOBTv3_g35919	Solyc01g100040.3.1
NIOBTv3_g21042	Solyc10g009110.1.1
NIOBTv3_g34390	Solyc02g088000.3.1
NIOBTv3_g29515	Solyc04g072000.3.1
NIOBTv3_g04608	Solyc07g053720.3.1
NIOBTv3_g11864	Solyc06g050860.3.1
NIOBTv3_g07862	Solyc01g079360.3.1
NIOBTv3_g21070	Solyc11g062400.2.1
NIOBTv3_g31043	Solyc10g006920.3.1
NIOBTv3_g34524	Solyc06g073050.2.1
NIOBTv3_g05296	Solyc12g010480.2.1
NIOBTv3_g28630	Solyc02g068670.2.1
NIOBTv3_g25304	Solyc05g053010.1.1
NIOBTv3_g30116	Solyc03g119240.3.1
NIOBTv3_g04369	Solyc02g064710.3.1
NIOBTv3_g55683	Solyc02g090870.1.1
NIOBTv3_g18869-D2	Solyc04g078620.3.1
NIOBTv3_g33668	Solyc06g051210.3.1
NIOBTv3_g20438	Solyc10g048190.1.1
NIOBTv3_g10109-D2	Solyc06g073480.3.1
NIOBTv3_g05633	Solyc02g084960.1.1
NIOBTv3_g29869	Solyc11g006240.1.1
NIOBTv3_g16746	Solyc09g082790.3.1
NIOBTv3_g36822-D5	Solyc06g006020.2.1
NIOBTv3_g03684	Solyc11g045240.2.1
NIOBTv3_g17082	Solyc01g068630.3.1
NIOBTv3_g02036	Solyc11g006710.2.1
NIOBTv3_g03880	Solyc08g078500.3.1
NIOBTv3_g24255	Solyc01g102700.3.1
NIOBTv3_g29039	Solyc01g106390.3.1
NIOBTv3_g31239	Solyc06g053420.3.1
NIOBTv3_g30323	Solyc03g096090.3.1
NIOBTv3_g24751	Solyc04g056380.3.1
NIOBTv3_g20277	Solyc02g085110.3.1
NIOBTv3_g28446	Solyc02g093680.3.1
NIOBTv3_g11277	Solyc01g090120.3.1
NIOBTv3_g38996	Solyc09g082460.3.1
NIOBTv3_g32709	Solyc01g073910.3.1
NIOBTv3_g15751	Solyc07g040710.3.1
NIOBTv3_g17273	Solyc02g086140.1.1
NIOBTv3_g40381	Solyc01g066440.3.1
NIOBTv3_g30618	Solyc04g014260.2.1
NIOBTv3_g21656-D2	Solyc03g093080.3.1
NIOBTv3_g17530	Solyc07g041940.3.1
NIOBTv3_g04628	Solyc04g016060.1.1
NIOBTv3_g27202	Solyc01g009715.1.1
NIOBTv3_g22632-D2	Solyc02g071730.3.1
NIOBTv3_g36104	Solyc03g118810.1.1
NIOBTv3_g37117	Solyc06g083270.3.1
NIOBTv3_g12575	Solyc08g005320.3.1
NIOBTv3_g56889	Solyc11g011570.1.1
NIOBTv3_g34962	Solyc01g010135.1.1
NIOBTv3_g28180	Solyc01g095080.3.1
NIOBTv3_g15800	Solyc05g026490.3.1
NIOBTv3_g04123	Solyc03g031790.1.1
NIOBTv3_g04365	Solyc08g068280.1.1
NIOBTv3_g24172	Solyc07g006020.3.1
NIOBTv3_g23849	Solyc07g063990.1.1
NIOBTv3_g38529	Solyc02g083285.1.1
NIOBTv3_g18443	Solyc07g062480.1.1
NIOBTv3_g09275	Solyc11g031950.1.1
NIOBTv3_g13198	Solyc03g113220.3.1
NIOBTv3_g08791	Solyc03g058400.3.1
NIOBTv3_g06452	Solyc12g014400.2.1
NIOBTv3_g64380	Solyc07g007080.1.1
NIOBTv3_g20956	Solyc00g013140.2.1
NIOBTv3_g10448	Solyc09g007110.3.1
NIOBTv3_g09125	Solyc10g006510.3.1
NIOBTv3_g35775	Solyc03g025170.1.1
NIOBTv3_g32216	Solyc01g099370.3.1
NIOBTv3_g16909	Solyc06g066390.2.1
NIOBTv3_g16909	Solyc06g066390.2.1
NIOBTv3_g08814	Solyc03g120175.1.1
NIOBTv3_g36174	Solyc03g034030.3.1
NIOBTv3_g03746	Solyc08g062360.3.1
NIOBTv3_g64623	Solyc05g052400.3.1
NIOBTv3_g63166	Solyc01g110110.3.1
NIOBTv3_g21415	Solyc10g062160.2.1
NIOBTv3_g23572	Solyc01g097840.3.1
NIOBTv3_g24955	Solyc06g060610.2.1
NIOBTv3_g30061	Solyc08g069140.3.1
NIOBTv3_g14172	Solyc08g007580.3.1
NIOBTv3_g33562	Solyc03g082840.3.1
NIOBTv3_g10619	Solyc02g087210.3.1
NIOBTv3_g36482	Solyc03g118480.3.1
NIOBTv3_g04190	Solyc08g075240.3.1
NIOBTv3_g37289	Solyc12g005700.2.1
NIOBTv3_g23016	Solyc10g050970.1.1
NIOBTv3_g00311	Solyc04g079080.2.1
NIOBTv3_g13077	Solyc12g019480.2.1
NIOBTv3_g24357	Solyc09g091780.3.1
NIOBTv3_g32286	Solyc02g088070.3.1
NIOBTv3_g09858	Solyc06g060380.3.1
NIOBTv3_g61963	Solyc02g079990.3.1
NIOBTv3_g41460	Solyc09g042710.3.1
NIOBTv3_g65249-D3	Solyc03g071620.1.1
NIOBTv3_g31942	Solyc03g005420.2.1
NIOBTv3_g38092	Solyc01g090550.3.1
NIOBTv3_g11661-D2	Solyc07g064290.3.1
NIOBTv3_g02578	Solyc09g005080.1.1
NIOBTv3_g00271	Solyc01g090270.3.1
NIOBTv3_g00271	Solyc01g090270.3.1
NIOBTv3_g41166	Solyc07g064650.2.1
NIOBTv3_g30959	Solyc01g102400.3.1
NIOBTv3_g18632	Solyc08g005280.2.1
NIOBTv3_g14042	Solyc04g077450.3.1
NIOBTv3_g15146	Solyc02g067780.3.1
NIOBTv3_g51246	Solyc11g056270.2.1
NIOBTv3_g01833	Solyc04g082430.3.1
NIOBTv3_g33344	Solyc05g054760.3.1
NIOBTv3_g17509	Solyc11g006830.2.1
NIOBTv3_g36954	Solyc10g076660.2.1
NIOBTv3_g18529	Solyc02g092190.1.1
NIOBTv3_g05906	Solyc02g071530.2.1
NIOBTv3_g19053	Solyc07g006620.3.1
NIOBTv3_g02423	Solyc02g077080.3.1
NIOBTv3_g15068	Solyc01g097330.3.1
NIOBTv3_g04040	Solyc11g066800.2.1
NIOBTv3_g40371	Solyc01g106060.3.1
NIOBTv3_g22690	Solyc06g062750.3.1
NIOBTv3_g03117	Solyc02g092210.1.1
NIOBTv3_g29237	Solyc06g074420.1.1
NIOBTv3_g30862	Solyc08g007820.1.1
NIOBTv3_g07752	Solyc09g010090.4.1
NIOBTv3_g25645	Solyc08g078940.1.1
NIOBTv3_g36716	Solyc09g065590.3.1
NIOBTv3_g03002	Solyc09g090670.3.1
NIOBTv3_g06089	Solyc11g069970.1.1
NIOBTv3_g21676	Solyc10g049630.2.1
NIOBTv3_g34972	Solyc05g014540.3.1
NIOBTv3_g39851	Solyc07g006410.1.1
NIOBTv3_g12854	Solyc04g080660.3.1
NIOBTv3_g30784	Solyc05g009500.3.1
NIOBTv3_g06894-D5	Solyc03g097600.3.1
NIOBTv3_g12336	Solyc02g093060.3.1
NIOBTv3_g04018	Solyc12g099970.2.1
NIOBTv3_g13936	Solyc12g010040.2.1
NIOBTv3_g37155	Solyc04g015530.2.1
NIOBTv3_g22023	Solyc04g078460.3.1
NIOBTv3_g06479	Solyc03g079960.3.1
NIOBTv3_g34710	Solyc07g051950.3.1
NIOBTv3_g19262	Solyc03g116890.3.1
NIOBTv3_g08883	Solyc06g053455.1.1
NIOBTv3_g18474	Solyc01g079507.1.1
NIOBTv3_g08056	Solyc04g082280.3.1
NIOBTv3_g00683	Solyc01g098400.3.1
NIOBTv3_g40279-D2	Solyc09g098130.2.1
NIOBTv3_g10473	Solyc02g086490.3.1
NIOBTv3_g56990-D2	Solyc07g006390.2.1
NIOBTv3_g19016	Solyc02g066980.1.1
NIOBTv3_g17515	Solyc03g005460.3.1
NIOBTv3_g17408	Solyc02g085650.3.1
NIOBTv3_g05156	Solyc10g076200.2.1
NIOBTv3_g37072	Solyc08g076870.1.1
NIOBTv3_g06157	Solyc02g070700.2.1
NIOBTv3_g37442	Solyc02g081340.3.1
NIOBTv3_g27411	Solyc09g065850.3.1
NIOBTv3_g01060	Solyc07g056480.3.1
NIOBTv3_g31595	Solyc03g093330.3.1
NIOBTv3_g15286	Solyc08g075230.1.1
NIOBTv3_g41030	Solyc01g107760.3.1
NIOBTv3_g23320	Solyc05g007690.2.1
NIOBTv3_g29228	Solyc02g079570.3.1
NIOBTv3_g02625	Solyc07g045140.3.1
NIOBTv3_g05684-D4	Solyc03g120900.2.1
NIOBTv3_g19652	Solyc10g079755.1.1
NIOBTv3_g23955	Solyc01g106360.3.1
NIOBTv3_g24796	Solyc02g083450.3.1
NIOBTv3_g37593	Solyc08g008020.1.1
NIOBTv3_g31475	Solyc05g006990.3.1
NIOBTv3_g15577	Solyc06g063120.3.1
NIOBTv3_g40794	Solyc04g076640.2.1
NIOBTv3_g15022	Solyc03g080150.3.1
NIOBTv3_g27091	Solyc02g079160.2.1
NIOBTv3_g20966	Solyc01g096540.3.1
NIOBTv3_g13138	Solyc09g009040.3.1
NIOBTv3_g13563	Solyc05g008110.3.1
NIOBTv3_g07835	Solyc10g055680.1.1
NIOBTv3_g41828	Solyc03g093560.1.1
NIOBTv3_g01770	Solyc06g061190.1.1
NIOBTv3_g12353	Solyc03g097320.3.1
NIOBTv3_g22751	Solyc11g068570.1.1
NIOBTv3_g12219	Solyc08g066850.3.1
NIOBTv3_g24357	Solyc09g091780.3.1
NIOBTv3_g02330	Solyc12g056990.1.1
NIOBTv3_g03401	Solyc08g079300.3.1
NIOBTv3_g01105	Solyc07g065510.3.1
NIOBTv3_g22097	Solyc04g007000.1.1
NIOBTv3_g31788	Solyc10g008460.3.1
NIOBTv3_g14901	Solyc12g006660.2.1
NIOBTv3_g17606	Solyc03g078230.3.1
NIOBTv3_g39003	Solyc05g009360.3.1
NIOBTv3_g17424	Solyc06g050500.2.1
NIOBTv3_g26511	Solyc05g047530.3.1
NIOBTv3_g23043	Solyc08g079590.2.1
NIOBTv3_g24542	Solyc03g033710.3.1
NIOBTv3_g07602	Solyc12g098620.2.1
NIOBTv3_g06233	Solyc01g098940.3.1
NIOBTv3_g17289	Solyc11g006980.1.1
NIOBTv3_g26353	Solyc01g049680.3.1
NIOBTv3_g00808	Solyc12g098753.1.1
NIOBTv3_g03113	Solyc02g063350.1.1
NIOBTv3_g09582	Solyc11g020050.1.1
NIOBTv3_g29884	Solyc03g123410.1.1
NIOBTv3_g31530	Solyc07g042430.1.1
NIOBTv3_g23067	Solyc01g110570.3.1
NIOBTv3_g59043-D73	Solyc02g061930.2.1
NIOBTv3_g59043-D73	Solyc02g061930.2.1
NIOBTv3_g12534	Solyc02g092370.1.1
NIOBTv3_g02179	Solyc07g016080.3.1
NIOBTv3_g00611	Solyc03g083000.3.1
NIOBTv3_g21493	Solyc04g081450.3.1
NIOBTv3_g05365	Solyc01g088690.3.1
NIOBTv3_g24704-D2	Solyc11g011580.2.1
NIOBTv3_g14329	Solyc02g077290.2.1
NIOBTv3_g02787	Solyc03g112550.3.1
NIOBTv3_g24566	Solyc02g085830.3.1
NIOBTv3_g41099	Solyc06g005280.1.1
NIOBTv3_g00991	Solyc12g099430.2.1
NIOBTv3_g32056-D4	Solyc07g006600.1.1
NIOBTv3_g27559	Solyc09g007920.3.1
NIOBTv3_g07058	Solyc06g060770.3.1
NIOBTv3_g04962	Solyc06g082180.2.1
NIOBTv3_g29695	Solyc07g014730.3.1
NIOBTv3_g02096	Solyc12g014590.2.1
NIOBTv3_g08470	Solyc08g036570.1.1
NIOBTv3_g04043	Solyc08g007860.3.1
NIOBTv3_g11037	Solyc06g060230.3.1
NIOBTv3_g61331	Solyc02g077250.2.1
NIOBTv3_g39004	Solyc05g009340.1.1
NIOBTv3_g21798	Solyc02g085150.3.1
NIOBTv3_g13169	Solyc06g063130.3.1
NIOBTv3_g22540	Solyc08g065440.3.1
NIOBTv3_g38562	Solyc11g005700.1.1
NIOBTv3_g34858	Solyc04g078500.1.1
NIOBTv3_g34355	Solyc01g091350.3.1
NIOBTv3_g30949	Solyc01g097920.3.1
NIOBTv3_g11992	Solyc12g010360.2.1
NIOBTv3_g14070	Solyc01g099745.1.1
NIOBTv3_g10396	Solyc02g063160.3.1
NIOBTv3_g12538	Solyc11g009040.2.1
NIOBTv3_g31461	Solyc01g097510.3.1
NIOBTv3_g04380	Solyc02g072030.1.1
NIOBTv3_g07830	Solyc10g086220.2.1
NIOBTv3_g37983	Solyc11g005760.2.1
NIOBTv3_g10947	Solyc03g093140.3.1
NIOBTv3_g59895	Solyc05g050210.3.1
NIOBTv3_g22310	Solyc02g084000.3.1
NIOBTv3_g17209	Solyc06g076200.1.1
NIOBTv3_g19941	Solyc06g076350.3.1
NIOBTv3_g12857-D6	Solyc01g005870.2.1
NIOBTv3_g12857-D6	Solyc01g005870.2.1
NIOBTv3_g27300	Solyc12g042880.2.1
NIOBTv3_g03550	Solyc06g074230.3.1
NIOBTv3_g08353	Solyc07g041830.3.1
NIOBTv3_g04007	Solyc04g071770.3.1
NIOBTv3_g36950	Solyc09g014310.3.1
NIOBTv3_g07911	Solyc11g008200.1.1
NIOBTv3_g10816	Solyc06g050920.3.1
NIOBTv3_g19695	Solyc05g041920.3.1
NIOBTv3_g39200	Solyc06g069290.3.1
NIOBTv3_g28489	Solyc07g018300.3.1
NIOBTv3_g32573	Solyc03g117720.3.1
NIOBTv3_g40013	Solyc07g056230.3.1
NIOBTv3_g21847	Solyc03g119820.1.1
NIOBTv3_g38635	Solyc11g066230.1.1
NIOBTv3_g02927	Solyc03g093620.1.1
NIOBTv3_g34330	Solyc07g052930.3.1
NIOBTv3_g38480-D27	Solyc04g015980.3.1
NIOBTv3_g04802	Solyc07g066350.1.1
NIOBTv3_g14444	Solyc09g098270.3.1
NIOBTv3_g25038	Solyc07g055300.3.1
NIOBTv3_g09392	Solyc02g068280.3.1
NIOBTv3_g15426	Solyc09g014710.3.1
NIOBTv3_g24179	Solyc10g009390.3.1
NIOBTv3_g29651	Solyc08g067250.3.1
NIOBTv3_g19016	Solyc02g066980.1.1
NIOBTv3_g03126	Solyc02g090490.3.1
NIOBTv3_g21944	Solyc03g033550.3.1
NIOBTv3_g14402	Solyc02g090980.1.1
NIOBTv3_g05232	Solyc04g076400.3.1
NIOBTv3_g36822-D3	Solyc06g006040.2.1
NIOBTv3_g36822-D3	Solyc06g006040.2.1
NIOBTv3_g39166	Solyc01g088590.4.1
NIOBTv3_g13622	Solyc02g071880.3.1
NIOBTv3_g40690	Solyc10g083170.2.1
NIOBTv3_g55405	Solyc10g077131.1.1
NIOBTv3_g06424-D2	Solyc06g008510.3.1
NIOBTv3_g07063	Solyc02g091250.1.1
NIOBTv3_g62328-D4	Solyc10g075100.2.1
NIOBTv3_g38184	Solyc08g062940.3.1
NIOBTv3_g29386	Solyc12g014530.2.1
NIOBTv3_g09901	Solyc07g064990.3.1
NIOBTv3_g12511-D2	Solyc08g007240.3.1
NIOBTv3_g65975-D3	Solyc10g048060.1.1
NIOBTv3_g38215	Solyc02g086585.1.1
NIOBTv3_g26298	Solyc07g063860.3.1
NIOBTv3_g13317	Solyc02g087580.3.1
NIOBTv3_g40399	Solyc06g083760.3.1
NIOBTv3_g28845	Solyc03g094000.3.1
NIOBTv3_g37246	Solyc05g014510.3.1
NIOBTv3_g10107	Solyc01g081115.1.1
NIOBTv3_g19136	Solyc11g007660.1.1
NIOBTv3_g07607	Solyc04g008385.1.1
NIOBTv3_g07225	Solyc10g074950.2.1
NIOBTv3_g33095	Solyc06g060140.3.1
NIOBTv3_g34223	Solyc02g088710.3.1
NIOBTv3_g15386	Solyc10g080550.2.1
NIOBTv3_g28641	Solyc01g094420.3.1
NIOBTv3_g22769	Solyc10g086430.2.1
NIOBTv3_g29043	Solyc01g106460.3.1
NIOBTv3_g40025	Solyc04g079800.3.1
NIOBTv3_g13624	Solyc02g071820.3.1
NIOBTv3_g36392-D2	Solyc01g098330.1.1
NIOBTv3_g23886	Solyc08g067620.2.1
NIOBTv3_g15426	Solyc09g014710.3.1
NIOBTv3_g08952	Solyc12g019050.2.1
NIOBTv3_g29120	Solyc07g008440.3.1
NIOBTv3_g41469	Solyc06g074000.1.1
NIOBTv3_g26226	Solyc02g085010.1.1
NIOBTv3_g35974	Solyc03g113250.3.1
NIOBTv3_g05630	Solyc02g084980.3.1
NIOBTv3_g23077	Solyc01g091860.3.1
NIOBTv3_g19190	Solyc12g057080.2.1
NIOBTv3_g14525	Solyc03g123380.1.1
NIOBTv3_g63142	Solyc12g042370.2.1
NIOBTv3_g04030	Solyc11g066730.2.1
NIOBTv3_g02552	Solyc10g055720.2.1
NIOBTv3_g25089	Solyc03g026270.3.1
NIOBTv3_g02664	Solyc06g072340.3.1
NIOBTv3_g04094	Solyc01g081040.3.1
NIOBTv3_g31365	Solyc11g007530.2.1
NIOBTv3_g37020	Solyc07g062685.1.1
NIOBTv3_g24232	Solyc12g006480.2.1
NIOBTv3_g06506	Solyc04g007690.3.1
NIOBTv3_g19236	Solyc11g011210.2.1
NIOBTv3_g00168	Solyc04g049140.3.1
NIOBTv3_g24404	Solyc02g065220.3.1
NIOBTv3_g40889-D2	Solyc04g016230.3.1
NIOBTv3_g14682	Solyc09g091910.2.1
NIOBTv3_g37522	Solyc12g088940.2.1
NIOBTv3_g10173	Solyc01g110570.3.1
NIOBTv3_g19893	Solyc04g007580.1.1
NIOBTv3_g21385	Solyc02g062550.3.1
NIOBTv3_g08786	Solyc09g082670.3.1
NIOBTv3_g11015	Solyc02g080615.1.1
NIOBTv3_g32036	Solyc02g079080.2.1
NIOBTv3_g32110	Solyc11g040340.2.1
NIOBTv3_g14243	Solyc03g112180.1.1
NIOBTv3_g24918	Solyc09g065280.3.1
NIOBTv3_g32412	Solyc03g113130.3.1
NIOBTv3_g16426	Solyc02g063000.3.1
NIOBTv3_g07598	Solyc08g067300.1.1
NIOBTv3_g16357-D2	Solyc03g118340.3.1
NIOBTv3_g11666	Solyc04g009960.3.1
NIOBTv3_g11423	Solyc04g054260.3.1
NIOBTv3_g60060	Solyc04g074580.1.1
NIOBTv3_g09907	Solyc07g065040.3.1
NIOBTv3_g37774	Solyc02g071420.3.1
NIOBTv3_g30166	Solyc05g016310.1.1
NIOBTv3_g20167	Solyc12g094600.2.1
NIOBTv3_g29565	Solyc06g074800.1.1
NIOBTv3_g33780	Solyc01g007000.3.1
NIOBTv3_g25689	Solyc06g062440.3.1
NIOBTv3_g04487	Solyc01g005470.3.1
NIOBTv3_g37265	Solyc07g066510.3.1
NIOBTv3_g26447	Solyc09g090910.2.1
NIOBTv3_g23948-D5	Solyc07g063735.1.1
NIOBTv3_g13207	Solyc07g062780.3.1
NIOBTv3_g32258	Solyc04g072740.3.1
NIOBTv3_g30310	Solyc09g083390.2.1
NIOBTv3_g19391	Solyc12g008960.2.1
NIOBTv3_g31273	Solyc03g114070.3.1
NIOBTv3_g31040	Solyc04g082380.3.1
NIOBTv3_g27257	Solyc06g034360.2.1
NIOBTv3_g64617	Solyc01g110870.3.1
NIOBTv3_g42852	Solyc02g077110.3.1
NIOBTv3_g43169	Solyc12g088530.2.1
NIOBTv3_g33537	Solyc07g007530.1.1
NIOBTv3_g34571-D3	Solyc07g053680.2.1
NIOBTv3_g24905-D2	Solyc10g087040.2.1
NIOBTv3_g50672	Solyc06g068210.2.1
NIOBTv3_g57726-D57	Solyc01g057480.2.1
NIOBTv3_g21977	Solyc01g090550.3.1
NIOBTv3_g04344	Solyc01g095450.3.1
NIOBTv3_g05426	Solyc12g042600.2.1
NIOBTv3_g38116	Solyc01g079570.3.1
NIOBTv3_g22007	Solyc02g077170.2.1
NIOBTv3_g60971-D4	Solyc02g088160.3.1
NIOBTv3_g37168-D2	Solyc01g008550.4.1
NIOBTv3_g15103	Solyc06g060860.2.1
NIOBTv3_g20281	Solyc02g085090.1.1
NIOBTv3_g22191	Solyc07g066020.2.1
NIOBTv3_g18578-D4	Solyc03g121540.3.1
NIOBTv3_g31404	Solyc02g078900.3.1
NIOBTv3_g05979-D2	Solyc09g011500.3.1
NIOBTv3_g13186-D2	Solyc01g104390.2.1
NIOBTv3_g33694	Solyc02g076710.3.1
NIOBTv3_g19376	Solyc01g079150.3.1
NIOBTv3_g29931	Solyc02g078450.3.1
NIOBTv3_g06238	Solyc10g009320.3.1
NIOBTv3_g25081	Solyc07g007440.1.1
NIOBTv3_g30711	Solyc08g065380.3.1
NIOBTv3_g36072	Solyc02g078910.3.1
NIOBTv3_g26138	Solyc04g008510.3.1
NIOBTv3_g33609	Solyc02g062800.2.1
NIOBTv3_g34806	Solyc03g120860.2.1
NIOBTv3_g29504-D2	Solyc08g077970.2.1
NIOBTv3_g39988	Solyc08g075010.3.1
NIOBTv3_g04796	Solyc09g092280.1.1
NIOBTv3_g30422	Solyc04g054250.3.1
NIOBTv3_g34425	Solyc06g074150.3.1
NIOBTv3_g26358	Solyc02g093580.3.1
NIOBTv3_g40297	Solyc01g105920.3.1
NIOBTv3_g02421	Solyc09g090360.3.1
NIOBTv3_g20368	Solyc03g083500.3.1
NIOBTv3_g61702	Solyc06g051320.3.1
NIOBTv3_g14135	Solyc06g071150.3.1
NIOBTv3_g57433	Solyc07g041190.3.1
NIOBTv3_g26483	Solyc03g006780.2.1
NIOBTv3_g42777	Solyc05g014720.3.1
NIOBTv3_g22370	Solyc01g107980.3.1
NIOBTv3_g25718	Solyc03g118440.2.1
NIOBTv3_g15890	Solyc04g015600.3.1
NIOBTv3_g64083	Solyc04g074810.3.1
NIOBTv3_g06123	Solyc01g108745.1.1
NIOBTv3_g32623	Solyc11g068530.1.1
NIOBTv3_g18587	Solyc01g080480.3.1
NIOBTv3_g17054	Solyc04g080200.3.1
NIOBTv3_g09216-D3	Solyc08g077530.3.1
NIOBTv3_g02412	Solyc01g079920.3.1
NIOBTv3_g23251	Solyc08g067580.2.1
NIOBTv3_g10376	Solyc01g065720.3.1
NIOBTv3_g00527	Solyc00g227860.1.1
NIOBTv3_g21365	Solyc11g005340.2.1
NIOBTv3_g09797	Solyc10g006740.3.1
NIOBTv3_g14741	Solyc07g041000.3.1
NIOBTv3_g31283	Solyc04g074760.3.1
NIOBTv3_g59078-D5	Solyc10g005510.3.1
NIOBTv3_g39160	Solyc06g054660.1.1
NIOBTv3_g57869-D2	Solyc03g044840.1.1
NIOBTv3_g16031	Solyc06g075420.1.1
NIOBTv3_g05060	Solyc10g079980.1.1
NIOBTv3_g15746	Solyc12g095990.2.1
NIOBTv3_g23886	Solyc08g067620.2.1
NIOBTv3_g11867	Solyc09g075970.3.1
NIOBTv3_g22226	Solyc07g063905.1.1
NIOBTv3_g22299	Solyc02g082950.3.1
NIOBTv3_g65745	Solyc06g054120.2.1
NIOBTv3_g25108	Solyc07g055810.3.1
NIOBTv3_g24774	Solyc08g081540.3.1
NIOBTv3_g00970	Solyc12g010750.2.1
NIOBTv3_g13484	Solyc01g096300.3.1
NIOBTv3_g24113	Solyc11g063610.2.1
NIOBTv3_g60383-D2	Solyc06g075360.3.1
NIOBTv3_g24588	Solyc01g101110.3.1
NIOBTv3_g07131	Solyc02g063230.1.1
NIOBTv3_g22391	Solyc08g079770.3.1
NIOBTv3_g23418	Solyc01g112070.3.1
NIOBTv3_g28341	Solyc03g115100.3.1
NIOBTv3_g23323	Solyc01g086640.2.1
NIOBTv3_g23304	Solyc04g078880.3.1
NIOBTv3_g09766	Solyc03g098070.3.1
NIOBTv3_g07690	Solyc11g068750.2.1
NIOBTv3_g41474	Solyc02g090790.1.1
NIOBTv3_g15842	Solyc04g080080.3.1
NIOBTv3_g17193	Solyc11g071280.2.1
NIOBTv3_g64617	Solyc01g110870.3.1
NIOBTv3_g10133	Solyc09g015040.1.1
NIOBTv3_g02219	Solyc07g062310.3.1
NIOBTv3_g54771	Solyc01g010060.2.1
NIOBTv3_g38647	Solyc05g054410.3.1
NIOBTv3_g09631	Solyc06g050250.1.1
NIOBTv3_g39810	Solyc07g005520.1.1
NIOBTv3_g31407	Solyc07g056170.3.1
NIOBTv3_g28474	Solyc04g064763.1.1
NIOBTv3_g13593	Solyc02g094460.2.1
NIOBTv3_g17209	Solyc06g076200.1.1
NIOBTv3_g38537	Solyc02g036440.3.1
NIOBTv3_g18499	Solyc07g042260.3.1
NIOBTv3_g04102	Solyc01g081000.3.1
NIOBTv3_g13083	Solyc01g106950.3.1
NIOBTv3_g36564	Solyc04g079920.3.1
NIOBTv3_g04028	Solyc07g053630.3.1
NIOBTv3_g35233	Solyc03g082690.3.1
NIOBTv3_g09077	Solyc11g011360.2.1
NIOBTv3_g56127	Solyc05g013470.3.1
NIOBTv3_g14104	Solyc11g072730.2.1
NIOBTv3_g07482	Solyc01g112220.3.1
NIOBTv3_g14806	Solyc03g097590.3.1
NIOBTv3_g16690	Solyc01g005300.3.1
